customer_id,total_orders,total_spending,avg_order_value,return_rate,avg_delivery_days,days_since_last_order,age,membership_type,churn
2,3,6229.49896,2076.4996533333333,0.0,4.666666666666667,3,33.0,Silver,0
3,6,24102.462099999997,4017.077016666666,0.0,3.1666666666666665,107,25.0,Standard,1
4,5,14400.8129,2880.16258,0.0,3.0,13,26.0,Standard,1
5,8,76312.80669,9539.10083625,0.0,3.5,19,27.0,Standard,0
6,3,50020.162970000005,16673.38765666667,0.0,3.0,440,24.0,Standard,1
8,9,256623.37537,28513.708374444443,0.0,4.555555555555555,116,26.0,Gold,1
9,4,4776.58755,1194.1468875,0.25,2.75,67,33.0,Standard,0
11,1,1978.7734400000002,1978.7734400000002,0.0,4.0,149,19.0,Standard,0
12,29,292735.0708,10094.312786206896,0.06896551724137931,4.551724137931035,23,40.0,Silver,0
13,2,3076.29457,1538.147285,0.0,2.0,122,32.0,Standard,1
14,1,963.24804,963.24804,0.0,2.0,684,38.0,Standard,0
15,2,89141.06,44570.53,0.5,3.5,232,37.0,Standard,0
16,4,146969.52826,36742.382065,0.0,2.5,147,26.0,Gold,0
18,2,3556.6566399999997,1778.3283199999998,0.5,4.5,11,38.0,Standard,1
19,24,280216.17497,11675.673957083332,0.08333333333333333,3.5833333333333335,5,18.0,Standard,0
22,7,58591.54841,8370.221201428572,0.0,4.714285714285714,85,30.0,Standard,0
23,8,91329.29456,11416.16182,0.0,4.25,3,27.0,Standard,0
25,5,20459.92881,4091.9857620000002,0.4,5.4,0,26.0,Standard,0
26,3,7481.019759999999,2493.673253333333,0.3333333333333333,3.0,0,18.0,Standard,0
28,9,105614.73594999999,11734.97066111111,0.1111111111111111,4.111111111111111,30,41.0,Standard,0
29,4,122443.52773999999,30610.881934999998,0.0,4.25,45,28.0,Standard,0
32,1,326.52906,326.52906,0.0,6.0,17,34.0,Standard,0
33,4,132935.12651,33233.7816275,0.25,4.75,54,22.0,Premium,0
34,14,65168.26041999999,4654.875744285714,0.07142857142857142,3.2142857142857144,6,43.0,Standard,0
35,2,4277.53486,2138.76743,0.0,4.0,491,31.0,Standard,0
36,1,1502.02368,1502.02368,0.0,1.0,28,27.0,Standard,1
37,7,54530.282510000005,7790.040358571429,0.2857142857142857,3.4285714285714284,2,34.0,Silver,0
38,3,29115.35018,9705.116726666667,0.0,3.6666666666666665,57,30.0,Silver,1
39,7,102415.04942,14630.721345714284,0.0,3.5714285714285716,67,43.0,Standard,1
40,6,25739.8576,4289.976266666667,0.0,4.166666666666667,19,43.0,Standard,0
42,1,15215.836249999998,15215.836249999998,1.0,8.0,50,38.0,Standard,1
43,1,470.57136,470.57136,0.0,3.0,54,36.0,Standard,1
44,2,9172.57752,4586.28876,0.0,4.0,163,29.0,Gold,0
45,3,13518.864360000001,4506.28812,0.0,3.3333333333333335,65,40.0,Standard,1
46,1,22887.88656,22887.88656,0.0,3.0,682,31.0,Gold,0
47,1,455.39005,455.39005,1.0,3.0,42,18.0,Silver,1
48,7,16943.99873,2420.571247142857,0.0,3.5714285714285716,23,41.0,Silver,1
49,1,72292.72996,72292.72996,0.0,4.0,760,33.0,Standard,1
50,1,8210.52792,8210.52792,0.0,5.0,678,31.0,Standard,1
51,1,8898.484339999999,8898.484339999999,0.0,4.0,4,40.0,Silver,1
53,15,94130.96333,6275.397555333333,0.06666666666666667,3.6666666666666665,14,34.0,Standard,0
54,1,570.6387,570.6387,0.0,2.0,468,39.0,Standard,1
55,2,10107.022819999998,5053.511409999999,0.0,2.5,57,38.0,Silver,1
56,22,82380.04609,3744.547549545455,0.0,3.3181818181818183,33,28.0,Standard,0
57,2,1582.25796,791.12898,0.0,3.5,464,22.0,Silver,1
58,1,305893.2968,305893.2968,0.0,6.0,358,39.0,Premium,1
59,26,787153.3012100001,30275.126969615387,0.038461538461538464,4.3076923076923075,65,29.0,Premium,0
60,17,478044.37796,28120.257527058824,0.058823529411764705,2.8823529411764706,11,37.0,Standard,1
61,1,17914.72608,17914.72608,0.0,4.0,108,22.0,Gold,0
62,1,3647.78208,3647.78208,0.0,6.0,204,26.0,Standard,0
63,44,731713.0475900001,16629.84199068182,0.045454545454545456,4.386363636363637,19,40.0,Silver,1
66,1,54570.38856000001,54570.38856000001,0.0,5.0,50,33.0,Silver,0
67,7,69000.92574,9857.275105714287,0.0,2.7142857142857144,56,33.0,Standard,1
68,4,527363.56452,131840.89113,0.25,2.75,13,32.0,Standard,0
69,2,1840.1009000000001,920.0504500000001,0.0,3.0,186,18.0,Standard,1
71,2,91228.50352000001,45614.25176000001,0.5,3.5,360,45.0,Silver,1
72,3,14072.03307,4690.6776899999995,0.3333333333333333,3.3333333333333335,138,32.0,Standard,0
74,37,720466.9752999999,19472.08041351351,0.05405405405405406,4.1891891891891895,15,38.0,Standard,0
75,3,12545.98907,4181.9963566666665,0.0,3.6666666666666665,211,24.0,Standard,1
76,5,44769.91558,8953.983116,0.0,2.6,167,45.0,Silver,0
77,32,182945.84664,5717.0577075,0.125,3.53125,22,34.0,Standard,0
78,26,159273.03908,6125.886118461538,0.038461538461538464,3.923076923076923,10,45.0,Silver,0
80,28,366651.78423,13094.706579642856,0.07142857142857142,3.0357142857142856,6,47.0,Standard,0
81,14,100533.63629000001,7180.974020714287,0.0,3.5,7,44.0,Standard,0
82,20,360831.34261,18041.5671305,0.0,3.55,61,42.0,Gold,0
83,7,41926.30061,5989.4715157142855,0.14285714285714285,4.285714285714286,214,29.0,Premium,0
84,2,19376.3517,9688.17585,0.0,3.5,72,31.0,Silver,0
85,1,2129.292,2129.292,0.0,5.0,524,37.0,Premium,0
86,11,96602.89444999999,8782.081313636363,0.09090909090909091,3.0,28,31.0,Standard,1
87,1,1419.98366,1419.98366,0.0,2.0,13,26.0,Gold,1
88,3,3743.30306,1247.7676866666668,0.0,5.0,86,32.0,Standard,0
89,6,25879.66105,4313.276841666667,0.0,3.8333333333333335,63,39.0,Silver,0
90,6,14698.403410000003,2449.733901666667,0.0,3.5,42,44.0,Standard,0
91,12,237372.23301999999,19781.019418333333,0.16666666666666666,4.333333333333333,106,18.0,Standard,1
92,3,13741.24215,4580.41405,0.3333333333333333,2.3333333333333335,284,20.0,Standard,1
93,3,5590.10923,1863.3697433333334,0.0,4.333333333333333,33,27.0,Standard,0
94,1,2512.0031400000003,2512.0031400000003,0.0,2.0,121,33.0,Gold,0
95,17,240049.16861,14120.53933,0.0,4.352941176470588,10,28.0,Premium,0
96,1,526.14888,526.14888,0.0,2.0,53,25.0,Standard,1
97,1,2205.74745,2205.74745,0.0,5.0,296,41.0,Silver,1
98,2,9044.47817,4522.239085,0.0,3.5,467,20.0,Standard,1
99,3,17668.60274,5889.534246666666,0.0,4.666666666666667,298,18.0,Standard,1
100,1,8163.114000000001,8163.114000000001,0.0,3.0,1024,46.0,Silver,0
101,1,11954.11932,11954.11932,0.0,5.0,396,27.0,Silver,1
102,1,1614.22712,1614.22712,0.0,4.0,88,32.0,Premium,0
103,1,7296.018239999999,7296.018239999999,0.0,1.0,356,41.0,Premium,1
105,43,832087.6407,19350.87536511628,0.09302325581395349,4.046511627906977,14,18.0,Standard,0
106,1,7185.39976,7185.39976,1.0,3.0,2,45.0,Standard,0
107,7,20729.760710000002,2961.3943871428573,0.0,3.7142857142857144,47,42.0,Premium,1
109,4,68653.42318,17163.355795,0.0,3.25,187,31.0,Standard,1
110,9,126725.89491,14080.65499,0.1111111111111111,3.111111111111111,1,39.0,Standard,0
111,1,522.52554,522.52554,0.0,3.0,13,27.0,Silver,1
113,35,585718.25459,16734.807274000003,0.08571428571428572,3.142857142857143,1,30.0,Standard,0
114,2,8235.60629,4117.803145,0.0,1.5,0,39.0,Standard,1
115,2,5013.16779,2506.583895,0.0,5.0,148,18.0,Silver,0
116,6,105167.53821,17527.923035,0.0,4.666666666666667,23,34.0,Gold,0
117,5,18224.31726,3644.863452,0.0,3.0,192,37.0,Gold,1
119,1,2283.45295,2283.45295,0.0,1.0,138,33.0,Premium,1
120,2,9332.863470000002,4666.431735000001,0.0,4.5,193,21.0,Standard,1
123,1,561.25744,561.25744,0.0,3.0,707,28.0,Premium,1
125,1,1196.61612,1196.61612,0.0,4.0,206,23.0,Standard,1
127,2,41238.1993,20619.09965,0.0,3.0,134,40.0,Standard,0
129,4,18684.20028,4671.05007,0.0,3.75,13,27.0,Standard,1
130,8,48611.73252,6076.466565,0.0,3.0,48,27.0,Standard,0
131,1,18271.91592,18271.91592,0.0,4.0,1,32.0,Standard,1
132,5,36999.78143,7399.956286000001,0.2,4.8,101,18.0,Premium,0
133,5,33664.71848,6732.943696,0.2,2.8,93,30.0,Standard,0
134,2,11851.59214,5925.79607,0.0,2.5,14,38.0,Standard,0
135,24,552086.7124000001,23003.61301666667,0.041666666666666664,3.5,6,29.0,Standard,0
136,1,1162.5919999999999,1162.5919999999999,0.0,4.0,64,30.0,Silver,1
137,17,119702.09427,7041.299662941176,0.058823529411764705,3.588235294117647,58,37.0,Silver,0
138,2,955.82368,477.91184,0.0,1.5,296,28.0,Standard,1
139,2,1991.9143199999999,995.9571599999999,0.0,4.0,122,23.0,Standard,0
140,25,271128.32217,10845.1328868,0.08,3.44,9,25.0,Standard,0
141,3,74039.12548,24679.708493333335,0.0,4.666666666666667,95,30.0,Silver,1
142,6,10075.155320000002,1679.1925533333335,0.3333333333333333,3.8333333333333335,282,31.0,Gold,1
143,30,202607.17635000002,6753.572545000001,0.03333333333333333,3.7,10,38.0,Standard,0
145,43,346778.53198,8064.617022790699,0.046511627906976744,3.953488372093023,22,25.0,Standard,0
148,1,549.95616,549.95616,0.0,4.0,57,31.0,Standard,1
150,3,9139.994690000001,3046.664896666667,0.0,3.6666666666666665,127,25.0,Silver,1
151,23,113731.09464,4944.830201739131,0.043478260869565216,3.0434782608695654,6,23.0,Silver,0
152,31,930685.5075599999,30022.113147096774,0.06451612903225806,3.225806451612903,12,30.0,Standard,0
155,5,24845.40936,4969.081872000001,0.6,3.4,108,26.0,Standard,0
156,4,221221.63454,55305.408635,0.0,3.75,47,25.0,Gold,1
157,2,7279.4149800000005,3639.7074900000002,0.0,6.0,214,18.0,Standard,0
158,1,2044.5554,2044.5554,0.0,3.0,271,37.0,Gold,1
159,3,8552.572919999999,2850.8576399999997,0.0,5.0,268,24.0,Gold,1
161,3,3881.37402,1293.79134,0.0,4.0,383,25.0,Standard,1
162,5,262965.53456,52593.106912,0.0,4.0,12,21.0,Silver,0
167,1,113.40679999999999,113.40679999999999,0.0,1.0,174,32.0,Standard,1
168,38,269291.68254,7086.6232247368425,0.15789473684210525,3.1315789473684212,0,31.0,Gold,0
169,3,26412.61075,8804.203583333334,0.3333333333333333,3.0,52,25.0,Standard,0
170,1,4722.184740000001,4722.184740000001,0.0,1.0,250,36.0,Standard,0
171,1,248214.5208,248214.5208,0.0,5.0,236,28.0,Standard,0
172,1,3497.4,3497.4,0.0,2.0,137,39.0,Standard,1
173,1,6420.46412,6420.46412,0.0,4.0,369,18.0,Standard,0
174,1,23401.363440000005,23401.363440000005,0.0,4.0,122,31.0,Silver,1
175,1,1107.32492,1107.32492,0.0,3.0,140,32.0,Standard,1
177,2,11526.16449,5763.082245,0.0,3.0,291,26.0,Standard,1
178,2,7089.8337599999995,3544.9168799999998,0.0,2.5,63,34.0,Standard,1
179,28,238725.04171,8525.894346785713,0.14285714285714285,4.178571428571429,6,27.0,Standard,0
180,6,300073.54839999997,50012.25806666666,0.3333333333333333,3.3333333333333335,63,38.0,Standard,0
182,36,663145.79644,18420.716567777778,0.027777777777777776,3.8333333333333335,6,26.0,Standard,0
183,3,14292.482,4764.160666666667,0.0,4.666666666666667,109,21.0,Silver,1
185,3,11336.48393,3778.827976666667,0.0,2.3333333333333335,385,32.0,Standard,0
186,1,5803.750079999999,5803.750079999999,0.0,2.0,409,54.0,Standard,0
187,33,761414.89016,23073.17848969697,0.12121212121212122,3.727272727272727,19,32.0,Standard,0
189,5,45154.13939999999,9030.827879999999,0.0,3.4,33,30.0,Premium,0
190,3,102845.93461000001,34281.97820333334,0.0,3.0,237,38.0,Gold,1
191,3,37025.6703,12341.890099999999,0.0,2.0,40,53.0,Standard,0
192,2,5132.95214,2566.47607,0.0,3.5,312,35.0,Standard,0
193,1,989.2019500000001,989.2019500000001,1.0,5.0,37,38.0,Standard,1
194,2,1499.57364,749.78682,0.0,4.5,66,18.0,Standard,0
196,3,165836.20388,55278.734626666665,0.0,4.333333333333333,66,29.0,Standard,0
198,2,5037.051600000001,2518.5258000000003,0.0,1.5,155,35.0,Premium,1
201,4,164313.80478,41078.451195,0.25,2.25,5,54.0,Silver,1
202,9,175521.57437,19502.39715222222,0.0,4.222222222222222,151,21.0,Standard,0
203,3,20696.530489999997,6898.8434966666655,0.0,3.3333333333333335,227,20.0,Gold,0
204,2,181797.05080000003,90898.52540000001,0.0,3.5,109,32.0,Standard,0
205,1,1980.11478,1980.11478,0.0,4.0,13,27.0,Silver,1
206,18,205686.66126000002,11427.036736666669,0.1111111111111111,3.7222222222222223,4,30.0,Standard,0
207,1,553.98928,553.98928,1.0,3.0,558,31.0,Silver,0
208,1,933.6007799999999,933.6007799999999,0.0,5.0,764,29.0,Standard,0
209,1,11032.379040000002,11032.379040000002,0.0,4.0,158,33.0,Silver,1
210,1,462.36762000000004,462.36762000000004,0.0,5.0,38,33.0,Gold,0
211,6,45257.64065,7542.940108333333,0.0,3.1666666666666665,100,18.0,Gold,1
212,1,674.5280200000001,674.5280200000001,0.0,4.0,13,46.0,Standard,1
213,2,8696.238640000001,4348.119320000001,0.0,4.0,470,37.0,Standard,1
214,2,35219.75548,17609.87774,0.0,2.0,146,18.0,Premium,1
215,10,190711.73377000002,19071.173377000003,0.0,4.5,2,39.0,Standard,1
216,2,4297.21267,2148.606335,0.0,3.0,208,30.0,Standard,1
217,5,27894.897579999997,5578.979515999999,0.0,4.0,397,25.0,Premium,1
219,2,2815.3170999999998,1407.6585499999999,0.0,2.5,236,18.0,Silver,1
220,12,96856.0547,8071.337891666666,0.0,3.1666666666666665,18,35.0,Standard,1
222,26,251533.34716,9674.359506153847,0.0,3.0,11,31.0,Standard,0
224,1,734.25168,734.25168,1.0,6.0,286,32.0,Standard,0
225,4,21227.20955,5306.8023875,0.0,2.0,120,31.0,Silver,1
228,6,112963.16949,18827.194915,0.0,3.0,32,18.0,Silver,1
229,16,314525.32288,19657.83268,0.0,3.3125,111,32.0,Silver,0
231,2,7973.03088,3986.51544,0.0,1.5,357,21.0,Standard,1
232,2,2598.31795,1299.158975,0.0,5.0,224,39.0,Standard,0
233,4,140872.36572,35218.09143,0.25,3.75,49,19.0,Gold,1
234,1,2801.86848,2801.86848,0.0,5.0,29,28.0,Silver,1
236,2,2336.57841,1168.289205,0.0,3.5,27,36.0,Standard,0
237,2,9786.212440000001,4893.106220000001,0.0,2.5,32,38.0,Silver,1
238,1,526.85287,526.85287,0.0,3.0,23,31.0,Premium,0
239,29,334308.81413,11527.890142413793,0.10344827586206896,4.310344827586207,41,41.0,Standard,0
240,8,143157.03978,17894.6299725,0.125,2.375,237,30.0,Silver,1
242,8,51861.03600000001,6482.629500000001,0.25,4.0,5,42.0,Silver,0
244,3,66884.37985,22294.793283333333,0.0,4.666666666666667,537,33.0,Standard,1
245,4,270672.60867,67668.1521675,0.0,2.75,8,37.0,Premium,0
246,26,181335.98867,6974.461102692308,0.07692307692307693,4.0,7,31.0,Standard,0
247,2,5101.912109999999,2550.9560549999997,0.0,4.5,689,39.0,Silver,1
249,4,122060.59490999999,30515.148727499996,0.0,4.25,6,28.0,Standard,0
251,1,503.50282,503.50282,0.0,2.0,611,18.0,Standard,1
252,3,114673.35376000001,38224.45125333334,0.0,4.666666666666667,261,20.0,Standard,1
253,4,18201.86791,4550.4669775,0.0,2.25,0,51.0,Premium,1
254,6,63146.6393,10524.439883333334,0.0,5.166666666666667,7,25.0,Silver,0
255,1,7556.351839999999,7556.351839999999,0.0,3.0,80,18.0,Standard,1
256,2,1262.4127600000002,631.2063800000001,0.0,3.5,110,31.0,Standard,1
257,32,309018.29957000003,9656.821861562501,0.0625,4.625,14,27.0,Silver,0
258,1,12576.43454,12576.43454,0.0,3.0,772,20.0,Standard,1
259,5,139399.03703,27879.807406,0.0,3.4,95,52.0,Standard,1
260,3,9052.88237,3017.6274566666666,0.0,2.6666666666666665,635,39.0,Standard,0
261,6,19300.160219999998,3216.6933699999995,0.0,3.5,113,35.0,Standard,1
262,2,4200.4428,2100.2214,0.0,4.0,21,40.0,Standard,0
263,3,107437.17189999999,35812.39063333333,0.0,3.0,10,23.0,Silver,1
264,5,10345.96808,2069.193616,0.0,4.4,38,30.0,Standard,0
265,1,29793.344900000004,29793.344900000004,1.0,4.0,183,41.0,Silver,1
266,2,106399.47795,53199.738975,0.0,4.0,327,34.0,Gold,1
267,18,308678.91615,17148.828675,0.05555555555555555,4.222222222222222,2,39.0,Silver,0
268,8,138860.68974,17357.5862175,0.25,4.375,12,34.0,Silver,1
269,11,497176.3881,45197.85346363636,0.09090909090909091,3.727272727272727,96,25.0,Gold,0
271,3,29539.98353,9846.661176666667,0.0,4.666666666666667,24,24.0,Gold,0
272,4,87381.31478,21845.328695,0.0,4.0,163,35.0,Standard,1
273,1,7512.7871,7512.7871,0.0,5.0,10,31.0,Silver,1
275,6,39481.239140000005,6580.206523333334,0.0,2.6666666666666665,4,35.0,Silver,0
276,10,28582.08851,2858.2088510000003,0.1,3.5,1,31.0,Gold,0
277,1,8578.233,8578.233,1.0,3.0,5,29.0,Standard,0
280,4,29088.04448,7272.01112,0.25,4.0,258,26.0,Silver,0
281,31,416041.06863,13420.679633225805,0.16129032258064516,4.612903225806452,22,18.0,Standard,0
282,1,495.90495,495.90495,0.0,2.0,577,27.0,Silver,1
283,2,123371.00693999999,61685.503469999996,0.0,4.0,422,41.0,Premium,1
284,1,2448.8569,2448.8569,0.0,3.0,651,42.0,Premium,0
286,5,116801.13480999999,23360.226961999997,0.0,5.4,18,45.0,Standard,1
287,4,13227.34928,3306.83732,0.0,2.5,299,31.0,Gold,1
288,23,138693.34954,6030.145632173912,0.13043478260869565,4.260869565217392,1,28.0,Standard,0
289,13,207816.90589,15985.915837692308,0.0,4.076923076923077,4,37.0,Silver,1
290,1,12372.25996,12372.25996,0.0,2.0,648,37.0,Standard,1
291,4,16146.04549,4036.5113725,0.0,3.5,8,42.0,Standard,1
293,19,221006.19513,11631.905006842106,0.05263157894736842,2.736842105263158,37,24.0,Standard,0
294,1,176.05059999999997,176.05059999999997,0.0,3.0,385,30.0,Standard,1
295,7,297249.75596000004,42464.25085142858,0.0,2.5714285714285716,0,29.0,Silver,0
298,12,163110.33218,13592.527681666666,0.08333333333333333,3.0833333333333335,156,25.0,Standard,0
299,1,14372.7016,14372.7016,0.0,4.0,173,35.0,Standard,0
300,9,133148.94647,14794.327385555554,0.1111111111111111,2.888888888888889,58,47.0,Standard,0
301,35,538680.95427,15390.884407714286,0.14285714285714285,3.6,25,29.0,Standard,0
302,2,137715.86037,68857.930185,0.0,5.5,116,24.0,Standard,0
304,1,25408.763600000002,25408.763600000002,0.0,4.0,437,23.0,Standard,1
306,14,161626.95211,11544.78229357143,0.07142857142857142,3.0,1,37.0,Gold,0
307,2,31337.43381,15668.716905,0.0,4.0,13,29.0,Standard,1
308,2,6279.9288799999995,3139.9644399999997,0.5,3.0,173,42.0,Standard,1
309,4,16578.718,4144.6795,0.25,5.5,418,21.0,Silver,0
310,20,188129.67051999999,9406.483526,0.15,3.1,43,26.0,Silver,0
311,6,15570.9549,2595.15915,0.0,3.8333333333333335,116,20.0,Standard,0
313,1,41927.892230000005,41927.892230000005,0.0,5.0,152,39.0,Standard,1
314,44,793905.46633,18043.306052954544,0.11363636363636363,4.204545454545454,12,38.0,Standard,0
315,7,105262.32469,15037.474955714284,0.14285714285714285,4.857142857142857,58,18.0,Standard,0
316,15,439711.59913,29314.106608666665,0.0,3.7333333333333334,3,49.0,Standard,1
317,1,4732.5128,4732.5128,0.0,1.0,27,38.0,Silver,1
319,2,2712.65509,1356.327545,0.0,4.0,45,33.0,Standard,0
320,22,187414.13971,8518.824532272727,0.0,3.1363636363636362,1,28.0,Standard,0
322,5,19367.70466,3873.540932,0.0,3.8,59,33.0,Standard,0
324,1,3174.82256,3174.82256,0.0,2.0,367,28.0,Gold,1
326,26,230964.28776,8883.241836923076,0.07692307692307693,2.6923076923076925,6,18.0,Silver,0
328,10,166669.23523999998,16666.923523999998,0.1,3.4,7,30.0,Standard,1
329,2,2351.87287,1175.936435,0.0,5.0,31,31.0,Standard,0
331,45,546627.36976,12147.274883555556,0.044444444444444446,3.2888888888888888,3,25.0,Premium,0
332,4,21203.14151,5300.7853775,0.0,3.75,38,31.0,Premium,0
334,2,2677.6979300000003,1338.8489650000001,0.0,2.0,91,40.0,Standard,0
336,1,11650.10736,11650.10736,0.0,2.0,101,36.0,Standard,1
337,2,120708.12483000002,60354.06241500001,0.0,3.0,158,35.0,Premium,1
338,1,743.4614,743.4614,0.0,1.0,323,22.0,Silver,1
339,4,14001.37191,3500.3429775,0.0,5.0,59,26.0,Silver,0
340,7,343338.96465000004,49048.42352142858,0.14285714285714285,2.5714285714285716,113,31.0,Silver,1
341,5,171102.88755999997,34220.577511999996,0.0,4.2,21,24.0,Premium,0
343,1,1502.08625,1502.08625,0.0,6.0,226,34.0,Gold,1
344,1,1089.60192,1089.60192,0.0,3.0,31,43.0,Silver,1
345,4,25941.887600000002,6485.4719000000005,0.0,3.25,39,37.0,Gold,1
346,3,6738.90183,2246.30061,0.0,3.6666666666666665,190,36.0,Standard,1
347,1,4114.9359,4114.9359,0.0,4.0,41,19.0,Standard,1
348,18,69730.40168,3873.911204444444,0.05555555555555555,2.7777777777777777,34,18.0,Standard,0
349,2,2187.71288,1093.85644,0.0,5.0,66,32.0,Silver,1
350,1,28821.54132,28821.54132,0.0,3.0,264,24.0,Gold,0
351,2,113653.42911000001,56826.714555000006,0.0,4.0,35,26.0,Standard,0
352,3,20087.5872,6695.862400000001,0.3333333333333333,3.3333333333333335,2,30.0,Standard,0
353,2,6372.01672,3186.00836,0.0,5.5,252,37.0,Premium,1
355,5,190597.58303,38119.516606000005,0.2,4.0,132,28.0,Standard,0
356,11,232224.09612,21111.281465454547,0.0,2.6363636363636362,4,34.0,Standard,0
357,2,6895.824919999999,3447.9124599999996,0.0,1.5,498,23.0,Gold,0
358,1,124091.90016,124091.90016,0.0,5.0,655,22.0,Silver,1
359,3,20605.792989999998,6868.597663333333,0.0,4.666666666666667,2,25.0,Standard,1
360,1,1074.30888,1074.30888,0.0,4.0,399,18.0,Standard,0
362,2,13114.14252,6557.07126,0.0,4.5,24,22.0,Standard,1
363,2,124997.18690000002,62498.59345000001,0.0,3.0,244,35.0,Gold,1
364,1,1936.2710399999999,1936.2710399999999,0.0,4.0,990,32.0,Standard,0
365,1,10935.92682,10935.92682,0.0,3.0,577,41.0,Standard,1
367,2,294562.56227999995,147281.28113999998,0.0,3.0,281,47.0,Silver,0
368,1,3593.15125,3593.15125,0.0,3.0,102,23.0,Standard,1
369,1,18302.05312,18302.05312,0.0,5.0,355,27.0,Standard,1
370,5,12058.627629999999,2411.7255259999997,0.0,3.4,55,35.0,Standard,1
371,8,160733.256,20091.657,0.0,3.875,199,44.0,Premium,0
372,1,6657.1008,6657.1008,0.0,5.0,272,18.0,Standard,1
373,2,9358.384679999997,4679.192339999999,0.0,3.0,45,39.0,Standard,0
374,3,1073.27549,357.75849666666664,0.0,4.666666666666667,109,40.0,Standard,1
375,1,95.6928,95.6928,0.0,2.0,24,21.0,Standard,1
376,24,494482.83168000006,20603.451320000004,0.041666666666666664,3.2916666666666665,3,24.0,Gold,0
380,3,9144.76436,3048.2547866666664,0.3333333333333333,2.0,57,48.0,Premium,0
381,32,245984.0912,7687.00285,0.15625,3.34375,19,22.0,Standard,0
382,5,35280.43128,7056.086256,0.0,4.8,27,36.0,Standard,0
383,2,3503.6532399999996,1751.8266199999998,0.0,3.5,181,26.0,Premium,1
384,16,228267.98756000004,14266.749222500002,0.125,3.6875,3,18.0,Gold,0
385,1,6240.40794,6240.40794,0.0,5.0,424,24.0,Standard,1
386,1,447.1341,447.1341,0.0,3.0,79,33.0,Silver,1
387,29,763835.9953899999,26339.172254827583,0.034482758620689655,2.689655172413793,9,21.0,Standard,0
388,1,2042.2934400000001,2042.2934400000001,0.0,4.0,34,22.0,Standard,0
389,4,5294.31534,1323.578835,0.0,4.0,26,50.0,Gold,0
390,2,82180.56759,41090.283795,0.0,5.0,108,20.0,Gold,1
392,25,388379.13565,15535.165426,0.04,3.52,8,41.0,Standard,0
393,1,1245.79125,1245.79125,0.0,2.0,353,20.0,Standard,1
394,1,1764.87704,1764.87704,0.0,3.0,92,27.0,Gold,1
395,2,11646.27869,5823.139345,0.0,5.5,21,53.0,Standard,0
396,3,4606.32028,1535.4400933333334,0.0,4.666666666666667,92,28.0,Standard,0
397,2,21219.0998,10609.5499,0.0,2.0,270,35.0,Standard,1
398,6,34072.54885,5678.758141666666,0.16666666666666666,3.0,55,31.0,Standard,0
399,13,103432.41004999999,7956.339234615384,0.07692307692307693,4.230769230769231,8,35.0,Standard,1
400,3,17095.90515,5698.63505,0.0,4.333333333333333,24,19.0,Standard,0
401,1,1436.3302800000001,1436.3302800000001,0.0,2.0,587,25.0,Standard,1
402,1,624.52476,624.52476,0.0,6.0,109,27.0,Standard,0
404,1,1474.2195,1474.2195,0.0,4.0,6,39.0,Gold,1
407,40,565456.11194,14136.4027985,0.125,3.45,3,27.0,Silver,0
408,1,16375.23708,16375.23708,0.0,1.0,360,30.0,Standard,1
409,6,49541.127550000005,8256.854591666668,0.16666666666666666,3.8333333333333335,10,22.0,Standard,1
410,32,313653.20489,9801.6626528125,0.0625,3.21875,13,30.0,Standard,0
411,13,248642.56076000002,19126.35082769231,0.07692307692307693,2.8461538461538463,20,41.0,Standard,0
413,1,1473.61518,1473.61518,0.0,1.0,38,41.0,Standard,0
415,51,528470.23485,10362.161467647058,0.058823529411764705,4.215686274509804,17,43.0,Silver,0
416,7,58812.617679999996,8401.802525714285,0.14285714285714285,3.2857142857142856,158,41.0,Standard,0
418,17,72794.19373,4282.011395882353,0.23529411764705882,3.823529411764706,3,46.0,Standard,0
419,1,43410.5865,43410.5865,0.0,3.0,43,23.0,Standard,0
420,1,6990.763679999999,6990.763679999999,0.0,5.0,391,42.0,Standard,1
421,4,429723.41034,107430.852585,0.0,3.5,273,33.0,Standard,1
423,26,192461.89133,7402.380435769232,0.038461538461538464,2.923076923076923,4,36.0,Standard,0
424,2,21900.33872,10950.16936,0.0,5.0,28,42.0,Silver,0
425,1,1502.69904,1502.69904,0.0,3.0,241,25.0,Silver,0
427,3,12476.842949999998,4158.947649999999,0.0,5.333333333333333,122,37.0,Standard,1
428,2,4783.78473,2391.892365,0.0,4.0,3,36.0,Standard,0
429,8,13984.24663,1748.03082875,0.25,2.75,17,18.0,Premium,0
430,5,4276.82352,855.364704,0.0,4.2,62,18.0,Standard,0
431,30,239859.71169,7995.3237229999995,0.13333333333333333,4.3,18,18.0,Gold,0
432,2,19329.81706,9664.90853,0.0,4.0,85,39.0,Standard,0
433,2,1866.4420800000003,933.2210400000001,0.0,4.5,92,41.0,Silver,0
434,2,5404.3000999999995,2702.1500499999997,0.0,3.0,184,29.0,Standard,1
435,13,141815.81615,10908.908934615385,0.0,3.6923076923076925,96,30.0,Gold,0
438,38,308985.7518,8131.203994736843,0.05263157894736842,4.5,4,40.0,Gold,0
439,1,211.66992000000002,211.66992000000002,0.0,1.0,33,25.0,Standard,0
440,1,94.94748,94.94748,0.0,5.0,38,35.0,Premium,1
442,3,13659.59029,4553.196763333333,0.0,3.6666666666666665,5,27.0,Standard,0
443,1,7235.5792,7235.5792,0.0,2.0,312,33.0,Silver,0
444,3,7109.734819999999,2369.911606666666,0.3333333333333333,5.333333333333333,2,44.0,Standard,0
445,4,34102.17312,8525.54328,0.0,4.25,16,18.0,Standard,0
446,13,43760.93957,3366.226120769231,0.23076923076923078,3.769230769230769,19,21.0,Standard,0
447,28,403679.14816,14417.112434285713,0.07142857142857142,2.9642857142857144,1,36.0,Standard,0
448,43,1169659.9696900002,27201.394643953492,0.023255813953488372,4.27906976744186,29,34.0,Standard,0
449,2,2853.79065,1426.895325,0.0,5.5,17,41.0,Silver,0
450,1,2834.3658,2834.3658,0.0,3.0,103,25.0,Standard,1
451,45,459618.7854,10213.750786666667,0.1111111111111111,3.311111111111111,27,47.0,Silver,0
452,2,28720.35274,14360.17637,0.0,3.0,72,47.0,Gold,0
453,27,598825.4967,22178.7221,0.14814814814814814,4.185185185185185,14,41.0,Silver,0
454,1,7509.6384,7509.6384,0.0,5.0,192,25.0,Standard,1
455,6,34431.606810000005,5738.601135000001,0.16666666666666666,3.1666666666666665,7,23.0,Silver,0
457,1,16927.10505,16927.10505,0.0,1.0,436,47.0,Standard,1
459,2,8980.14712,4490.07356,0.0,2.5,204,19.0,Standard,1
460,1,346.76225999999997,346.76225999999997,0.0,4.0,291,34.0,Gold,1
461,2,154743.8087,77371.90435,0.0,4.5,114,18.0,Standard,1
462,13,70176.59754,5398.199810769231,0.0,3.769230769230769,4,32.0,Gold,0
463,1,15629.13845,15629.13845,0.0,5.0,295,29.0,Standard,1
464,2,2078.6104,1039.3052,0.0,2.5,11,43.0,Standard,1
465,3,161417.11761000002,53805.705870000005,0.0,2.6666666666666665,21,39.0,Silver,0
466,3,2569.14628,856.3820933333333,0.0,2.6666666666666665,1,38.0,Silver,1
467,3,4522.19428,1507.3980933333332,0.3333333333333333,5.333333333333333,228,22.0,Gold,0
468,4,22903.9256,5725.9814,0.25,4.25,406,22.0,Silver,1
469,3,25550.897749999996,8516.965916666666,0.0,3.6666666666666665,38,26.0,Gold,0
470,39,1155765.85452,29635.021910769232,0.02564102564102564,3.4615384615384617,2,30.0,Standard,0
471,3,5096.74979,1698.9165966666667,0.0,3.0,79,33.0,Gold,1
472,14,116577.74320999999,8326.981657857143,0.0,2.9285714285714284,36,31.0,Standard,0
473,3,751032.53006,250344.17668666667,0.0,2.3333333333333335,62,21.0,Standard,1
474,20,372769.31558,18638.465779,0.05,3.45,54,36.0,Standard,0
475,5,38020.6508,7604.130160000001,0.0,4.0,141,27.0,Gold,1
476,29,186833.31855,6442.528225862069,0.10344827586206896,3.1379310344827585,5,26.0,Standard,0
479,16,58129.466029999996,3633.0916268749997,0.125,3.0,45,26.0,Silver,0
481,8,44363.14101,5545.39262625,0.125,3.875,136,25.0,Standard,0
483,37,146539.69623,3960.5323305405404,0.0,4.405405405405405,10,18.0,Gold,0
484,1,1479.8277999999998,1479.8277999999998,1.0,3.0,708,31.0,Standard,0
485,3,8116.170249999999,2705.390083333333,0.0,5.0,13,30.0,Standard,0
486,46,707138.61243,15372.578531086956,0.021739130434782608,3.0869565217391304,9,24.0,Silver,0
487,1,7204.07688,7204.07688,0.0,3.0,80,42.0,Standard,1
488,11,30529.36657,2775.396960909091,0.0,3.0,24,25.0,Silver,1
489,16,184539.11003,11533.694376875,0.0625,3.5625,4,41.0,Gold,1
490,1,228.60894000000002,228.60894000000002,0.0,2.0,0,35.0,Silver,1
491,14,191159.50285,13654.250203571428,0.0,4.071428571428571,0,38.0,Standard,0
493,1,11981.85507,11981.85507,0.0,2.0,823,33.0,Standard,1
494,2,15042.60909,7521.304545,0.0,3.5,490,37.0,Gold,1
495,1,1037.02662,1037.02662,0.0,5.0,50,35.0,Premium,1
497,2,14821.595519999999,7410.7977599999995,0.0,3.0,115,20.0,Standard,0
498,2,2112.64518,1056.32259,0.0,3.5,12,28.0,Gold,0
499,36,651221.33349,18089.481485833334,0.027777777777777776,4.0,36,23.0,Gold,0
500,21,515142.65892,24530.602805714287,0.14285714285714285,4.904761904761905,2,36.0,Standard,0
501,1,1416.8946600000002,1416.8946600000002,0.0,4.0,412,29.0,Standard,0
503,4,76306.13189,19076.5329725,0.0,3.25,139,25.0,Standard,0
505,4,15026.06277,3756.5156925,0.25,4.0,384,30.0,Silver,1
506,10,59738.10372,5973.810372,0.1,4.2,151,42.0,Standard,0
507,1,623.42735,623.42735,0.0,4.0,36,27.0,Standard,0
508,3,125699.0687,41899.68956666667,0.6666666666666666,2.3333333333333335,145,35.0,Standard,1
510,2,5918.068499999999,2959.0342499999997,0.5,4.5,18,19.0,Silver,1
512,5,10449.643259999999,2089.9286519999996,0.0,3.2,5,36.0,Gold,0
513,5,48538.99858000001,9707.799716000001,0.0,4.0,47,33.0,Standard,0
514,3,19962.77768,6654.259226666666,0.0,5.0,68,30.0,Gold,0
515,2,3043.55898,1521.77949,0.0,4.5,94,27.0,Silver,1
516,1,467.70885000000004,467.70885000000004,0.0,1.0,9,37.0,Premium,0
517,14,104885.47617000001,7491.819726428572,0.0,3.357142857142857,70,38.0,Gold,0
518,2,36292.223119999995,18146.111559999998,0.0,4.5,32,26.0,Standard,1
520,29,312187.40077999997,10765.082785517241,0.034482758620689655,4.137931034482759,34,28.0,Standard,0
522,3,69066.35728,23022.11909333333,0.0,2.6666666666666665,73,39.0,Standard,0
523,13,45528.1166,3502.1628153846154,0.0,3.769230769230769,25,31.0,Gold,1
525,2,26324.28342,13162.14171,0.5,4.0,229,33.0,Gold,1
526,1,511.01204,511.01204,0.0,1.0,298,36.0,Standard,1
527,35,376994.43280999997,10771.269508857142,0.11428571428571428,3.1142857142857143,4,44.0,Gold,0
528,9,14981.31628,1664.5906977777777,0.1111111111111111,3.111111111111111,213,27.0,Silver,0
529,1,192179.13044,192179.13044,0.0,2.0,27,21.0,Standard,0
530,1,2474.1769799999997,2474.1769799999997,0.0,2.0,1,38.0,Silver,0
531,1,10050.7301,10050.7301,0.0,3.0,115,44.0,Silver,1
532,17,198754.69482,11691.452636470589,0.058823529411764705,3.1176470588235294,1,36.0,Standard,0
533,2,28182.978099999997,14091.489049999998,0.0,4.0,463,29.0,Silver,1
534,11,258819.80429,23529.07311727273,0.09090909090909091,2.6363636363636362,6,18.0,Standard,0
536,3,4703.3685399999995,1567.7895133333332,0.0,4.0,320,25.0,Standard,1
537,16,329117.3886,20569.8367875,0.25,4.125,35,23.0,Standard,0
538,4,25735.582179999998,6433.895544999999,0.0,3.75,15,33.0,Silver,0
539,7,44272.29944,6324.614205714286,0.0,4.0,14,27.0,Standard,0
540,2,5630.640359999999,2815.3201799999997,0.0,2.5,149,25.0,Silver,1
541,4,8441.988809999999,2110.4972024999997,0.0,3.75,263,39.0,Gold,1
543,1,2657.97315,2657.97315,1.0,6.0,64,32.0,Standard,1
544,5,210729.94754,42145.989508,0.2,3.0,45,25.0,Standard,0
546,3,16316.40594,5438.80198,0.0,4.333333333333333,51,26.0,Silver,0
547,27,343767.93175000005,12732.145620370373,0.037037037037037035,3.2222222222222223,15,41.0,Silver,0
548,1,4937.6067,4937.6067,0.0,6.0,678,18.0,Gold,0
549,4,31155.67542,7788.918855,0.0,3.0,24,31.0,Standard,1
550,2,2037.9011999999998,1018.9505999999999,0.0,2.0,352,24.0,Standard,0
551,6,17383.42235,2897.2370583333336,0.3333333333333333,4.333333333333333,152,18.0,Silver,0
552,1,2693.30808,2693.30808,1.0,4.0,878,37.0,Standard,1
553,3,21776.42329,7258.807763333333,0.0,4.333333333333333,0,22.0,Standard,0
554,2,2006.40976,1003.20488,0.0,3.5,1102,21.0,Gold,0
555,1,2680.5335,2680.5335,0.0,4.0,139,18.0,Standard,1
556,4,30570.422899999998,7642.605724999999,0.0,3.75,83,24.0,Silver,1
557,2,26116.920609999997,13058.460304999999,0.0,3.5,17,28.0,Gold,1
558,5,130909.53379999999,26181.906759999998,0.0,3.6,2,20.0,Standard,0
560,9,103526.88635,11502.987372222222,0.0,3.6666666666666665,17,41.0,Silver,0
561,1,3838.40688,3838.40688,0.0,4.0,205,48.0,Standard,1
562,2,10879.18918,5439.59459,0.0,2.5,393,26.0,Premium,1
563,14,200634.81883,14331.058487857143,0.07142857142857142,3.5,22,21.0,Silver,0
564,17,103776.89961,6104.523506470588,0.058823529411764705,2.764705882352941,57,27.0,Gold,1
565,3,28726.99274,9575.664246666667,0.0,5.0,60,30.0,Silver,1
566,1,551.58188,551.58188,0.0,3.0,119,33.0,Standard,1
567,10,233533.52570000003,23353.352570000003,0.1,3.0,21,18.0,Standard,0
568,17,154565.74049,9092.102381764706,0.11764705882352941,3.3529411764705883,31,18.0,Standard,0
569,1,8373.37336,8373.37336,0.0,2.0,16,29.0,Standard,0
570,1,4743.83675,4743.83675,1.0,3.0,350,42.0,Standard,0
571,3,172555.09206,57518.36402,0.0,4.666666666666667,436,31.0,Silver,1
572,1,734.61586,734.61586,0.0,3.0,142,35.0,Silver,1
574,44,577872.18752,13133.458807272727,0.022727272727272728,3.340909090909091,6,39.0,Standard,0
575,6,79087.04125000001,13181.173541666669,0.0,4.0,46,18.0,Gold,1
576,18,172471.59982,9581.755545555556,0.2222222222222222,2.8333333333333335,14,33.0,Gold,0
577,3,17191.48248,5730.494159999999,0.0,4.0,24,27.0,Standard,1
578,10,75194.78512999999,7519.478512999999,0.1,3.5,88,33.0,Standard,0
579,19,184244.94917,9697.102587894737,0.05263157894736842,3.6315789473684212,6,30.0,Silver,0
580,2,8123.439969999999,4061.7199849999997,0.0,3.5,21,34.0,Standard,0
582,47,672085.31884,14299.687634893617,0.0851063829787234,4.531914893617022,4,18.0,Standard,0
583,2,18626.78488,9313.39244,0.0,5.0,99,34.0,Standard,1
584,1,2314.47486,2314.47486,0.0,6.0,251,44.0,Standard,1
585,4,32967.67453,8241.9186325,0.0,2.5,77,29.0,Silver,0
586,3,66820.70413,22273.568043333333,0.0,2.0,71,40.0,Standard,1
590,38,354199.82238,9321.047957368422,0.05263157894736842,4.342105263157895,7,38.0,Standard,0
591,9,54758.03384,6084.225982222222,0.1111111111111111,3.3333333333333335,156,37.0,Gold,0
592,8,71028.27669,8878.53458625,0.0,2.25,69,41.0,Standard,0
593,3,71543.95281,23847.98427,0.0,3.6666666666666665,187,18.0,Standard,1
594,25,256762.87342,10270.5149368,0.04,3.72,42,18.0,Premium,0
595,33,1363934.12458,41331.33710848485,0.09090909090909091,3.212121212121212,30,31.0,Standard,0
597,19,230685.43828000003,12141.338856842107,0.10526315789473684,2.8947368421052633,60,29.0,Standard,0
598,1,1302.3789100000001,1302.3789100000001,0.0,5.0,88,24.0,Gold,1
599,2,112599.52554,56299.76277,0.0,4.5,2,28.0,Standard,0
600,5,11841.302609999999,2368.2605219999996,0.0,3.6,20,36.0,Silver,0
601,5,46777.09923,9355.419846,0.0,4.0,4,23.0,Standard,0
603,34,275546.63068,8104.3126670588235,0.058823529411764705,4.0,18,21.0,Gold,0
604,4,5500.220109999999,1375.0550274999998,0.25,3.0,38,38.0,Standard,1
605,43,641067.66506,14908.55035023256,0.06976744186046512,2.9767441860465116,32,24.0,Standard,1
606,54,1021645.69262,18919.364678148148,0.07407407407407407,3.388888888888889,11,39.0,Standard,0
607,2,11357.285489999998,5678.642744999999,0.0,4.5,923,25.0,Silver,1
608,1,5527.193139999999,5527.193139999999,0.0,6.0,178,31.0,Standard,0
610,3,347019.02235999994,115673.00745333331,0.0,4.333333333333333,237,41.0,Standard,1
612,7,38370.7341,5481.533442857143,0.0,3.142857142857143,145,39.0,Silver,0
613,4,10014.85028,2503.71257,0.5,4.5,61,31.0,Standard,0
616,1,7509.23047,7509.23047,0.0,2.0,130,40.0,Standard,1
617,1,2644.78,2644.78,0.0,1.0,178,18.0,Standard,0
618,45,559802.06409,12440.045868666666,0.06666666666666667,3.1333333333333333,6,31.0,Standard,0
619,12,226870.85588000002,18905.90465666667,0.0,4.25,97,42.0,Standard,1
621,26,168949.79712,6498.06912,0.038461538461538464,3.1538461538461537,6,39.0,Standard,0
623,4,14633.585299999999,3658.3963249999997,0.0,2.25,113,44.0,Gold,1
624,1,97499.39358,97499.39358,0.0,3.0,6,24.0,Standard,0
626,1,705.02508,705.02508,0.0,3.0,184,32.0,Standard,1
627,6,53176.285090000005,8862.714181666668,0.0,2.6666666666666665,87,29.0,Standard,0
629,5,13123.70272,2624.7405439999998,0.2,2.4,8,49.0,Silver,0
630,34,532250.77964,15654.434695294116,0.0,2.9705882352941178,16,32.0,Premium,0
631,5,213603.59622999997,42720.71924599999,0.0,4.0,30,28.0,Standard,1
632,4,74165.03300999998,18541.258252499996,0.0,3.75,614,32.0,Standard,1
633,2,62482.92839999999,31241.464199999995,0.0,4.0,656,39.0,Gold,1
634,18,174391.82246,9688.43458111111,0.1111111111111111,4.166666666666667,6,18.0,Silver,0
635,1,7870.85184,7870.85184,0.0,4.0,872,18.0,Standard,1
637,1,12972.275639999998,12972.275639999998,0.0,6.0,97,24.0,Premium,1
638,1,435.6,435.6,0.0,6.0,737,30.0,Standard,1
639,12,196866.98564000003,16405.582136666668,0.0,2.9166666666666665,87,29.0,Standard,1
640,14,311348.08886,22239.149204285717,0.2857142857142857,2.7857142857142856,1,25.0,Silver,0
641,5,380026.11488,76005.222976,0.0,3.4,17,33.0,Standard,0
642,1,40245.98936,40245.98936,0.0,1.0,9,27.0,Standard,1
643,9,138488.11606,15387.56845111111,0.0,3.6666666666666665,6,28.0,Silver,1
644,23,292784.96786000003,12729.78121130435,0.043478260869565216,3.260869565217391,12,18.0,Standard,1
645,6,31543.068079999997,5257.178013333333,0.0,3.8333333333333335,34,31.0,Standard,1
646,1,1824.76866,1824.76866,0.0,5.0,179,29.0,Silver,0
647,8,28370.22896,3546.27862,0.0,3.125,231,38.0,Standard,1
648,2,8318.795999999998,4159.397999999999,0.0,3.5,35,25.0,Standard,0
649,1,1406.37574,1406.37574,0.0,2.0,37,35.0,Premium,1
651,4,30262.25118,7565.562795,0.0,4.0,234,31.0,Standard,1
652,3,48951.574819999994,16317.191606666665,0.0,3.6666666666666665,19,33.0,Silver,0
655,24,166735.28894,6947.303705833333,0.041666666666666664,4.125,4,30.0,Standard,0
656,7,38714.46077,5530.637252857143,0.0,5.428571428571429,1,19.0,Standard,0
657,9,107281.11425,11920.123805555555,0.0,3.6666666666666665,8,31.0,Standard,0
660,1,676.78576,676.78576,1.0,4.0,108,21.0,Standard,0
661,3,73961.78926,24653.929753333334,0.0,2.6666666666666665,11,23.0,Standard,0
662,4,28411.866130000002,7102.9665325000005,0.25,4.5,42,34.0,Standard,1
663,4,11624.71488,2906.17872,0.0,3.5,17,18.0,Gold,1
664,31,311117.74376,10036.05625032258,0.06451612903225806,3.4193548387096775,18,18.0,Standard,0
665,3,157097.05141000001,52365.68380333334,0.0,3.6666666666666665,9,34.0,Silver,1
666,3,167921.31326,55973.77108666667,0.0,2.3333333333333335,256,18.0,Gold,1
669,1,1586.52496,1586.52496,0.0,3.0,373,18.0,Standard,1
670,1,16287.70776,16287.70776,1.0,5.0,45,48.0,Standard,1
671,1,7937.6267100000005,7937.6267100000005,1.0,4.0,158,43.0,Standard,1
672,1,1074.7206700000002,1074.7206700000002,0.0,3.0,677,31.0,Standard,1
673,42,443942.78308,10570.066263809524,0.09523809523809523,3.142857142857143,39,27.0,Standard,0
674,1,971.16536,971.16536,0.0,4.0,129,34.0,Standard,1
675,1,34239.419200000004,34239.419200000004,0.0,7.0,10,26.0,Silver,0
676,1,9059.505000000001,9059.505000000001,0.0,4.0,323,39.0,Gold,1
677,2,3038.76189,1519.380945,0.5,4.0,176,25.0,Standard,1
679,3,12148.990819999999,4049.6636066666665,0.0,2.0,482,24.0,Standard,1
680,16,256922.66221999997,16057.666388749998,0.3125,4.875,50,21.0,Premium,0
682,1,1272.46444,1272.46444,0.0,4.0,90,38.0,Silver,1
683,26,309094.0347,11888.232103846154,0.07692307692307693,3.8461538461538463,1,26.0,Gold,0
684,2,3320.87154,1660.43577,0.0,5.5,60,20.0,Standard,0
685,3,39690.642669999994,13230.21422333333,0.3333333333333333,5.333333333333333,214,25.0,Silver,0
686,1,489.71601000000004,489.71601000000004,1.0,5.0,207,33.0,Silver,1
687,1,1053.9176800000002,1053.9176800000002,0.0,6.0,615,18.0,Silver,1
689,5,11512.92758,2302.585516,0.2,2.8,35,40.0,Gold,1
690,4,137559.23841000002,34389.809602500005,0.25,2.5,17,39.0,Gold,1
691,5,92413.32029,18482.664058000002,0.0,3.2,307,26.0,Standard,0
692,2,11999.59119,5999.795595,0.0,4.5,85,35.0,Silver,0
693,4,37916.81332,9479.20333,0.0,2.25,18,36.0,Standard,0
694,3,31202.378299999997,10400.792766666666,0.0,4.666666666666667,30,31.0,Silver,1
695,7,32876.79303,4696.684718571429,0.2857142857142857,3.0,71,30.0,Silver,1
696,1,3823.38453,3823.38453,0.0,3.0,63,35.0,Premium,0
697,2,9212.47524,4606.23762,0.0,4.0,354,47.0,Standard,1
698,4,41797.17685,10449.2942125,0.0,4.25,17,31.0,Standard,0
699,1,18630.87048,18630.87048,0.0,3.0,617,20.0,Silver,1
700,29,768705.01443,26507.06946310345,0.0,3.3448275862068964,7,21.0,Silver,0
701,1,461.63618,461.63618,0.0,3.0,42,31.0,Standard,1
702,1,7700.310310000001,7700.310310000001,0.0,3.0,296,25.0,Standard,1
703,5,210335.29778999998,42067.05955799999,0.0,2.8,176,24.0,Standard,0
704,2,5396.09931,2698.049655,0.0,4.5,19,29.0,Standard,0
705,3,14270.961110000002,4756.987036666667,0.0,4.666666666666667,3,35.0,Silver,1
706,5,114137.58899999999,22827.517799999998,0.0,2.8,52,29.0,Standard,0
707,1,432.88793,432.88793,0.0,2.0,2,28.0,Standard,0
708,1,9647.42492,9647.42492,0.0,3.0,134,26.0,Standard,1
710,36,137070.73075,3807.520298611111,0.05555555555555555,3.0277777777777777,54,25.0,Standard,0
711,36,475024.32476000005,13195.120132222224,0.1111111111111111,2.888888888888889,7,18.0,Silver,0
714,2,9133.299869999999,4566.6499349999995,0.0,4.5,33,32.0,Standard,1
715,3,33808.40882,11269.469606666666,0.0,3.3333333333333335,96,41.0,Standard,1
717,2,26201.441939999997,13100.720969999998,0.0,2.0,62,29.0,Silver,0
718,1,40688.277,40688.277,0.0,3.0,106,33.0,Standard,1
719,1,1103.7970799999998,1103.7970799999998,0.0,3.0,457,28.0,Standard,1
720,11,56072.21022,5097.473656363636,0.09090909090909091,3.090909090909091,7,18.0,Silver,0
722,2,1484.97761,742.488805,0.5,5.0,18,29.0,Standard,1
723,2,83798.67422,41899.33711,0.0,1.5,221,31.0,Silver,1
724,5,111228.56693,22245.713386,0.0,4.2,10,30.0,Standard,1
725,1,4725.6996,4725.6996,0.0,3.0,28,34.0,Standard,1
726,1,9520.605249999999,9520.605249999999,0.0,1.0,53,36.0,Standard,1
727,3,38119.5864,12706.5288,0.0,2.6666666666666665,65,46.0,Silver,1
729,1,23570.95746,23570.95746,0.0,2.0,38,18.0,Silver,0
730,4,70473.57039,17618.3925975,0.25,2.75,537,32.0,Standard,0
731,1,5049.63216,5049.63216,0.0,3.0,37,32.0,Standard,0
732,15,151222.33629,10081.489086,0.06666666666666667,3.4,3,37.0,Silver,0
733,5,37434.05056999999,7486.810113999998,0.0,3.0,22,50.0,Silver,0
736,1,1307.1429,1307.1429,0.0,1.0,380,18.0,Standard,1
738,3,1640.36739,546.78913,0.0,4.0,169,27.0,Standard,1
739,3,4552.22075,1517.4069166666668,0.0,2.6666666666666665,593,35.0,Gold,1
740,1,6183.42229,6183.42229,0.0,2.0,556,21.0,Standard,1
741,6,11332.627509999998,1888.7712516666663,0.0,4.333333333333333,72,31.0,Standard,0
742,27,271802.29336,10066.751605925927,0.0,4.37037037037037,2,18.0,Silver,0
743,1,1542.78332,1542.78332,0.0,3.0,458,20.0,Premium,1
744,2,76375.40673000002,38187.70336500001,0.0,3.0,29,18.0,Standard,1
745,3,5615.3942,1871.7980666666665,0.0,5.0,59,18.0,Silver,1
746,1,4898.71872,4898.71872,0.0,4.0,142,31.0,Silver,0
747,2,83750.40967,41875.204835,0.0,5.0,81,21.0,Standard,1
748,13,181587.91688,13968.301298461538,0.0,3.3846153846153846,22,34.0,Standard,0
749,1,4932.02304,4932.02304,0.0,5.0,80,32.0,Standard,1
750,37,304124.69954,8219.586474054055,0.02702702702702703,3.27027027027027,11,46.0,Gold,0
751,4,19428.01975,4857.0049375,0.0,3.25,46,23.0,Standard,1
752,2,3783.8268799999996,1891.9134399999998,0.0,3.0,141,28.0,Standard,0
753,1,1800.5559,1800.5559,0.0,5.0,62,24.0,Silver,1
754,1,1531.1585599999999,1531.1585599999999,0.0,4.0,367,24.0,Standard,1
756,10,124713.87845,12471.387845000001,0.1,3.9,316,40.0,Silver,0
757,1,2149.06572,2149.06572,0.0,1.0,489,33.0,Standard,1
758,1,127.1729,127.1729,0.0,3.0,855,22.0,Standard,1
759,33,491888.58365,14905.714656060605,0.06060606060606061,3.3333333333333335,48,29.0,Standard,0
760,2,19521.382479999997,9760.691239999998,0.5,5.0,80,32.0,Standard,1
761,45,1115096.35256,24779.91894577778,0.06666666666666667,3.8444444444444446,7,49.0,Standard,0
762,12,268444.71744,22370.393119999997,0.0,3.75,70,39.0,Standard,0
763,1,68500.5904,68500.5904,0.0,4.0,100,34.0,Standard,1
764,7,51689.49928,7384.214182857143,0.0,2.4285714285714284,15,34.0,Standard,0
766,3,16692.92727,5564.30909,0.0,4.0,319,40.0,Standard,1
767,37,294465.02792,7958.514268108109,0.02702702702702703,3.054054054054054,26,28.0,Premium,0
768,11,48739.23182,4430.839256363636,0.0,4.545454545454546,36,39.0,Standard,1
769,3,6884.9326599999995,2294.977553333333,0.0,4.333333333333333,61,28.0,Standard,1
770,1,1373.14606,1373.14606,0.0,2.0,99,43.0,Standard,1
771,26,230956.88469,8882.957103461538,0.11538461538461539,3.3846153846153846,18,29.0,Silver,0
772,2,17859.458,8929.729,0.0,5.5,42,25.0,Standard,1
773,4,18618.32285,4654.5807125,0.25,2.75,294,29.0,Gold,1
775,1,1471.23198,1471.23198,0.0,8.0,84,43.0,Gold,1
776,41,271375.01912,6618.902905365854,0.07317073170731707,3.5365853658536586,3,34.0,Silver,0
777,6,140259.87638,23376.646063333334,0.0,3.3333333333333335,40,31.0,Gold,1
778,1,999.2532000000001,999.2532000000001,0.0,2.0,329,35.0,Silver,1
779,1,612.1518599999999,612.1518599999999,0.0,4.0,6,38.0,Silver,1
780,2,29117.479120000004,14558.739560000002,0.0,4.0,3,33.0,Silver,0
781,1,19233.706140000002,19233.706140000002,0.0,3.0,14,25.0,Standard,1
782,1,1462.60884,1462.60884,0.0,4.0,46,21.0,Standard,0
783,4,14624.477910000001,3656.1194775000004,0.0,3.25,105,33.0,Gold,1
784,4,9876.92669,2469.2316725,0.0,4.75,72,26.0,Standard,1
785,10,343485.67265,34348.567265000005,0.3,3.9,105,31.0,Standard,0
786,26,509050.86121999996,19578.879277692307,0.0,2.769230769230769,6,30.0,Silver,0
787,16,94518.05114,5907.37819625,0.0625,3.875,9,18.0,Gold,0
788,2,32351.922060000004,16175.961030000002,0.5,4.5,476,36.0,Standard,1
789,36,366267.7774,10174.104927777778,0.08333333333333333,3.3333333333333335,95,22.0,Standard,0
790,1,114.61583,114.61583,0.0,1.0,191,43.0,Gold,1
792,2,3605.59056,1802.79528,0.0,4.5,96,31.0,Standard,0
793,1,280.49889,280.49889,0.0,4.0,580,26.0,Standard,0
794,1,2479.04901,2479.04901,0.0,4.0,495,36.0,Standard,0
795,13,109403.22072,8415.632363076922,0.15384615384615385,4.769230769230769,48,31.0,Standard,0
796,4,7517.03252,1879.25813,0.0,2.75,232,33.0,Standard,1
797,4,60132.24484,15033.06121,0.0,3.25,277,41.0,Standard,1
799,1,1397.61738,1397.61738,0.0,3.0,144,43.0,Gold,1
800,2,4911.89428,2455.94714,0.0,2.5,536,36.0,Silver,1
801,2,46658.70654,23329.35327,0.0,3.5,41,45.0,Silver,1
802,2,156236.98712,78118.49356,0.0,5.5,82,46.0,Standard,0
804,2,18755.3191,9377.65955,0.0,2.5,61,32.0,Premium,1
805,2,18438.52459,9219.262295,0.5,5.0,301,41.0,Silver,0
806,4,18774.999780000002,4693.7499450000005,0.0,4.0,73,35.0,Silver,1
807,4,20844.71002,5211.177505,0.0,4.5,69,36.0,Standard,1
808,4,85965.43551,21491.3588775,0.0,3.25,59,29.0,Silver,0
810,2,12651.6594,6325.8297,0.0,3.0,16,21.0,Silver,0
811,3,141784.37415000002,47261.45805000001,0.0,4.666666666666667,90,35.0,Gold,1
812,1,101911.89293999999,101911.89293999999,0.0,6.0,210,42.0,Standard,1
814,2,9954.5201,4977.26005,0.0,2.5,120,28.0,Silver,1
815,4,43263.77439,10815.9435975,0.0,3.0,178,23.0,Gold,1
817,1,1425.52704,1425.52704,0.0,5.0,115,29.0,Standard,1
818,1,154445.93772,154445.93772,0.0,5.0,297,32.0,Standard,1
819,13,213766.68319,16443.591014615384,0.07692307692307693,3.3846153846153846,18,33.0,Gold,0
820,1,1584.79776,1584.79776,0.0,4.0,543,31.0,Standard,0
821,2,2501.0684,1250.5342,0.0,6.0,587,34.0,Standard,1
822,2,144659.08761,72329.543805,0.0,3.0,182,33.0,Standard,1
823,3,30145.62275,10048.540916666667,0.0,4.0,222,18.0,Standard,1
824,1,5024.8576,5024.8576,0.0,4.0,421,28.0,Silver,1
825,35,685604.3942399999,19588.696978285712,0.02857142857142857,4.228571428571429,7,18.0,Standard,0
826,2,49974.32995,24987.164975,0.0,2.5,83,26.0,Standard,1
827,3,7200.3457,2400.1152333333334,0.0,3.3333333333333335,82,43.0,Standard,1
828,3,32422.83045,10807.61015,0.0,2.6666666666666665,333,20.0,Standard,1
829,4,12125.162639999999,3031.2906599999997,0.0,4.0,231,18.0,Gold,0
830,3,8013.31476,2671.10492,0.0,3.3333333333333335,115,29.0,Standard,1
831,2,3177.65081,1588.825405,0.0,3.5,48,18.0,Standard,0
832,2,15145.809930000001,7572.904965000001,0.5,2.5,376,38.0,Gold,1
833,3,5358.12939,1786.04313,0.0,4.333333333333333,124,20.0,Standard,1
834,1,339474.33729000005,339474.33729000005,1.0,4.0,196,18.0,Gold,0
835,1,30143.120090000004,30143.120090000004,0.0,5.0,109,42.0,Gold,0
836,2,22795.00412,11397.50206,0.0,2.0,60,32.0,Standard,1
837,1,996.53808,996.53808,0.0,3.0,979,18.0,Standard,1
838,1,2109.9617000000003,2109.9617000000003,0.0,4.0,200,18.0,Standard,1
839,8,7049.97677,881.24709625,0.125,3.75,33,26.0,Premium,1
840,4,25103.85883,6275.9647075,0.0,4.25,76,34.0,Standard,0
841,10,168766.23732000001,16876.623732,0.0,3.3,94,19.0,Standard,1
843,2,12910.22708,6455.11354,0.0,2.5,550,22.0,Gold,1
844,35,208669.84628,5961.995608,0.11428571428571428,4.8,12,24.0,Premium,0
845,1,12204.28068,12204.28068,0.0,3.0,676,27.0,Standard,1
846,12,387315.41617,32276.28468083333,0.0,3.5833333333333335,27,22.0,Gold,0
848,6,375387.28635,62564.547725000004,0.0,3.8333333333333335,87,22.0,Standard,1
849,26,593728.75269,22835.72125730769,0.038461538461538464,2.8461538461538463,25,33.0,Silver,0
850,1,7209.1349,7209.1349,0.0,3.0,293,34.0,Standard,1
851,2,35191.17,17595.585,0.0,5.5,289,38.0,Standard,1
852,1,957.3767499999999,957.3767499999999,0.0,2.0,51,30.0,Gold,1
853,3,15534.51336,5178.17112,0.0,4.0,17,45.0,Standard,0
854,4,22182.2926,5545.57315,0.0,3.25,30,29.0,Premium,1
855,27,313087.86715,11595.846931481481,0.037037037037037035,3.3703703703703702,11,41.0,Standard,0
856,36,308699.22753000003,8574.978542500001,0.08333333333333333,3.1666666666666665,20,27.0,Standard,0
857,1,2400.22818,2400.22818,0.0,2.0,205,31.0,Standard,1
858,12,272285.23198,22690.43599833333,0.0,3.1666666666666665,2,38.0,Standard,0
859,20,281844.06866,14092.203432999999,0.1,3.65,186,18.0,Silver,0
860,1,3165.69627,3165.69627,0.0,1.0,308,28.0,Standard,1
861,5,57085.46188999999,11417.092377999998,0.0,2.8,139,41.0,Silver,1
862,3,8939.28428,2979.7614266666665,0.0,3.3333333333333335,72,26.0,Standard,0
863,1,2924.2552499999997,2924.2552499999997,0.0,4.0,453,37.0,Standard,1
866,1,1381.21695,1381.21695,0.0,6.0,233,20.0,Standard,0
867,2,26278.20504,13139.10252,0.0,6.0,30,20.0,Premium,0
868,3,139582.16681999998,46527.38894,0.0,3.6666666666666665,89,41.0,Standard,1
871,1,1364.90056,1364.90056,0.0,4.0,1368,23.0,Gold,1
872,1,2386.3112,2386.3112,0.0,3.0,384,19.0,Gold,1
873,2,117652.16464,58826.08232,0.0,3.0,173,21.0,Standard,1
874,2,9889.324369999998,4944.662184999999,0.0,2.5,173,33.0,Standard,1
875,2,12374.6304,6187.3152,0.0,3.5,243,38.0,Gold,0
876,2,3070.27596,1535.13798,0.0,5.0,45,38.0,Standard,1
877,50,405767.54206,8115.3508412,0.04,3.26,59,36.0,Standard,0
878,3,92145.12095,30715.040316666666,0.0,4.0,24,20.0,Gold,1
879,19,332728.44353,17512.02334368421,0.0,3.3157894736842106,11,21.0,Standard,0
880,1,33374.47572,33374.47572,0.0,7.0,36,39.0,Gold,1
882,2,2084.67446,1042.33723,0.0,3.0,54,46.0,Standard,1
883,34,356650.22668,10489.712549411764,0.08823529411764706,4.529411764705882,0,32.0,Standard,0
884,1,789.2636600000001,789.2636600000001,0.0,6.0,312,21.0,Gold,1
885,1,76070.62906,76070.62906,0.0,4.0,141,48.0,Standard,1
886,5,49553.73851,9910.747702,0.0,3.0,16,38.0,Gold,1
888,39,660644.93381,16939.613687435896,0.05128205128205128,3.3333333333333335,11,22.0,Standard,0
889,33,693670.93461,21020.331351818182,0.15151515151515152,3.484848484848485,82,34.0,Standard,0
890,36,521179.61693,14477.211581388889,0.05555555555555555,3.4722222222222223,7,49.0,Gold,0
892,1,234.90024000000003,234.90024000000003,0.0,4.0,718,35.0,Standard,1
893,6,104352.51331,17392.085551666667,0.0,3.1666666666666665,1,18.0,Standard,0
895,1,142561.45200000002,142561.45200000002,0.0,3.0,637,41.0,Standard,1
896,3,339871.16214,113290.38737999999,0.0,2.3333333333333335,8,26.0,Standard,1
897,3,11997.42542,3999.1418066666665,0.0,3.0,319,25.0,Gold,0
898,2,8198.494480000001,4099.247240000001,0.0,4.0,82,19.0,Standard,1
900,12,257532.84819,21461.070682499998,0.08333333333333333,3.5833333333333335,14,48.0,Silver,0
901,2,18309.586750000002,9154.793375000001,0.0,4.0,318,46.0,Standard,0
905,3,101264.94678,33754.98226,0.6666666666666666,2.0,130,26.0,Standard,1
906,2,10921.00308,5460.50154,0.0,4.0,324,28.0,Standard,1
907,3,126678.89373000001,42226.29791,0.0,4.0,33,27.0,Standard,1
908,30,177629.75141,5920.991713666666,0.16666666666666666,3.6,17,27.0,Gold,0
909,5,104409.02293,20881.804586000002,0.4,3.4,11,31.0,Premium,0
910,7,17283.94559,2469.135084285714,0.0,3.857142857142857,10,18.0,Gold,0
911,32,323243.12718,10101.347724375,0.125,3.125,0,43.0,Silver,0
912,3,26814.519869999996,8938.173289999999,0.0,3.6666666666666665,29,43.0,Standard,0
914,1,604.09362,604.09362,0.0,6.0,36,33.0,Standard,0
916,2,4106.8574,2053.4287,0.0,4.5,490,26.0,Standard,1
917,3,38187.418340000004,12729.139446666668,0.3333333333333333,2.0,10,31.0,Silver,0
918,12,398244.52934999997,33187.0441125,0.08333333333333333,3.6666666666666665,23,24.0,Standard,0
919,1,28876.12875,28876.12875,0.0,4.0,147,31.0,Silver,0
920,1,125.39352000000001,125.39352000000001,0.0,6.0,559,27.0,Standard,1
921,5,17899.80819,3579.9616379999998,0.2,2.6,3,24.0,Standard,0
924,16,100281.98725,6267.624203125,0.0,3.6875,3,28.0,Standard,0
925,6,56009.61718,9334.936196666667,0.0,4.5,50,27.0,Gold,0
927,3,89187.54939,29729.18313,0.0,2.6666666666666665,7,27.0,Standard,1
928,5,42891.95608,8578.391216,0.0,4.0,3,30.0,Standard,1
929,34,440129.19271,12944.97625617647,0.08823529411764706,3.4411764705882355,26,31.0,Standard,0
930,12,208144.02281000002,17345.33523416667,0.25,2.75,16,30.0,Gold,0
932,5,12492.77419,2498.554838,0.2,3.6,100,31.0,Standard,1
933,8,225995.42369999998,28249.427962499998,0.0,4.0,10,18.0,Standard,1
934,2,15384.97721,7692.488605,0.0,3.0,33,25.0,Standard,0
936,3,72818.57590000001,24272.858633333337,0.3333333333333333,2.6666666666666665,34,24.0,Gold,1
938,1,102716.49377999999,102716.49377999999,0.0,3.0,1164,29.0,Standard,1
939,1,5339.200400000001,5339.200400000001,0.0,2.0,249,45.0,Silver,1
940,3,135566.54873999997,45188.84957999999,0.0,4.333333333333333,52,23.0,Gold,0
941,38,540598.9580699999,14226.288370263157,0.07894736842105263,3.026315789473684,61,26.0,Silver,0
942,13,480316.76029999997,36947.4431,0.0,3.8461538461538463,28,18.0,Gold,0
943,1,1607.7817499999999,1607.7817499999999,0.0,5.0,740,35.0,Silver,1
944,4,76955.0952,19238.7738,0.0,3.75,2,24.0,Premium,0
945,1,1380.20421,1380.20421,0.0,2.0,768,36.0,Gold,1
946,2,2083.40672,1041.70336,0.0,3.0,67,41.0,Silver,1
949,3,90793.92177999999,30264.64059333333,0.0,2.6666666666666665,469,44.0,Gold,1
950,2,1727.26924,863.63462,0.0,3.5,360,33.0,Premium,0
952,2,19770.51558,9885.25779,0.0,3.0,42,24.0,Premium,0
953,1,3927.3254999999995,3927.3254999999995,0.0,7.0,218,26.0,Silver,0
954,4,64042.62523,16010.6563075,0.0,3.5,51,39.0,Standard,1
955,1,2516.89434,2516.89434,0.0,4.0,72,39.0,Silver,0
956,5,34525.04711,6905.009422,0.0,4.0,99,24.0,Silver,1
957,15,156244.1477,10416.276513333334,0.0,3.1333333333333333,25,40.0,Silver,1
958,1,507.02236000000005,507.02236000000005,0.0,1.0,155,33.0,Gold,1
961,3,2266.68048,755.56016,0.3333333333333333,4.666666666666667,33,26.0,Premium,0
964,3,319166.42582,106388.80860666667,0.0,3.0,106,31.0,Standard,1
965,4,19059.763150000002,4764.940787500001,0.25,4.0,7,22.0,Silver,0
966,34,335369.65708,9863.81344352941,0.058823529411764705,4.0,3,40.0,Silver,0
967,47,1033452.27556,21988.34628851064,0.0425531914893617,3.1702127659574466,1,29.0,Standard,0
968,5,27805.39243,5561.078486,0.0,4.0,282,33.0,Silver,1
970,2,15827.594399999998,7913.797199999999,0.0,4.0,26,19.0,Gold,0
971,40,284898.94532,7122.473633,0.1,3.275,10,24.0,Silver,0
972,40,548190.6665599999,13704.766663999999,0.1,3.125,53,33.0,Standard,0
973,1,546.7473,546.7473,0.0,4.0,119,19.0,Standard,1
974,1,1432.34791,1432.34791,0.0,6.0,95,24.0,Standard,0
976,2,9763.10792,4881.55396,0.0,2.5,70,23.0,Standard,1
977,1,15244.38711,15244.38711,0.0,2.0,53,30.0,Gold,1
978,10,90861.34268999999,9086.134268999998,0.1,4.0,34,33.0,Gold,0
979,1,739.28248,739.28248,0.0,5.0,17,23.0,Silver,0
980,3,8724.36161,2908.120536666667,0.0,2.6666666666666665,65,18.0,Silver,1
982,2,6775.5133399999995,3387.7566699999998,0.0,1.0,545,37.0,Silver,1
983,2,867.6295,433.81475,0.0,4.0,115,26.0,Gold,1
984,1,1607.20776,1607.20776,0.0,2.0,260,18.0,Premium,1
985,1,5040.92358,5040.92358,0.0,3.0,47,53.0,Standard,1
986,4,54621.76442,13655.441105,0.0,2.5,33,25.0,Silver,0
987,1,311197.75659,311197.75659,0.0,2.0,117,36.0,Standard,0
988,2,9989.62948,4994.81474,0.0,4.5,115,19.0,Standard,1
989,2,37707.502250000005,18853.751125000003,0.0,4.0,57,38.0,Silver,1
990,4,17688.37572,4422.09393,0.25,3.0,336,33.0,Silver,1
991,5,10051.86492,2010.372984,0.0,3.2,50,36.0,Standard,0
992,1,5500.09068,5500.09068,0.0,1.0,13,22.0,Standard,0
993,32,613579.65833,19174.3643228125,0.0625,3.0,7,37.0,Silver,0
994,2,3657.5473,1828.77365,0.0,5.0,398,40.0,Standard,0
995,12,81979.38799999999,6831.615666666666,0.08333333333333333,4.833333333333333,107,32.0,Standard,0
996,6,36832.528920000004,6138.754820000001,0.0,4.666666666666667,9,22.0,Standard,0
997,1,1471.9918400000001,1471.9918400000001,0.0,4.0,54,18.0,Standard,1
998,2,17560.389000000003,8780.194500000001,0.0,3.5,494,24.0,Standard,0
1000,38,691512.612,18197.700315789472,0.05263157894736842,4.421052631578948,16,23.0,Premium,0
1001,5,19188.26296,3837.652592,0.4,3.2,78,53.0,Standard,0
1002,2,10345.354800000001,5172.6774000000005,0.0,1.0,490,26.0,Standard,1
1003,4,18236.48332,4559.12083,0.0,3.75,328,23.0,Standard,1
1004,3,5851.15198,1950.3839933333331,0.3333333333333333,4.0,397,37.0,Standard,1
1005,5,115180.37563,23036.075126,0.2,3.6,28,32.0,Standard,1
1006,11,380539.06129,34594.46011727273,0.18181818181818182,2.909090909090909,2,31.0,Standard,0
1007,1,20404.9692,20404.9692,0.0,3.0,12,29.0,Standard,1
1008,3,6391.602349999999,2130.5341166666663,0.0,4.666666666666667,32,20.0,Silver,0
1009,22,259309.11635000003,11786.778015909093,0.09090909090909091,2.8636363636363638,19,30.0,Gold,0
1010,2,16527.712919999998,8263.856459999999,0.0,2.5,168,23.0,Premium,0
1013,8,27129.35013,3391.16876625,0.0,4.0,23,43.0,Standard,0
1014,7,56981.30858,8140.18694,0.0,4.0,27,30.0,Gold,0
1015,2,24155.89599,12077.947995,0.0,4.0,326,29.0,Standard,1
1016,13,282754.37429,21750.336483846153,0.07692307692307693,3.8461538461538463,9,21.0,Gold,0
1017,3,9691.231950000001,3230.4106500000003,0.0,4.0,604,28.0,Gold,1
1018,3,43113.37402,14371.124673333334,0.3333333333333333,3.0,168,18.0,Standard,0
1019,23,190963.56001,8302.763478695651,0.13043478260869565,2.9130434782608696,4,42.0,Silver,0
1020,2,12060.26429,6030.132145,0.0,1.0,142,32.0,Premium,1
1022,2,11472.26916,5736.13458,0.0,2.0,35,35.0,Silver,0
1024,4,42915.08092,10728.77023,0.25,2.75,126,32.0,Standard,1
1025,16,156747.91592,9796.744745,0.0625,3.0,3,31.0,Standard,0
1026,2,4117.08824,2058.54412,0.0,1.5,39,29.0,Gold,0
1027,4,8052.50973,2013.1274325,0.0,4.5,73,24.0,Standard,1
1029,1,5009.95508,5009.95508,0.0,3.0,333,49.0,Premium,0
1030,1,2469.9753600000004,2469.9753600000004,0.0,4.0,25,36.0,Standard,1
1031,3,98464.12269,32821.37423,0.3333333333333333,3.0,62,18.0,Premium,1
1033,3,93869.76658,31289.922193333332,0.0,3.0,3,23.0,Silver,1
1034,16,306220.78622,19138.79913875,0.3125,3.4375,20,31.0,Standard,0
1035,5,86717.21317,17343.442634,0.0,4.6,64,31.0,Standard,1
1036,2,1547.05736,773.52868,0.0,2.5,27,35.0,Standard,1
1037,14,95733.19847999999,6838.0856057142855,0.21428571428571427,3.2142857142857144,38,36.0,Standard,0
1038,10,168837.92567,16883.792567,0.2,3.1,23,40.0,Standard,0
1039,1,73064.46136,73064.46136,0.0,4.0,87,35.0,Standard,0
1040,1,49560.85552,49560.85552,0.0,5.0,111,27.0,Premium,1
1042,2,3394.20932,1697.10466,0.0,5.0,1,40.0,Gold,1
1044,3,46784.45861,15594.819536666668,0.3333333333333333,2.6666666666666665,54,27.0,Standard,1
1045,7,171227.62112,24461.088731428572,0.0,3.5714285714285716,3,34.0,Standard,0
1046,1,6087.59024,6087.59024,0.0,4.0,89,23.0,Gold,1
1047,4,220394.29573999997,55098.57393499999,0.0,5.0,7,43.0,Standard,1
1048,2,20474.943819999997,10237.471909999998,0.0,5.0,4,20.0,Standard,0
1049,1,685.07623,685.07623,0.0,3.0,370,54.0,Standard,1
1050,4,8683.52967,2170.8824175,0.25,3.0,193,18.0,Standard,0
1051,15,113744.98427,7582.998951333333,0.06666666666666667,4.533333333333333,3,18.0,Standard,0
1054,5,45964.55092,9192.910184,0.0,3.6,9,25.0,Standard,0
1055,2,2455.3528800000004,1227.6764400000002,0.0,3.0,81,31.0,Silver,1
1057,3,56316.64312000001,18772.214373333336,0.0,2.0,465,38.0,Standard,1
1058,1,8143.5963600000005,8143.5963600000005,0.0,1.0,130,50.0,Standard,1
1059,25,102497.70455,4099.908182,0.12,3.44,23,39.0,Gold,0
1060,1,48605.31597999999,48605.31597999999,0.0,2.0,119,32.0,Gold,1
1061,1,570.8910999999999,570.8910999999999,0.0,4.0,905,25.0,Standard,1
1062,2,41606.94726,20803.47363,0.0,2.5,164,23.0,Silver,1
1063,1,235104.17296,235104.17296,0.0,3.0,1018,24.0,Standard,1
1064,2,1107.18762,553.59381,0.0,5.0,217,32.0,Standard,0
1065,33,310586.33468,9411.707111515152,0.030303030303030304,4.151515151515151,1,43.0,Gold,1
1068,3,6549.62383,2183.2079433333333,0.0,3.6666666666666665,5,37.0,Standard,1
1069,1,7244.583680000001,7244.583680000001,0.0,5.0,51,28.0,Standard,1
1070,5,134133.71749,26826.743498000003,0.0,3.0,80,35.0,Silver,1
1071,1,1257.6965500000001,1257.6965500000001,0.0,4.0,50,38.0,Standard,0
1072,1,1489.6922000000002,1489.6922000000002,0.0,6.0,97,38.0,Silver,1
1074,1,179.80038,179.80038,0.0,3.0,632,24.0,Standard,1
1075,3,14458.549280000001,4819.516426666667,0.0,2.3333333333333335,21,35.0,Standard,0
1076,1,2520.87075,2520.87075,0.0,4.0,253,45.0,Silver,1
1078,4,6941.046560000001,1735.2616400000002,0.0,4.5,20,18.0,Standard,1
1079,1,1562.0835000000002,1562.0835000000002,1.0,2.0,192,18.0,Standard,0
1080,2,252290.13336000004,126145.06668000002,0.0,1.0,105,20.0,Standard,1
1081,1,2772.54516,2772.54516,0.0,6.0,727,27.0,Gold,1
1082,1,7850.603500000001,7850.603500000001,0.0,5.0,241,37.0,Silver,0
1083,3,71673.59043000001,23891.196810000005,0.0,3.6666666666666665,1,20.0,Silver,0
1084,2,3392.03222,1696.01611,0.0,4.0,425,42.0,Standard,0
1085,2,14692.648500000001,7346.324250000001,0.0,4.0,361,29.0,Silver,0
1086,2,11661.02478,5830.51239,0.0,6.0,108,34.0,Standard,1
1087,3,17288.769,5762.923,0.3333333333333333,3.0,264,34.0,Silver,0
1089,12,477883.76966,39823.64747166666,0.08333333333333333,4.916666666666667,87,29.0,Standard,0
1090,5,34250.28712,6850.0574240000005,0.0,4.4,213,47.0,Standard,1
1091,7,482153.7547800001,68879.1078257143,0.0,3.5714285714285716,242,31.0,Standard,0
1092,1,1056.5921199999998,1056.5921199999998,0.0,3.0,25,47.0,Silver,0
1093,1,720.18403,720.18403,0.0,4.0,581,35.0,Standard,1
1095,1,5306.9454,5306.9454,0.0,4.0,27,31.0,Standard,0
1096,3,125872.87706000001,41957.62568666667,0.0,3.0,143,32.0,Standard,0
1097,2,22246.46318,11123.23159,0.0,4.0,11,21.0,Standard,0
1098,1,3202.33254,3202.33254,0.0,3.0,94,28.0,Standard,1
1099,1,5084.54448,5084.54448,0.0,6.0,445,18.0,Standard,1
1101,6,440817.5873699999,73469.59789499998,0.0,4.0,24,32.0,Standard,0
1102,9,291233.15785,32359.239761111112,0.0,4.444444444444445,5,25.0,Standard,0
1103,19,449864.75685,23677.092465789476,0.10526315789473684,2.5789473684210527,15,31.0,Standard,0
1104,4,119621.64993000001,29905.412482500004,0.0,2.0,206,47.0,Standard,1
1106,7,52482.07642,7497.439488571428,0.14285714285714285,3.4285714285714284,39,31.0,Standard,0
1107,3,24485.1465,8161.715499999999,0.3333333333333333,4.0,11,35.0,Standard,1
1108,3,36460.37322,12153.45774,0.0,3.3333333333333335,46,37.0,Gold,1
1109,8,30913.164080000002,3864.1455100000003,0.125,3.375,128,31.0,Standard,1
1111,2,23388.66,11694.33,0.0,3.5,119,30.0,Standard,0
1112,5,137689.63524,27537.927048,0.0,3.2,210,26.0,Standard,1
1114,13,83385.91926000001,6414.301481538462,0.3076923076923077,3.6923076923076925,2,44.0,Standard,0
1115,7,45064.88051,6437.840072857143,0.14285714285714285,3.2857142857142856,47,33.0,Standard,0
1116,1,5209.2677,5209.2677,0.0,3.0,231,25.0,Gold,1
1117,1,6312.270879999999,6312.270879999999,0.0,2.0,528,21.0,Standard,1
1119,5,132752.37656,26550.475312000002,0.0,3.0,38,39.0,Standard,1
1120,33,216292.63945,6554.322407575757,0.09090909090909091,3.5757575757575757,18,28.0,Premium,0
1122,1,2979.9235200000003,2979.9235200000003,0.0,3.0,8,21.0,Silver,1
1123,3,21715.82279,7238.607596666666,0.0,2.3333333333333335,172,35.0,Standard,1
1124,10,250884.58058,25088.458058,0.0,3.4,4,26.0,Gold,1
1125,3,9541.75749,3180.58583,0.3333333333333333,5.0,45,45.0,Gold,0
1127,3,21721.30938,7240.43646,0.0,3.3333333333333335,356,23.0,Standard,1
1128,4,15229.88636,3807.47159,0.25,3.75,157,18.0,Standard,0
1129,37,250741.20037,6776.789199189189,0.02702702702702703,4.486486486486487,53,44.0,Silver,0
1130,6,113150.93500000001,18858.48916666667,0.16666666666666666,3.5,30,31.0,Standard,1
1131,1,3388.68924,3388.68924,0.0,1.0,452,26.0,Premium,1
1132,1,909.1533,909.1533,0.0,1.0,320,30.0,Standard,1
1133,8,21714.49539,2714.31192375,0.0,3.375,17,36.0,Silver,0
1134,13,438827.49260999996,33755.96097,0.07692307692307693,3.6923076923076925,26,29.0,Standard,0
1135,1,12625.51048,12625.51048,0.0,6.0,118,41.0,Standard,1
1136,8,63596.98285,7949.62285625,0.0,4.25,17,18.0,Gold,0
1137,3,29701.34765,9900.449216666666,0.0,3.0,113,19.0,Standard,0
1138,12,234015.5448,19501.2954,0.16666666666666666,3.5,39,21.0,Gold,0
1139,1,30228.155020000002,30228.155020000002,0.0,2.0,639,28.0,Standard,1
1140,2,76399.38561,38199.692805,0.0,3.0,69,27.0,Silver,1
1141,1,1270.7914,1270.7914,0.0,4.0,290,26.0,Gold,1
1142,1,433.95300000000003,433.95300000000003,0.0,3.0,492,35.0,Gold,0
1143,4,7816.250550000001,1954.0626375000002,0.0,2.5,136,21.0,Silver,1
1144,1,576.22838,576.22838,0.0,3.0,1034,41.0,Standard,1
1145,49,626157.4413599999,12778.723293061223,0.04081632653061224,4.346938775510204,6,26.0,Standard,0
1146,1,2323.1121,2323.1121,0.0,4.0,8,28.0,Standard,0
1147,1,1157.13741,1157.13741,0.0,6.0,224,36.0,Gold,0
1148,2,6895.80471,3447.902355,0.0,2.5,134,23.0,Standard,1
1149,51,668073.63144,13099.482969411765,0.0392156862745098,3.2745098039215685,4,28.0,Silver,1
1150,5,99398.45804,19879.691608,0.2,4.0,145,36.0,Silver,0
1151,1,19772.14488,19772.14488,0.0,4.0,25,28.0,Silver,0
1152,7,276729.18162,39532.74023142857,0.14285714285714285,3.142857142857143,51,18.0,Standard,0
1154,4,21684.88407,5421.2210175,0.0,3.25,90,18.0,Gold,0
1156,3,3227.74845,1075.91615,0.0,3.0,260,29.0,Silver,0
1157,2,15264.24015,7632.120075,0.0,2.5,24,28.0,Standard,0
1158,35,528431.60043,15098.045726571429,0.05714285714285714,3.5142857142857142,0,40.0,Silver,0
1160,3,35453.70572,11817.901906666666,0.0,3.0,112,31.0,Silver,1
1161,2,39243.25758,19621.62879,0.0,6.0,18,23.0,Standard,1
1162,33,191142.08189,5792.18429969697,0.06060606060606061,3.515151515151515,2,18.0,Standard,0
1163,28,221528.80440999998,7911.743014642857,0.07142857142857142,3.857142857142857,10,37.0,Standard,0
1164,24,179973.07226000002,7498.878010833334,0.041666666666666664,3.9166666666666665,2,20.0,Silver,0
1166,11,130214.54694,11837.686085454545,0.09090909090909091,3.3636363636363638,48,38.0,Standard,0
1170,4,31399.54232,7849.88558,0.0,2.5,37,34.0,Silver,1
1171,4,65109.6466,16277.41165,0.0,4.75,56,36.0,Silver,1
1172,5,21441.74282,4288.348564,0.2,4.6,49,18.0,Silver,1
1174,1,633.0186299999999,633.0186299999999,0.0,6.0,88,32.0,Standard,0
1176,1,9205.62546,9205.62546,0.0,3.0,420,34.0,Gold,1
1177,4,122396.41694,30599.104235,0.0,4.75,192,19.0,Silver,1
1178,9,128868.31410999998,14318.701567777774,0.1111111111111111,3.3333333333333335,14,34.0,Standard,0
1179,2,2117.2295400000003,1058.6147700000001,0.0,3.0,74,18.0,Standard,0
1180,2,23138.571450000003,11569.285725000002,0.0,4.5,324,31.0,Silver,1
1181,8,264222.41143000004,33027.801428750005,0.0,2.0,103,34.0,Gold,0
1182,1,146494.53024,146494.53024,0.0,2.0,838,18.0,Standard,1
1183,42,785109.58728,18693.085411428572,0.07142857142857142,3.380952380952381,1,30.0,Gold,0
1184,2,23417.119179999998,11708.559589999999,0.0,3.0,142,26.0,Silver,1
1185,31,388582.41736,12534.91668903226,0.06451612903225806,3.4516129032258065,37,52.0,Standard,0
1187,1,30874.801050000002,30874.801050000002,0.0,5.0,28,24.0,Silver,1
1189,44,644626.57173,14650.603902954545,0.045454545454545456,3.3863636363636362,11,41.0,Standard,0
1191,2,2613.45612,1306.72806,0.5,3.0,204,19.0,Standard,1
1192,8,95505.85982,11938.2324775,0.0,4.5,39,20.0,Premium,0
1193,1,8543.93241,8543.93241,0.0,3.0,379,33.0,Standard,1
1194,10,131483.37963,13148.337963000002,0.0,3.2,169,40.0,Standard,0
1195,1,4041.22188,4041.22188,0.0,2.0,297,22.0,Standard,0
1196,39,960930.40087,24639.24104794872,0.1282051282051282,4.615384615384615,6,20.0,Silver,0
1197,7,36193.75064,5170.535805714286,0.0,4.571428571428571,88,24.0,Standard,0
1199,1,5118.72774,5118.72774,0.0,3.0,1042,43.0,Silver,1
1200,4,63860.78814999999,15965.197037499998,0.0,3.5,63,18.0,Standard,0
1201,2,38661.794740000005,19330.897370000002,0.0,4.0,181,26.0,Silver,1
1203,45,130712.30501,2904.717889111111,0.06666666666666667,3.2444444444444445,10,37.0,Standard,0
1204,1,10181.768339999999,10181.768339999999,0.0,3.0,293,41.0,Standard,0
1205,2,4204.49935,2102.249675,0.5,4.0,225,30.0,Standard,1
1206,3,32239.99839,10746.66613,0.0,2.3333333333333335,135,28.0,Standard,0
1207,27,253379.77897,9384.43625814815,0.037037037037037035,3.4074074074074074,23,27.0,Standard,0
1208,1,3290.93159,3290.93159,0.0,4.0,189,44.0,Gold,0
1209,1,9889.08096,9889.08096,0.0,6.0,54,31.0,Standard,0
1210,1,4253.520960000001,4253.520960000001,0.0,4.0,251,23.0,Gold,1
1211,3,14353.42144,4784.473813333333,0.6666666666666666,3.3333333333333335,57,32.0,Gold,0
1212,1,4687.61715,4687.61715,0.0,4.0,312,34.0,Silver,1
1213,2,8915.08515,4457.542575,0.0,2.0,17,36.0,Standard,0
1214,2,2257.80935,1128.904675,0.0,4.0,90,38.0,Premium,1
1215,4,24047.23151,6011.8078775,0.0,4.0,302,41.0,Gold,0
1216,8,218002.92278999998,27250.365348749998,0.125,4.375,19,26.0,Standard,1
1218,3,4359.57632,1453.1921066666666,0.0,4.333333333333333,40,43.0,Standard,1
1219,3,1706.7617600000003,568.9205866666667,0.0,3.3333333333333335,279,19.0,Standard,1
1221,2,40093.160429999996,20046.580214999998,0.0,4.0,154,46.0,Silver,1
1222,4,67675.29033,16918.8225825,0.0,3.25,145,40.0,Standard,1
1224,11,466746.09031,42431.462755454544,0.0,2.4545454545454546,65,31.0,Gold,0
1225,8,15923.487939999999,1990.4359924999999,0.0,4.125,73,43.0,Standard,1
1226,3,36937.61592,12312.538639999999,0.0,2.6666666666666665,86,34.0,Premium,0
1227,18,61447.06189,3413.7256605555554,0.05555555555555555,3.0,6,24.0,Standard,0
1228,3,6566.25151,2188.750503333333,0.0,2.3333333333333335,43,30.0,Gold,1
1229,2,11733.48444,5866.74222,0.0,3.0,930,18.0,Gold,1
1234,2,5717.0765200000005,2858.5382600000003,0.0,5.5,144,30.0,Standard,0
1236,1,504.02352,504.02352,0.0,5.0,557,39.0,Standard,1
1237,1,2360.53888,2360.53888,0.0,3.0,47,19.0,Silver,0
1238,2,3681.90645,1840.953225,0.0,4.5,17,48.0,Gold,0
1239,3,3133.7823700000004,1044.5941233333335,0.0,3.6666666666666665,233,18.0,Gold,1
1240,1,1351.66976,1351.66976,0.0,3.0,361,54.0,Silver,1
1241,1,1331.59788,1331.59788,0.0,5.0,25,31.0,Standard,1
1242,1,2851.13466,2851.13466,0.0,4.0,616,36.0,Standard,1
1243,36,304953.3233,8470.925647222222,0.05555555555555555,4.111111111111111,11,24.0,Standard,0
1244,1,4450.23363,4450.23363,0.0,3.0,186,18.0,Standard,1
1245,4,239947.87866999998,59986.969667499994,0.0,3.25,33,18.0,Standard,0
1246,13,99087.01161999999,7622.077816923076,0.0,4.153846153846154,143,31.0,Premium,0
1247,1,4745.322,4745.322,0.0,6.0,518,38.0,Gold,0
1248,42,150191.76278,3575.9943519047615,0.047619047619047616,3.357142857142857,1,32.0,Standard,0
1249,34,843190.4912,24799.720329411764,0.08823529411764706,3.2941176470588234,18,28.0,Standard,0
1251,5,257482.20471,51496.440942,0.2,3.4,0,48.0,Standard,0
1252,2,67883.13554999999,33941.567774999996,0.0,5.0,249,51.0,Standard,0
1253,40,898235.11231,22455.87780775,0.075,4.05,36,33.0,Standard,0
1254,7,42393.408299999996,6056.201185714285,0.0,3.0,53,18.0,Standard,0
1255,12,177106.71407999998,14758.892839999999,0.16666666666666666,3.1666666666666665,98,27.0,Standard,0
1256,1,1981.25298,1981.25298,0.0,2.0,587,20.0,Silver,1
1257,4,17074.290090000002,4268.572522500001,0.0,2.75,151,40.0,Standard,1
1259,2,25809.511029999998,12904.755514999999,0.0,4.0,30,18.0,Standard,1
1261,4,11230.57216,2807.64304,0.25,2.75,155,45.0,Standard,1
1262,35,310302.40576,8865.783021714285,0.05714285714285714,3.142857142857143,28,36.0,Gold,0
1263,13,251533.24375,19348.711057692308,0.07692307692307693,4.769230769230769,24,24.0,Premium,0
1265,2,4626.94246,2313.47123,0.5,4.5,294,39.0,Standard,1
1266,2,11998.537080000002,5999.268540000001,0.0,4.5,209,22.0,Standard,1
1267,1,3195.11611,3195.11611,0.0,3.0,2,21.0,Premium,0
1268,1,1117.30492,1117.30492,1.0,2.0,267,25.0,Standard,1
1269,34,621061.62249,18266.518308529412,0.058823529411764705,4.235294117647059,11,38.0,Silver,0
1270,2,1002.21795,501.108975,0.0,4.5,87,21.0,Standard,1
1271,2,252.54928999999998,126.27464499999999,0.5,5.5,0,23.0,Standard,1
1272,2,2925.1202200000002,1462.5601100000001,0.0,4.5,221,37.0,Standard,0
1273,3,22755.90509,7585.301696666666,0.0,1.6666666666666667,52,25.0,Standard,0
1274,1,18741.85128,18741.85128,0.0,4.0,61,20.0,Standard,0
1275,1,81.62357,81.62357,0.0,3.0,13,45.0,Standard,1
1276,5,15630.094439999999,3126.0188879999996,0.0,4.6,64,24.0,Premium,1
1278,6,33681.31219,5613.552031666666,0.0,3.8333333333333335,134,22.0,Standard,0
1279,3,32399.30864,10799.769546666666,0.6666666666666666,4.0,34,27.0,Standard,1
1281,6,21613.78949,3602.298248333333,0.0,3.5,6,39.0,Standard,1
1283,5,242957.3538,48591.470760000004,0.2,3.8,340,40.0,Standard,1
1284,2,3798.6021200000005,1899.3010600000002,0.0,3.5,119,45.0,Standard,0
1285,41,402449.7171,9815.846758536585,0.04878048780487805,4.2926829268292686,3,38.0,Standard,0
1286,40,218455.66809000002,5461.391702250001,0.05,3.0,68,18.0,Standard,0
1287,26,442825.25329,17031.740511153846,0.038461538461538464,3.230769230769231,1,18.0,Standard,0
1288,33,581737.05707,17628.395668787878,0.030303030303030304,3.1515151515151514,1,30.0,Standard,0
1289,2,10747.7196,5373.8598,0.0,6.0,178,25.0,Gold,1
1290,9,32365.55373,3596.1726366666667,0.1111111111111111,3.2222222222222223,13,33.0,Silver,0
1292,5,37917.4699,7583.493979999999,0.0,3.8,32,39.0,Standard,0
1293,1,107.02156,107.02156,0.0,3.0,229,34.0,Silver,1
1294,2,97872.37816000001,48936.189080000004,0.0,2.0,721,18.0,Standard,1
1296,2,2922.48456,1461.24228,0.0,5.5,57,40.0,Gold,1
1297,8,423695.20515,52961.90064375,0.125,2.125,32,27.0,Premium,1
1298,1,96.92280000000001,96.92280000000001,0.0,4.0,980,25.0,Silver,0
1300,41,703452.0347200001,17157.366700487808,0.024390243902439025,3.5853658536585367,2,39.0,Standard,0
1301,1,462.98012,462.98012,0.0,5.0,0,37.0,Premium,0
1302,3,4273.75416,1424.58472,0.0,4.0,395,35.0,Silver,1
1304,2,5820.313550000001,2910.1567750000004,0.0,3.0,55,23.0,Standard,1
1305,1,1171.41012,1171.41012,0.0,2.0,25,27.0,Standard,1
1306,1,23000.42382,23000.42382,0.0,4.0,181,47.0,Silver,1
1308,2,7615.64616,3807.82308,0.0,5.0,218,31.0,Silver,1
1309,5,28543.5932,5708.71864,0.2,3.2,15,22.0,Standard,1
1310,3,27136.55921,9045.519736666667,0.0,3.3333333333333335,230,39.0,Silver,1
1311,18,242692.39237000002,13482.910687222224,0.05555555555555555,3.611111111111111,11,29.0,Standard,0
1312,1,8124.282480000001,8124.282480000001,0.0,7.0,243,39.0,Standard,1
1314,2,16868.322979999997,8434.161489999999,0.0,4.0,15,18.0,Silver,1
1315,1,568.8691999999999,568.8691999999999,0.0,1.0,71,29.0,Standard,1
1316,6,104300.11373,17383.35228833333,0.0,2.6666666666666665,65,41.0,Silver,1
1317,2,12925.501500000002,6462.750750000001,0.0,2.0,205,26.0,Silver,1
1318,4,41776.74770000001,10444.186925000002,0.0,2.25,168,26.0,Standard,1
1319,3,10606.05906,3535.35302,0.0,2.0,24,26.0,Silver,1
1320,1,555.00444,555.00444,0.0,6.0,62,39.0,Silver,0
1321,44,686086.1505,15592.867056818182,0.09090909090909091,4.159090909090909,14,45.0,Standard,0
1322,3,40367.21999,13455.739996666665,0.0,3.3333333333333335,97,35.0,Standard,0
1324,1,5241.272400000001,5241.272400000001,0.0,5.0,152,35.0,Silver,1
1328,1,54184.996300000006,54184.996300000006,0.0,2.0,487,23.0,Standard,1
1329,3,19004.29824,6334.76608,0.0,5.333333333333333,451,31.0,Standard,1
1330,2,42550.86478,21275.43239,0.5,2.0,858,45.0,Standard,1
1331,37,667218.92855,18032.944014864865,0.10810810810810811,3.2162162162162162,5,44.0,Standard,0
1332,1,556.24436,556.24436,0.0,3.0,147,35.0,Standard,1
1334,8,28542.17257,3567.77157125,0.125,5.375,85,18.0,Standard,1
1335,7,41261.38699,5894.483855714286,0.0,4.0,45,30.0,Silver,1
1336,2,230818.8791,115409.43955,0.0,2.0,115,35.0,Standard,1
1337,2,10978.66838,5489.33419,0.0,2.0,2,43.0,Standard,1
1339,3,18901.53918,6300.51306,0.0,3.3333333333333335,161,43.0,Silver,0
1340,2,966.30996,483.15498,0.0,3.5,694,19.0,Standard,1
1341,3,5648.53494,1882.8449799999999,0.3333333333333333,3.6666666666666665,132,39.0,Gold,1
1342,2,10127.555260000001,5063.7776300000005,0.0,2.0,54,30.0,Silver,0
1344,41,438641.78381,10698.58009292683,0.12195121951219512,3.902439024390244,4,38.0,Standard,0
1345,3,25352.963999999996,8450.988,0.0,2.6666666666666665,96,18.0,Silver,1
1346,1,1346.32924,1346.32924,0.0,3.0,195,18.0,Standard,0
1347,1,1986.387,1986.387,1.0,4.0,94,23.0,Standard,1
1348,2,4119.22418,2059.61209,1.0,3.5,48,38.0,Silver,1
1349,9,31287.710870000003,3476.4123188888893,0.0,3.111111111111111,20,44.0,Gold,1
1350,15,57704.876469999996,3846.9917646666663,0.0,4.133333333333334,1,18.0,Standard,0
1351,8,104384.50544000001,13048.063180000001,0.0,4.75,67,28.0,Premium,0
1352,2,94708.37421,47354.187105,0.0,3.0,355,34.0,Silver,1
1353,7,41003.70115,5857.671592857143,0.0,3.7142857142857144,36,31.0,Standard,0
1354,1,1245.53294,1245.53294,0.0,3.0,84,38.0,Standard,0
1355,1,109564.15232,109564.15232,0.0,5.0,333,28.0,Standard,0
1356,6,11154.74295,1859.123825,0.0,3.5,121,26.0,Premium,0
1357,2,13494.012,6747.006,0.0,2.5,55,20.0,Gold,1
1358,1,1363.57512,1363.57512,0.0,4.0,265,28.0,Standard,1
1359,4,38509.90549999999,9627.476374999998,0.25,3.25,67,37.0,Gold,0
1360,31,690797.05602,22283.77600064516,0.03225806451612903,3.903225806451613,15,32.0,Silver,0
1361,48,354483.42328,7385.071318333333,0.0,3.2916666666666665,15,43.0,Standard,0
1362,1,2920.81248,2920.81248,0.0,4.0,46,18.0,Standard,1
1363,3,23762.09205,7920.6973499999995,0.0,3.0,76,43.0,Gold,1
1364,27,250335.63742,9271.690274814815,0.1111111111111111,2.925925925925926,2,28.0,Silver,0
1365,2,33851.046239999996,16925.523119999998,0.5,4.0,77,24.0,Standard,0
1366,15,196284.66258,13085.644172,0.0,3.6,15,24.0,Premium,0
1368,4,217627.40299,54406.8507475,0.0,2.0,102,40.0,Silver,1
1369,4,141585.87092000002,35396.467730000004,0.0,2.5,5,28.0,Silver,1
1370,6,293079.4855,48846.580916666666,0.16666666666666666,4.166666666666667,3,31.0,Standard,0
1371,5,27518.76664,5503.753328000001,0.2,4.4,98,18.0,Silver,1
1372,50,527802.9269,10556.058538,0.02,3.02,0,34.0,Standard,0
1373,2,26024.68675,13012.343375,0.0,4.0,134,25.0,Standard,1
1374,1,1048.87315,1048.87315,1.0,7.0,469,48.0,Premium,1
1376,1,14555.54236,14555.54236,0.0,2.0,131,25.0,Silver,1
1377,3,3592.8754,1197.6251333333332,0.0,3.0,26,29.0,Gold,1
1378,3,18690.00953,6230.003176666666,0.3333333333333333,4.666666666666667,379,18.0,Standard,0
1379,3,15674.75492,5224.9183066666665,0.3333333333333333,2.3333333333333335,246,21.0,Standard,1
1380,1,2932.9108,2932.9108,0.0,3.0,33,32.0,Silver,0
1381,40,340230.1131,8505.7528275,0.075,3.775,10,28.0,Silver,0
1382,4,72705.23711,18176.3092775,0.0,4.0,0,20.0,Standard,0
1383,2,9782.297419999999,4891.1487099999995,0.0,3.5,12,19.0,Standard,1
1384,8,93605.70812,11700.713515,0.0,2.625,70,39.0,Silver,0
1385,37,697690.53795,18856.501025675676,0.02702702702702703,4.702702702702703,33,39.0,Silver,0
1387,11,163647.93169,14877.084699090909,0.0,3.6363636363636362,5,39.0,Standard,0
1388,24,540956.73217,22539.863840416667,0.08333333333333333,3.4583333333333335,0,41.0,Standard,0
1389,29,676517.60401,23328.193241724137,0.034482758620689655,3.310344827586207,3,19.0,Silver,0
1390,3,129773.94038999999,43257.980129999996,0.0,4.333333333333333,102,19.0,Standard,0
1393,2,11093.777640000002,5546.888820000001,0.0,5.5,45,29.0,Standard,1
1395,7,25396.63991,3628.091415714286,0.0,3.5714285714285716,41,35.0,Gold,1
1396,25,200154.27385,8006.170954,0.04,3.04,9,35.0,Premium,0
1397,1,540.0847200000001,540.0847200000001,1.0,5.0,6,32.0,Silver,1
1398,9,48219.87467999999,5357.763853333333,0.1111111111111111,3.6666666666666665,14,20.0,Standard,0
1400,1,62739.3395,62739.3395,0.0,2.0,166,31.0,Standard,1
1401,1,469.28585000000004,469.28585000000004,0.0,3.0,264,23.0,Standard,1
1402,3,15551.16325,5183.721083333333,0.0,4.0,43,30.0,Standard,1
1403,2,18998.13722,9499.06861,0.0,4.0,19,32.0,Standard,1
1404,2,3594.91755,1797.458775,0.0,2.5,160,29.0,Standard,1
1405,1,1352.45577,1352.45577,0.0,3.0,454,37.0,Premium,1
1406,1,1277.31231,1277.31231,0.0,5.0,506,25.0,Silver,0
1407,4,17199.16807,4299.7920175,0.0,5.0,4,48.0,Standard,1
1409,39,701756.53084,17993.75720102564,0.07692307692307693,2.8461538461538463,55,36.0,Silver,0
1410,9,72256.25957000001,8028.473285555557,0.0,3.6666666666666665,2,27.0,Standard,0
1411,2,15943.39362,7971.69681,0.0,1.0,67,36.0,Silver,1
1412,2,11841.42906,5920.71453,0.0,3.5,171,19.0,Gold,1
1413,1,7715.0102400000005,7715.0102400000005,0.0,3.0,42,29.0,Silver,0
1414,3,4161.93675,1387.31225,0.0,3.6666666666666665,75,21.0,Standard,0
1415,4,237636.22077999997,59409.05519499999,0.0,4.5,245,31.0,Standard,0
1416,2,3835.20439,1917.602195,0.0,3.5,5,37.0,Standard,1
1417,6,79201.74909,13200.291514999999,0.16666666666666666,4.333333333333333,143,41.0,Standard,0
1418,7,50505.14779,7215.021112857144,0.0,2.5714285714285716,24,30.0,Standard,0
1420,29,113597.17042000001,3917.143807586207,0.034482758620689655,4.379310344827586,3,44.0,Standard,0
1421,4,23194.399,5798.59975,0.0,4.0,1,18.0,Standard,0
1422,1,41336.31996,41336.31996,0.0,4.0,441,27.0,Standard,1
1425,2,6585.96742,3292.98371,0.0,3.5,449,30.0,Standard,1
1426,10,195129.85989000002,19512.985989,0.1,3.0,81,27.0,Silver,0
1427,2,4290.69635,2145.348175,0.0,3.5,180,27.0,Standard,0
1428,1,478.41524999999996,478.41524999999996,0.0,5.0,61,34.0,Gold,0
1429,1,600.2503,600.2503,0.0,6.0,83,30.0,Standard,1
1430,4,16994.94686,4248.736715,0.0,4.0,4,19.0,Standard,0
1431,2,17791.43778,8895.71889,0.0,4.5,173,18.0,Silver,1
1432,10,336547.15114,33654.715114,0.0,3.4,23,33.0,Silver,0
1434,7,130646.51568,18663.787954285715,0.0,3.142857142857143,32,44.0,Silver,1
1435,5,19329.256090000003,3865.8512180000007,0.0,4.6,110,29.0,Silver,1
1436,17,222139.21206,13067.012474117646,0.11764705882352941,3.9411764705882355,132,23.0,Standard,1
1437,1,36337.18767,36337.18767,0.0,4.0,67,33.0,Standard,1
1439,43,530733.66286,12342.643322325583,0.046511627906976744,3.395348837209302,18,25.0,Standard,1
1440,2,1916.84701,958.423505,0.0,6.0,68,31.0,Silver,0
1441,1,315.3659,315.3659,0.0,4.0,1148,28.0,Standard,1
1442,2,97476.65086000001,48738.325430000004,0.0,2.0,9,31.0,Standard,1
1443,2,12987.28392,6493.64196,0.0,4.5,464,26.0,Standard,1
1444,2,3174.57078,1587.28539,0.0,4.0,278,32.0,Standard,1
1447,36,230297.63148,6397.15643,0.05555555555555555,3.25,36,24.0,Silver,0
1448,1,129102.28240000001,129102.28240000001,0.0,6.0,344,27.0,Gold,1
1449,1,7274.160519999999,7274.160519999999,0.0,1.0,130,26.0,Standard,0
1450,3,15472.62061,5157.540203333333,0.0,6.0,78,25.0,Standard,1
1451,2,40400.87171,20200.435855,0.0,5.0,18,24.0,Standard,0
1452,39,815340.9595,20906.17844871795,0.07692307692307693,2.9743589743589745,22,33.0,Standard,0
1453,5,40978.9663,8195.79326,0.0,3.6,8,28.0,Silver,0
1454,43,670471.23106,15592.354210697675,0.046511627906976744,3.4186046511627906,1,22.0,Standard,0
1455,1,99.62034,99.62034,0.0,6.0,96,34.0,Standard,0
1456,27,520218.30681,19267.344696666667,0.037037037037037035,2.888888888888889,25,26.0,Silver,0
1458,9,54487.914789999995,6054.212754444444,0.1111111111111111,3.2222222222222223,51,18.0,Gold,0
1460,13,322188.50355,24783.731042307692,0.23076923076923078,3.5384615384615383,17,34.0,Silver,0
1461,1,96737.0168,96737.0168,1.0,7.0,160,20.0,Silver,1
1462,8,314837.54018,39354.6925225,0.125,3.375,4,34.0,Standard,1
1463,1,17801.59262,17801.59262,0.0,4.0,194,30.0,Silver,1
1464,2,1154.9629800000002,577.4814900000001,0.0,5.5,74,28.0,Standard,1
1465,1,3641.5845600000002,3641.5845600000002,1.0,2.0,788,29.0,Gold,0
1466,2,6997.7306499999995,3498.8653249999998,0.0,5.5,117,32.0,Standard,1
1467,1,11712.861,11712.861,0.0,6.0,185,18.0,Standard,1
1468,3,8767.277189999999,2922.4257299999995,0.0,3.3333333333333335,50,42.0,Silver,1
1469,2,6901.161690000001,3450.5808450000004,0.0,2.5,77,40.0,Gold,1
1470,16,276715.34199,17294.708874375,0.0625,3.75,77,27.0,Silver,0
1471,6,14796.964059999998,2466.1606766666664,0.0,4.0,32,40.0,Premium,1
1472,1,571.12803,571.12803,0.0,4.0,241,32.0,Standard,1
1473,4,140357.15261999998,35089.288154999995,0.0,3.25,44,38.0,Standard,1
1475,5,58186.12691,11637.225382,0.0,3.6,41,24.0,Standard,1
1476,4,30162.85594,7540.713985,0.0,3.0,156,18.0,Standard,0
1477,2,3110.59232,1555.29616,0.0,2.5,81,26.0,Silver,1
1478,5,26596.74429,5319.348857999999,0.0,3.0,122,41.0,Gold,0
1479,1,1367.6309999999999,1367.6309999999999,0.0,3.0,1,47.0,Silver,0
1480,3,11958.44455,3986.1481833333332,0.0,3.3333333333333335,94,39.0,Standard,0
1481,4,15112.56432,3778.14108,0.0,2.75,225,23.0,Standard,1
1482,2,2452.29392,1226.14696,0.0,4.0,87,18.0,Standard,0
1484,1,556.55559,556.55559,1.0,5.0,3,35.0,Silver,0
1485,6,31529.12627,5254.854378333333,0.0,2.6666666666666665,0,28.0,Standard,0
1486,1,233.73905999999997,233.73905999999997,0.0,6.0,386,42.0,Silver,0
1487,2,7560.93241,3780.466205,0.0,4.0,1,26.0,Gold,0
1490,21,246471.05792000002,11736.717043809525,0.14285714285714285,3.4285714285714284,16,32.0,Silver,0
1491,7,211843.19591,30263.31370142857,0.0,4.142857142857143,9,31.0,Silver,0
1492,2,3078.9166,1539.4583,0.0,3.0,112,19.0,Gold,0
1493,9,39512.47529,4390.275032222223,0.0,3.0,56,33.0,Standard,1
1494,1,6174.117,6174.117,0.0,5.0,24,39.0,Silver,0
1495,1,1362.38968,1362.38968,0.0,3.0,261,23.0,Standard,1
1496,1,10293.632360000001,10293.632360000001,0.0,4.0,495,39.0,Silver,1
1497,2,62421.3531,31210.67655,0.0,4.5,186,30.0,Standard,1
1499,3,36230.8619,12076.953966666668,0.0,4.0,1,28.0,Standard,0
1501,2,2680.8128300000003,1340.4064150000002,0.0,3.5,182,19.0,Standard,0
1502,16,311665.98167,19479.123854375,0.1875,3.5,4,27.0,Standard,0
1504,16,253755.38053999998,15859.711283749999,0.0625,4.125,4,30.0,Silver,0
1506,1,336.44205,336.44205,0.0,5.0,220,36.0,Standard,1
1507,19,337841.16937,17781.11417736842,0.2631578947368421,3.6315789473684212,78,18.0,Silver,0
1508,9,132051.504,14672.389333333333,0.0,3.6666666666666665,87,32.0,Standard,1
1509,4,49551.06766,12387.766915,0.0,3.5,58,24.0,Gold,1
1510,12,356574.03657,29714.5030475,0.0,3.3333333333333335,30,30.0,Standard,0
1512,2,3188.0470400000004,1594.0235200000002,0.0,5.0,723,20.0,Silver,1
1513,1,4034.33364,4034.33364,0.0,5.0,42,38.0,Standard,1
1514,1,4033.1546999999996,4033.1546999999996,0.0,7.0,32,25.0,Silver,1
1515,5,135477.78466,27095.556932,0.2,4.6,65,35.0,Silver,1
1516,2,2215.13248,1107.56624,0.0,4.0,244,40.0,Standard,0
1517,3,85518.23754,28506.07918,0.0,4.0,14,33.0,Silver,1
1518,2,111866.95625,55933.478125,0.0,3.0,341,22.0,Standard,1
1519,35,331852.96415,9481.513261428572,0.08571428571428572,4.428571428571429,4,19.0,Silver,0
1520,5,52797.00132,10559.400264,0.0,2.4,87,18.0,Standard,1
1522,4,40777.66434,10194.416085,0.0,3.5,20,22.0,Standard,1
1524,2,44857.73806,22428.86903,0.0,3.5,53,37.0,Silver,1
1525,1,8136.4493,8136.4493,0.0,6.0,36,31.0,Gold,1
1526,6,51039.882509999996,8506.647084999999,0.0,4.0,26,43.0,Standard,0
1527,3,125472.76585999998,41824.25528666666,0.3333333333333333,2.6666666666666665,207,36.0,Standard,1
1528,1,11723.89122,11723.89122,0.0,5.0,2,25.0,Gold,0
1529,1,6261.83168,6261.83168,0.0,2.0,134,31.0,Gold,1
1530,3,1944.5904,648.1968,0.0,3.6666666666666665,582,41.0,Standard,0
1531,37,660329.7637,17846.75037027027,0.02702702702702703,2.6486486486486487,12,31.0,Standard,0
1532,1,4647.81452,4647.81452,0.0,9.0,196,39.0,Standard,1
1533,7,260768.06121,37252.580172857146,0.0,3.2857142857142856,2,32.0,Standard,0
1534,1,53547.567839999996,53547.567839999996,0.0,4.0,584,23.0,Standard,1
1535,2,1006.81057,503.405285,0.0,6.0,146,23.0,Silver,1
1536,4,40944.286069999995,10236.071517499999,0.0,4.0,160,43.0,Standard,1
1537,26,726453.94293,27940.536266538464,0.038461538461538464,3.423076923076923,3,20.0,Silver,0
1538,3,57176.24645,19058.748816666666,0.3333333333333333,4.0,351,33.0,Standard,0
1539,1,14529.68121,14529.68121,0.0,5.0,89,35.0,Standard,1
1540,4,9594.56638,2398.641595,0.0,3.5,7,33.0,Premium,1
1542,3,16566.18629,5522.0620966666675,0.0,4.333333333333333,28,25.0,Silver,0
1543,1,98862.3168,98862.3168,0.0,3.0,111,22.0,Silver,1
1544,1,2075.92164,2075.92164,0.0,1.0,167,18.0,Standard,0
1545,31,639611.3019399999,20632.622643225804,0.22580645161290322,3.4838709677419355,23,40.0,Standard,0
1546,7,114117.18155000001,16302.454507142858,0.2857142857142857,4.285714285714286,12,52.0,Standard,0
1547,1,5664.414540000001,5664.414540000001,0.0,4.0,119,37.0,Gold,1
1548,1,75.85575999999999,75.85575999999999,0.0,3.0,51,31.0,Standard,1
1549,4,6885.21665,1721.3041625,0.0,4.75,20,23.0,Standard,0
1550,4,49861.92949,12465.4823725,0.0,3.75,69,36.0,Standard,1
1552,2,10532.2425,5266.12125,0.0,3.0,187,32.0,Silver,0
1553,39,375271.11557,9622.336296666666,0.10256410256410256,3.1794871794871793,12,34.0,Silver,0
1554,1,35652.63955,35652.63955,0.0,2.0,36,23.0,Silver,1
1556,3,33913.068999999996,11304.356333333331,0.0,3.6666666666666665,53,28.0,Standard,0
1557,3,13792.42854,4597.476180000001,0.3333333333333333,4.0,10,33.0,Standard,1
1558,20,235234.47769,11761.7238845,0.15,3.8,17,36.0,Standard,0
1559,1,2190.2347800000002,2190.2347800000002,1.0,3.0,778,18.0,Standard,1
1560,2,14321.136989999999,7160.5684949999995,0.0,3.5,152,26.0,Standard,1
1561,6,68121.11257,11353.518761666666,0.3333333333333333,3.8333333333333335,651,35.0,Standard,1
1563,5,152949.1846,30589.83692,0.0,2.8,75,25.0,Standard,1
1564,1,9041.052720000002,9041.052720000002,0.0,4.0,164,37.0,Standard,1
1565,14,83106.48935,5936.177810714286,0.14285714285714285,2.9285714285714284,41,50.0,Gold,1
1566,10,165436.44591,16543.644591,0.0,3.5,33,34.0,Standard,0
1567,2,7045.329650000001,3522.6648250000003,0.0,4.0,3,36.0,Silver,1
1569,4,7826.26791,1956.5669775,0.0,2.0,32,38.0,Gold,1
1570,5,25694.004180000004,5138.800836,0.0,4.2,293,42.0,Silver,1
1571,2,7676.90342,3838.45171,0.0,3.0,2,27.0,Gold,1
1572,1,1654.6842000000001,1654.6842000000001,0.0,4.0,414,18.0,Gold,1
1573,30,524245.08564,17474.836188,0.1,3.966666666666667,31,37.0,Gold,0
1574,10,34154.6448,3415.46448,0.1,3.0,12,22.0,Standard,0
1575,18,248540.55917000002,13807.808842777778,0.1111111111111111,2.611111111111111,2,39.0,Gold,0
1576,14,162147.51192,11581.965137142857,0.14285714285714285,3.357142857142857,5,24.0,Standard,0
1578,1,7156.92996,7156.92996,0.0,1.0,209,43.0,Standard,1
1579,1,729.8379399999999,729.8379399999999,0.0,1.0,296,32.0,Standard,1
1580,3,20469.16023,6823.05341,0.3333333333333333,4.333333333333333,128,22.0,Standard,1
1582,2,11168.95876,5584.47938,0.0,3.0,161,24.0,Standard,1
1584,1,9925.87024,9925.87024,0.0,5.0,57,22.0,Gold,1
1585,8,249770.24121999997,31221.280152499996,0.0,2.625,19,34.0,Standard,0
1586,2,132262.55697,66131.278485,0.0,2.5,54,28.0,Standard,1
1587,11,90254.63133,8204.966484545455,0.09090909090909091,3.1818181818181817,0,39.0,Premium,0
1588,8,30915.53357,3864.44169625,0.0,3.0,61,22.0,Standard,0
1590,3,38435.61047,12811.870156666666,0.0,5.0,35,22.0,Standard,0
1591,1,7148.2412,7148.2412,0.0,4.0,730,23.0,Standard,1
1592,11,127230.64858,11566.422598181818,0.09090909090909091,4.0,6,18.0,Standard,0
1593,39,291836.88584,7482.997072820513,0.10256410256410256,3.3076923076923075,42,24.0,Standard,0
1594,1,9404.54634,9404.54634,0.0,7.0,586,31.0,Silver,0
1595,2,17266.51448,8633.25724,0.5,3.5,166,18.0,Silver,0
1596,2,1969.1108399999998,984.5554199999999,0.0,2.5,69,23.0,Silver,0
1597,3,3870.62079,1290.20693,0.0,3.6666666666666665,73,27.0,Gold,1
1598,25,157904.46308,6316.178523199999,0.0,3.32,17,26.0,Standard,0
1600,2,34581.12659,17290.563295,0.0,4.5,197,35.0,Standard,1
1602,33,414028.55424,12546.319825454546,0.09090909090909091,4.151515151515151,5,21.0,Standard,0
1603,9,70124.49696,7791.610773333334,0.0,3.5555555555555554,27,27.0,Silver,0
1604,1,3940.49432,3940.49432,0.0,3.0,324,19.0,Gold,1
1605,2,133487.87252,66743.93626,0.0,2.5,214,40.0,Gold,0
1606,20,134018.56345000002,6700.928172500001,0.1,3.05,63,18.0,Gold,0
1607,3,22183.327930000003,7394.442643333335,0.0,4.333333333333333,147,31.0,Standard,1
1609,3,7365.0305100000005,2455.01017,0.0,2.3333333333333335,92,32.0,Gold,1
1610,39,320843.95826,8226.76816051282,0.05128205128205128,3.0,13,24.0,Standard,0
1611,3,46380.25223,15460.084076666666,0.0,4.333333333333333,52,38.0,Standard,1
1613,35,597081.1622100001,17059.461777428573,0.11428571428571428,2.6857142857142855,32,22.0,Standard,0
1614,2,8599.27864,4299.63932,0.0,5.0,337,27.0,Standard,0
1615,39,253121.19627000001,6490.287083846154,0.05128205128205128,3.4358974358974357,1,18.0,Standard,0
1616,1,10336.9112,10336.9112,0.0,2.0,49,27.0,Standard,0
1617,2,10858.54827,5429.274135,0.0,3.5,616,34.0,Standard,1
1622,4,10842.2104,2710.5526,0.0,4.0,118,41.0,Silver,1
1623,34,379858.77046,11172.316778235296,0.058823529411764705,3.1176470588235294,6,29.0,Premium,0
1625,7,149100.15722,21300.02246,0.0,3.2857142857142856,1,39.0,Silver,1
1626,36,199103.00338,5530.638982777778,0.05555555555555555,2.5277777777777777,56,25.0,Silver,0
1627,9,87622.23224,9735.803582222223,0.0,2.6666666666666665,19,34.0,Silver,0
1629,5,39949.0248,7989.8049599999995,0.2,3.2,312,36.0,Silver,1
1631,1,15183.4815,15183.4815,0.0,6.0,36,18.0,Gold,1
1632,2,4126.83985,2063.419925,0.0,3.0,104,39.0,Standard,0
1633,5,43166.36921999999,8633.273844,0.0,2.8,167,25.0,Standard,0
1634,7,44456.13753,6350.87679,0.0,2.857142857142857,120,32.0,Gold,1
1637,12,328168.7943,27347.399525,0.3333333333333333,2.8333333333333335,38,23.0,Gold,1
1638,2,679.911,339.9555,0.0,3.5,368,23.0,Gold,1
1639,39,505936.73116,12972.736696410257,0.02564102564102564,3.5384615384615383,10,27.0,Gold,0
1640,2,8942.11812,4471.05906,0.0,4.0,83,31.0,Standard,0
1641,10,29321.44144,2932.144144,0.0,4.5,161,24.0,Standard,0
1642,20,441848.71788,22092.435894000002,0.0,3.15,1,23.0,Gold,0
1644,2,3938.82592,1969.41296,0.0,6.0,259,25.0,Silver,1
1645,6,42345.84045,7057.640075,0.0,4.833333333333333,4,25.0,Standard,0
1646,1,4639.542660000001,4639.542660000001,0.0,2.0,345,30.0,Standard,1
1647,1,481.5372,481.5372,0.0,4.0,739,18.0,Standard,0
1651,4,19648.39543,4912.0988575,0.0,1.75,14,40.0,Gold,1
1652,9,93300.74911,10366.749901111112,0.0,3.111111111111111,168,30.0,Standard,0
1653,7,22297.25005,3185.3214357142856,0.0,4.428571428571429,66,34.0,Premium,0
1654,7,41176.34653,5882.335218571429,0.0,4.0,5,28.0,Silver,0
1655,4,13662.012789999999,3415.5031974999997,0.0,3.0,76,27.0,Standard,1
1656,1,517.62501,517.62501,0.0,5.0,34,31.0,Standard,1
1657,2,919.5218300000001,459.76091500000007,0.0,3.0,51,31.0,Standard,0
1658,3,8402.40624,2800.80208,0.0,3.3333333333333335,41,23.0,Silver,1
1659,14,108054.17104,7718.155074285714,0.14285714285714285,3.5714285714285716,18,27.0,Silver,0
1660,5,141517.90346,28303.580692,0.2,4.8,1,44.0,Silver,1
1662,4,28170.24008,7042.56002,0.0,4.75,72,35.0,Standard,1
1663,11,271407.57816,24673.416196363632,0.09090909090909091,3.727272727272727,25,18.0,Standard,0
1664,2,11865.73215,5932.866075,0.0,5.5,571,37.0,Standard,1
1665,1,511.76408999999995,511.76408999999995,0.0,1.0,65,29.0,Standard,0
1667,2,9172.47343,4586.236715,0.0,2.5,41,38.0,Standard,0
1668,17,63385.326219999995,3728.54860117647,0.11764705882352941,3.0,0,32.0,Standard,0
1669,4,12152.73386,3038.183465,0.0,4.5,0,22.0,Standard,1
1670,2,7030.51382,3515.25691,0.0,3.0,52,20.0,Standard,1
1671,2,3060.26002,1530.13001,0.0,3.0,19,36.0,Silver,1
1672,33,309493.00542,9378.575921818181,0.030303030303030304,3.878787878787879,9,34.0,Standard,0
1673,4,11673.55395,2918.3884875,0.0,5.0,92,32.0,Silver,0
1674,2,9998.14571,4999.072855,0.0,3.5,19,30.0,Silver,0
1675,2,12370.309679999998,6185.154839999999,0.0,2.5,339,28.0,Standard,1
1676,2,15908.649080000001,7954.3245400000005,1.0,2.5,28,35.0,Silver,1
1677,8,41749.07733,5218.63466625,0.125,3.125,38,46.0,Silver,1
1678,2,14106.88324,7053.44162,0.0,3.5,197,20.0,Standard,1
1679,6,76938.5382,12823.089699999999,0.0,4.833333333333333,280,30.0,Standard,1
1680,2,1173.33332,586.66666,0.0,3.0,1,18.0,Standard,0
1681,1,524.2022800000001,524.2022800000001,0.0,3.0,38,24.0,Standard,0
1682,5,198122.49207,39624.498414,0.0,4.8,156,36.0,Silver,1
1683,1,1166.84643,1166.84643,0.0,3.0,192,32.0,Standard,1
1684,3,9212.73321,3070.91107,0.0,3.0,334,37.0,Standard,1
1685,1,377.32848,377.32848,0.0,7.0,209,35.0,Standard,1
1686,2,31163.51351,15581.756755,0.0,3.5,757,26.0,Premium,1
1687,6,43731.48266,7288.580443333333,0.0,2.8333333333333335,62,31.0,Gold,0
1688,7,22889.49694,3269.9281342857143,0.0,3.7142857142857144,227,20.0,Standard,1
1689,5,49120.948410000005,9824.189682,0.2,3.0,31,29.0,Standard,1
1691,2,22094.72461,11047.362305,0.5,4.5,20,33.0,Premium,0
1692,5,48519.501370000005,9703.900274000001,0.0,1.8,142,32.0,Standard,1
1693,2,106445.48281,53222.741405,0.5,2.5,9,29.0,Standard,1
1694,1,208.39682,208.39682,0.0,5.0,34,30.0,Standard,0
1695,1,92288.68472,92288.68472,0.0,4.0,653,34.0,Gold,1
1696,1,8436.720239999999,8436.720239999999,0.0,1.0,851,38.0,Standard,1
1698,44,748487.7080999999,17011.084274999997,0.045454545454545456,4.204545454545454,0,27.0,Gold,0
1699,1,583.66357,583.66357,0.0,5.0,64,28.0,Standard,0
1700,6,141302.60272,23550.433786666665,0.16666666666666666,4.833333333333333,5,36.0,Standard,1
1701,33,362532.59296,10985.83615030303,0.06060606060606061,3.3333333333333335,7,36.0,Gold,0
1702,4,12471.451000000001,3117.8627500000002,0.25,3.0,346,21.0,Standard,0
1703,3,6059.46747,2019.8224899999998,0.3333333333333333,4.333333333333333,256,18.0,Silver,1
1704,1,428.47742,428.47742,0.0,4.0,45,21.0,Gold,0
1705,2,10085.328089999999,5042.6640449999995,0.0,3.5,447,32.0,Standard,1
1707,2,22607.15355,11303.576775,0.0,4.5,233,58.0,Premium,0
1708,5,6772.86132,1354.572264,0.0,4.2,9,33.0,Standard,1
1709,9,34026.57543,3780.730603333333,0.0,4.111111111111111,192,19.0,Standard,1
1710,46,433427.3458,9422.333604347827,0.08695652173913043,3.0217391304347827,30,30.0,Silver,0
1711,18,195361.71386999998,10853.428548333331,0.0,4.388888888888889,13,18.0,Standard,0
1712,6,27660.87356,4610.145593333334,0.0,2.8333333333333335,21,26.0,Standard,0
1713,3,39927.43234,13309.144113333334,0.0,5.333333333333333,566,18.0,Standard,1
1714,41,396406.86088,9668.460021463414,0.12195121951219512,3.341463414634146,16,33.0,Silver,0
1715,2,155957.89794999998,77978.94897499999,0.0,5.0,271,18.0,Standard,1
1716,1,582.4783,582.4783,0.0,2.0,558,56.0,Silver,1
1717,4,57649.235570000004,14412.308892500001,0.0,4.5,26,18.0,Premium,1
1718,1,19253.57048,19253.57048,0.0,2.0,612,34.0,Standard,0
1719,7,92841.81285,13263.116121428571,0.0,4.0,42,38.0,Premium,1
1720,2,55634.575039999996,27817.287519999998,0.0,4.0,967,19.0,Standard,1
1721,34,1036092.05111,30473.295620882353,0.029411764705882353,3.5588235294117645,25,28.0,Silver,0
1722,11,54452.67808,4950.2434618181815,0.18181818181818182,3.909090909090909,63,18.0,Standard,0
1723,1,1017.50769,1017.50769,1.0,2.0,44,19.0,Premium,0
1724,2,140384.70939,70192.354695,0.0,1.5,115,32.0,Gold,1
1725,33,199959.50185,6059.378843939394,0.09090909090909091,3.757575757575758,13,48.0,Standard,0
1726,1,469.72416999999996,469.72416999999996,0.0,1.0,18,18.0,Standard,1
1727,12,76531.69542,6377.641285000001,0.0,3.25,0,33.0,Standard,0
1728,3,4034.6697599999998,1344.8899199999998,0.3333333333333333,3.0,42,37.0,Standard,0
1729,1,5271.7984799999995,5271.7984799999995,0.0,5.0,498,45.0,Standard,1
1730,3,46479.169239999996,15493.056413333332,0.0,3.3333333333333335,376,18.0,Standard,0
1731,1,769.40886,769.40886,0.0,4.0,279,25.0,Standard,1
1732,1,751.5417,751.5417,0.0,2.0,191,28.0,Standard,1
1733,37,254717.88345,6884.26712027027,0.08108108108108109,3.2432432432432434,2,18.0,Standard,0
1734,15,67328.9396,4488.595973333333,0.13333333333333333,4.6,8,33.0,Standard,0
1737,57,985709.9347900001,17293.156750701757,0.017543859649122806,3.2982456140350878,18,18.0,Standard,0
1738,27,269080.00259,9965.926021851852,0.07407407407407407,3.074074074074074,26,47.0,Standard,0
1740,26,282294.30057,10857.473098846154,0.07692307692307693,3.0,1,36.0,Standard,0
1742,1,2955.1228,2955.1228,1.0,2.0,3,19.0,Standard,0
1743,1,7259.550800000001,7259.550800000001,0.0,1.0,211,29.0,Standard,0
1744,1,35479.77453,35479.77453,1.0,1.0,85,32.0,Standard,0
1745,2,5944.81452,2972.40726,0.5,4.5,40,18.0,Standard,0
1747,8,69146.23902000001,8643.279877500001,0.0,2.75,2,18.0,Gold,0
1748,34,194668.57696,5725.546381176471,0.029411764705882353,2.9411764705882355,40,26.0,Standard,0
1750,17,463024.08609,27236.710946470586,0.058823529411764705,3.0,3,18.0,Standard,0
1751,2,39743.34861,19871.674305,0.0,4.5,22,41.0,Gold,0
1755,1,884.19312,884.19312,0.0,6.0,312,18.0,Standard,1
1757,1,3121.7454,3121.7454,0.0,4.0,149,18.0,Gold,1
1758,3,71977.43294,23992.477646666666,0.0,3.3333333333333335,144,21.0,Gold,1
1759,1,4676.67846,4676.67846,0.0,5.0,73,35.0,Standard,0
1761,39,745527.31314,19116.08495230769,0.10256410256410256,4.794871794871795,5,39.0,Gold,0
1763,3,23740.94304,7913.647679999999,0.0,1.6666666666666667,85,25.0,Silver,0
1764,1,1123.30746,1123.30746,0.0,3.0,15,38.0,Standard,0
1765,9,38587.29101,4287.476778888889,0.0,3.111111111111111,10,23.0,Silver,0
1766,1,1269.01042,1269.01042,0.0,5.0,290,42.0,Standard,0
1767,3,69256.83133,23085.610443333335,0.0,3.6666666666666665,48,28.0,Gold,1
1768,1,12536.8082,12536.8082,0.0,2.0,44,27.0,Standard,0
1769,1,7916.52537,7916.52537,0.0,4.0,412,19.0,Silver,1
1770,1,20529.490800000003,20529.490800000003,0.0,6.0,290,27.0,Standard,1
1771,2,26002.32996,13001.16498,0.0,3.5,212,37.0,Premium,1
1773,5,31221.82507,6244.365014,0.0,3.2,11,18.0,Standard,0
1774,2,2511.88686,1255.94343,0.0,3.0,111,29.0,Silver,1
1776,3,16978.98512,5659.661706666667,0.3333333333333333,4.333333333333333,494,47.0,Standard,1
1777,3,7032.0626,2344.0208666666667,0.0,3.3333333333333335,90,20.0,Standard,1
1778,36,422279.49537,11729.9859825,0.05555555555555555,3.3333333333333335,11,32.0,Silver,0
1779,3,29312.341809999998,9770.780603333333,0.0,3.3333333333333335,298,40.0,Standard,1
1780,8,301779.63743,37722.45467875,0.0,3.0,79,41.0,Silver,0
1781,2,41107.64551,20553.822755,0.0,5.0,60,32.0,Standard,1
1782,5,42641.26873,8528.253746,0.0,5.6,20,46.0,Gold,1
1783,11,291026.21262,26456.92842,0.0,3.3636363636363638,91,39.0,Silver,0
1785,4,235210.31863000002,58802.579657500006,0.0,3.5,1,18.0,Standard,0
1786,10,285422.23078999994,28542.223078999996,0.1,4.4,123,41.0,Standard,1
1788,3,156560.58974,52186.86324666667,0.0,2.6666666666666665,70,26.0,Standard,1
1789,5,92963.21921,18592.643841999998,0.2,3.0,12,32.0,Gold,0
1790,2,92520.40116,46260.20058,0.0,4.0,6,48.0,Silver,0
1791,6,141888.81026,23648.135043333332,0.0,5.166666666666667,251,18.0,Silver,0
1792,8,26776.987399999998,3347.1234249999998,0.0,4.25,140,39.0,Silver,0
1794,27,190448.27851,7053.639944814815,0.037037037037037035,3.5925925925925926,18,27.0,Silver,0
1795,5,25683.54008,5136.708016,0.0,2.6,57,25.0,Standard,1
1797,5,162592.88568,32518.577136,0.0,4.4,104,38.0,Standard,1
1798,4,30938.150769999997,7734.537692499999,0.25,3.5,31,39.0,Silver,1
1799,3,35123.43222,11707.81074,0.0,5.666666666666667,54,18.0,Silver,1
1800,26,410424.67272000003,15785.564335384617,0.038461538461538464,4.384615384615385,38,31.0,Standard,0
1802,12,52045.70855,4337.142379166667,0.0,4.666666666666667,25,32.0,Premium,0
1803,4,67337.13088000001,16834.282720000003,0.0,4.0,75,51.0,Standard,1
1804,2,27076.7321,13538.36605,0.0,5.0,5,36.0,Standard,1
1806,2,8468.35319,4234.176595,0.0,3.0,92,35.0,Silver,0
1808,16,236555.9169,14784.74480625,0.0625,3.3125,19,42.0,Silver,0
1809,2,80122.19681999998,40061.09840999999,0.0,2.5,118,19.0,Standard,0
1810,3,110734.69708000001,36911.56569333334,0.3333333333333333,2.0,120,25.0,Gold,0
1811,1,8072.6058,8072.6058,0.0,5.0,144,31.0,Standard,1
1812,2,9163.03031,4581.515155,0.0,3.5,241,33.0,Standard,1
1814,31,202833.68243000002,6543.022013870968,0.06451612903225806,2.935483870967742,24,29.0,Gold,1
1815,2,8532.58673,4266.293365,0.0,4.0,156,37.0,Silver,1
1816,1,1982.883,1982.883,0.0,3.0,1,33.0,Standard,1
1817,12,57011.21858,4750.934881666667,0.0,3.0,6,27.0,Standard,1
1818,19,326351.37951000006,17176.388395263162,0.0,2.9473684210526314,0,18.0,Silver,0
1819,1,1224.1445,1224.1445,0.0,3.0,18,24.0,Standard,0
1820,2,28895.72546,14447.86273,0.0,3.5,32,34.0,Gold,1
1821,1,920.66112,920.66112,0.0,6.0,11,35.0,Standard,1
1822,2,8997.2288,4498.6144,0.0,3.5,75,19.0,Silver,0
1823,3,157041.16280000002,52347.05426666667,0.0,3.6666666666666665,34,23.0,Standard,0
1824,2,3286.70174,1643.35087,0.0,2.0,9,28.0,Standard,0
1825,2,2852.19411,1426.097055,0.0,3.0,310,31.0,Standard,1
1826,1,8786.648159999999,8786.648159999999,0.0,6.0,324,31.0,Standard,0
1828,5,10974.84017,2194.968034,0.0,3.0,84,29.0,Standard,1
1829,7,283663.65022,40523.37860285714,0.14285714285714285,3.5714285714285716,11,42.0,Gold,1
1832,3,18149.54215,6049.847383333334,0.0,3.0,88,27.0,Standard,0
1833,4,16524.30978,4131.077445,0.0,3.0,30,18.0,Standard,1
1834,1,132968.76628,132968.76628,0.0,4.0,247,27.0,Standard,1
1835,1,111.85416,111.85416,0.0,2.0,380,19.0,Standard,0
1836,4,30906.13493,7726.5337325,0.0,4.5,49,18.0,Standard,0
1837,5,102946.20393000002,20589.240786000002,0.0,3.2,43,18.0,Standard,1
1838,39,678764.60173,17404.220557179488,0.07692307692307693,3.128205128205128,26,27.0,Silver,0
1839,1,1450.78664,1450.78664,0.0,4.0,33,32.0,Standard,0
1840,13,371977.83327999996,28613.67948307692,0.07692307692307693,3.923076923076923,30,40.0,Silver,0
1841,9,173200.60424,19244.51158222222,0.0,3.0,173,21.0,Standard,0
1842,4,8019.398749999999,2004.8496874999998,0.0,4.25,240,30.0,Standard,1
1843,29,661564.8563,22812.581251724136,0.0,3.206896551724138,10,18.0,Standard,0
1844,40,699103.69053,17477.59226325,0.025,3.05,18,18.0,Standard,0
1845,1,33313.26604,33313.26604,0.0,3.0,13,18.0,Standard,1
1846,8,139950.34206000002,17493.792757500003,0.125,2.875,1,40.0,Standard,0
1849,2,132796.42656,66398.21328,0.0,6.5,87,50.0,Standard,0
1850,2,31574.71572,15787.35786,0.0,3.0,4,18.0,Standard,0
1851,1,5883.08826,5883.08826,0.0,9.0,377,21.0,Gold,0
1852,1,2725.8468,2725.8468,0.0,5.0,320,28.0,Gold,1
1854,2,4281.1116600000005,2140.5558300000002,0.0,3.0,19,30.0,Gold,1
1855,5,11328.91185,2265.78237,0.0,3.4,33,26.0,Gold,1
1856,11,219173.63477000003,19924.87588818182,0.09090909090909091,3.3636363636363638,44,42.0,Standard,1
1857,1,632.94091,632.94091,0.0,3.0,9,38.0,Standard,0
1858,2,37236.62550000001,18618.312750000005,0.5,4.0,65,20.0,Silver,1
1859,2,83436.91172,41718.45586,0.0,4.5,110,36.0,Silver,1
1860,2,369173.37483,184586.687415,0.0,3.5,662,26.0,Silver,1
1862,2,23254.93741,11627.468705,0.5,4.0,41,23.0,Standard,1
1863,10,48988.4645,4898.84645,0.1,2.9,172,37.0,Standard,1
1865,7,24851.34331,3550.1919014285713,0.2857142857142857,2.0,68,32.0,Gold,0
1866,2,67101.05862,33550.52931,0.0,3.0,37,25.0,Gold,0
1867,2,7003.6267,3501.81335,0.0,4.5,196,31.0,Silver,1
1869,1,2464.091,2464.091,0.0,2.0,37,21.0,Standard,1
1870,38,625212.59723,16452.963085,0.07894736842105263,4.473684210526316,0,34.0,Silver,0
1872,13,152384.44709,11721.880545384616,0.0,3.076923076923077,26,36.0,Silver,0
1873,6,262839.39674,43806.56612333333,0.16666666666666666,4.5,59,43.0,Silver,1
1874,30,374535.85437,12484.528479,0.06666666666666667,3.566666666666667,13,28.0,Standard,0
1875,3,18860.77654,6286.925513333333,0.0,2.6666666666666665,20,23.0,Gold,0
1876,4,7684.2574,1921.06435,0.0,4.75,84,31.0,Silver,0
1877,13,471271.36151,36251.643193076925,0.07692307692307693,2.5384615384615383,14,32.0,Silver,1
1878,1,1942.0431999999998,1942.0431999999998,0.0,6.0,291,38.0,Standard,1
1879,1,1511.6462299999998,1511.6462299999998,0.0,4.0,77,49.0,Silver,0
1880,20,477088.38612000004,23854.419306000003,0.05,2.7,102,23.0,Silver,0
1881,4,69453.414,17363.3535,0.0,4.25,139,30.0,Gold,1
1882,8,263598.86178000004,32949.857722500004,0.125,3.125,34,39.0,Standard,0
1883,8,52793.50453,6599.18806625,0.0,3.5,3,32.0,Standard,0
1884,31,397308.13161,12816.391342258064,0.06451612903225806,3.4838709677419355,8,18.0,Standard,0
1885,1,511.43350000000004,511.43350000000004,0.0,5.0,0,28.0,Standard,1
1886,1,5572.47488,5572.47488,0.0,5.0,118,26.0,Standard,1
1887,19,208303.86847000002,10963.361498421053,0.05263157894736842,4.315789473684211,4,27.0,Silver,0
1888,36,521998.7667,14499.965741666667,0.08333333333333333,4.222222222222222,4,47.0,Standard,0
1889,4,7580.270930000001,1895.0677325000001,0.25,2.75,196,39.0,Standard,0
1890,15,343864.58141,22924.305427333333,0.06666666666666667,3.2,0,36.0,Standard,1
1891,1,2347.8434100000004,2347.8434100000004,0.0,5.0,333,30.0,Standard,1
1892,10,219080.37488999998,21908.037489,0.0,3.1,93,27.0,Standard,1
1893,1,10614.99296,10614.99296,0.0,3.0,0,39.0,Silver,0
1894,3,19488.37548,6496.12516,0.0,2.6666666666666665,185,35.0,Standard,1
1895,6,39706.49439,6617.749065,0.16666666666666666,3.1666666666666665,85,27.0,Silver,0
1896,41,692840.67085,16898.552947560976,0.024390243902439025,3.5609756097560976,7,26.0,Silver,0
1897,11,119069.00731999999,10824.45521090909,0.09090909090909091,4.090909090909091,186,49.0,Standard,0
1898,15,272740.21314,18182.680876000002,0.06666666666666667,3.466666666666667,1,18.0,Standard,0
1899,1,169.50758,169.50758,0.0,5.0,81,42.0,Standard,1
1900,2,29470.85015,14735.425075,0.0,4.5,549,34.0,Silver,1
1902,1,1818.6893999999998,1818.6893999999998,0.0,4.0,203,30.0,Silver,1
1903,1,18931.05372,18931.05372,0.0,4.0,2,39.0,Standard,0
1904,3,191952.37256000002,63984.124186666675,0.0,4.333333333333333,195,22.0,Silver,1
1905,3,13540.08321,4513.36107,0.0,2.3333333333333335,131,19.0,Standard,1
1906,11,42970.38644,3906.3987672727276,0.09090909090909091,3.5454545454545454,41,39.0,Standard,0
1907,3,3786.893,1262.2976666666666,0.0,3.0,114,34.0,Silver,1
1908,2,66003.84784999999,33001.923924999996,0.0,3.0,526,31.0,Premium,1
1909,3,5577.683679999999,1859.227893333333,0.3333333333333333,3.6666666666666665,562,25.0,Silver,0
1911,1,2190.7901699999998,2190.7901699999998,0.0,4.0,150,28.0,Standard,1
1912,4,8254.17111,2063.5427775,0.25,4.5,100,35.0,Premium,1
1913,11,51441.47482,4676.497710909091,0.0,3.5454545454545454,2,36.0,Standard,0
1914,1,1197.6564600000002,1197.6564600000002,0.0,6.0,76,23.0,Standard,0
1915,3,111847.71348,37282.57116,0.0,2.3333333333333335,19,18.0,Standard,0
1916,1,1235.84032,1235.84032,0.0,2.0,253,27.0,Standard,1
1917,8,180063.06096,22507.88262,0.0,2.875,138,30.0,Silver,1
1918,11,140685.64613,12789.604193636364,0.09090909090909091,3.272727272727273,10,43.0,Silver,0
1919,1,1124.9715399999998,1124.9715399999998,0.0,7.0,140,27.0,Standard,1
1920,30,198000.35165,6600.011721666667,0.1,3.8333333333333335,46,25.0,Standard,0
1921,41,405763.85431,9896.679373414634,0.07317073170731707,3.317073170731707,112,26.0,Silver,0
1922,29,716913.3290100001,24721.1492762069,0.034482758620689655,3.310344827586207,7,19.0,Standard,0
1923,4,79879.22859,19969.8071475,0.25,3.75,85,36.0,Silver,1
1925,2,13426.97511,6713.487555,0.0,2.5,359,28.0,Standard,1
1927,4,79536.33346,19884.083365,0.25,5.5,30,20.0,Gold,0
1929,1,4753.04382,4753.04382,0.0,2.0,843,18.0,Silver,1
1930,1,113.01359999999998,113.01359999999998,0.0,1.0,824,37.0,Standard,1
1931,3,21929.46578,7309.8219266666665,0.0,3.0,11,23.0,Silver,0
1932,1,6852.34116,6852.34116,0.0,3.0,194,32.0,Standard,0
1933,2,16400.91506,8200.45753,0.0,2.0,13,18.0,Standard,0
1934,30,299814.27878000005,9993.809292666669,0.06666666666666667,4.333333333333333,6,22.0,Silver,0
1935,23,223578.35809,9720.798177826087,0.08695652173913043,3.782608695652174,22,19.0,Standard,0
1937,1,522.6975,522.6975,0.0,2.0,71,36.0,Gold,0
1938,1,214.82920000000001,214.82920000000001,0.0,5.0,86,24.0,Standard,0
1939,2,5209.54039,2604.770195,0.5,2.0,254,21.0,Standard,0
1942,3,63212.47254,21070.82418,0.0,4.333333333333333,146,18.0,Standard,1
1943,5,25366.768959999998,5073.353792,0.2,1.6,93,29.0,Standard,1
1944,20,147543.40297,7377.170148499999,0.0,4.1,128,41.0,Silver,1
1945,7,24377.26701,3482.466715714286,0.14285714285714285,4.285714285714286,79,36.0,Silver,0
1946,3,13127.422700000001,4375.807566666667,0.0,4.0,164,25.0,Gold,1
1947,2,1946.9118000000003,973.4559000000002,0.0,4.0,357,38.0,Standard,1
1948,10,59686.34915,5968.634915000001,0.0,3.3,21,21.0,Standard,0
1949,1,4386.66822,4386.66822,0.0,4.0,148,18.0,Standard,1
1950,1,230.50546,230.50546,0.0,3.0,252,41.0,Standard,1
1951,1,7620.068939999999,7620.068939999999,0.0,3.0,104,36.0,Standard,0
1952,1,2457.57096,2457.57096,0.0,4.0,0,34.0,Standard,0
1953,4,6836.48036,1709.12009,0.5,3.5,49,29.0,Gold,1
1954,39,314038.81905,8052.277411538461,0.10256410256410256,4.487179487179487,0,32.0,Silver,0
1955,1,753.47125,753.47125,0.0,1.0,240,43.0,Premium,0
1956,5,45451.550180000006,9090.310036,0.0,2.8,12,27.0,Silver,0
1957,2,51646.450749999996,25823.225374999998,0.0,5.5,144,19.0,Premium,1
1958,2,21298.567149999995,10649.283574999998,0.0,2.0,160,32.0,Standard,1
1959,2,89143.35884,44571.67942,0.0,3.5,7,40.0,Gold,1
1960,21,134287.61549,6394.648356666667,0.0,2.619047619047619,8,35.0,Standard,0
1961,2,6146.996940000001,3073.4984700000005,0.0,1.5,80,25.0,Gold,1
1962,2,6839.89744,3419.94872,0.0,3.0,125,31.0,Standard,1
1964,11,77316.78388,7028.7985345454545,0.09090909090909091,2.5454545454545454,19,44.0,Standard,0
1965,6,117508.37612,19584.729353333332,0.0,3.3333333333333335,458,35.0,Standard,0
1967,1,3780.6061699999996,3780.6061699999996,0.0,6.0,243,35.0,Standard,1
1968,25,508070.33556,20322.8134224,0.0,4.36,6,22.0,Standard,0
1970,3,19802.769979999997,6600.923326666666,0.0,4.666666666666667,40,23.0,Silver,1
1974,1,15674.0748,15674.0748,0.0,2.0,164,18.0,Standard,0
1975,14,264803.22063,18914.515759285714,0.07142857142857142,2.9285714285714284,10,44.0,Standard,0
1976,1,7731.384100000001,7731.384100000001,0.0,4.0,26,34.0,Standard,0
1979,3,34217.31359,11405.771196666667,0.0,4.333333333333333,228,28.0,Silver,1
1980,1,1434.94269,1434.94269,0.0,3.0,441,18.0,Standard,1
1981,2,3872.55974,1936.27987,0.0,3.5,288,19.0,Standard,1
1982,5,12936.491829999999,2587.298366,0.2,3.2,71,28.0,Silver,0
1983,18,58223.09282,3234.6162677777775,0.1111111111111111,3.3333333333333335,93,34.0,Premium,0
1984,29,594769.7584200001,20509.30201448276,0.0,4.517241379310345,11,24.0,Standard,0
1985,4,9909.83023,2477.4575575,0.0,2.0,66,33.0,Standard,1
1987,2,236740.62504,118370.31252,0.0,3.5,48,18.0,Standard,1
1988,5,331445.75266,66289.150532,0.0,3.6,176,32.0,Standard,1
1989,1,2055.4157600000003,2055.4157600000003,0.0,4.0,123,26.0,Silver,1
1990,5,150461.72266,30092.344532,0.0,3.0,118,33.0,Standard,1
1993,13,72842.23812000001,5603.249086153847,0.07692307692307693,4.769230769230769,4,30.0,Standard,0
1994,34,562446.85739,16542.554629117647,0.14705882352941177,3.9705882352941178,31,20.0,Standard,0
1995,6,72667.32051,12111.220085,0.0,2.3333333333333335,2,24.0,Standard,1
1996,4,7987.032289999999,1996.7580724999998,0.0,4.25,18,18.0,Silver,0
1997,35,843253.38518,24092.953862285714,0.02857142857142857,3.2285714285714286,1,37.0,Standard,0
1998,3,257754.63968,85918.21322666666,0.0,3.0,235,32.0,Silver,1
1999,26,456804.57279,17569.40664576923,0.0,3.8461538461538463,15,30.0,Standard,0
2000,3,2659.34105,886.4470166666666,0.0,3.6666666666666665,0,38.0,Standard,0
2004,2,7618.18084,3809.09042,0.5,3.0,4,44.0,Gold,1
2005,3,16239.96819,5413.32273,0.0,4.666666666666667,704,40.0,Standard,1
2006,2,10429.12991,5214.564955,0.0,4.5,455,36.0,Standard,1
2008,17,486111.28333,28594.78137235294,0.11764705882352941,3.588235294117647,0,24.0,Silver,0
2009,11,174699.71268,15881.792061818182,0.0,4.2727272727272725,7,27.0,Silver,0
2010,14,290983.49763000006,20784.535545000002,0.14285714285714285,3.857142857142857,24,34.0,Standard,0
2011,1,1906.177,1906.177,1.0,1.0,90,29.0,Standard,0
2012,24,231775.04444,9657.293518333334,0.041666666666666664,2.9583333333333335,2,39.0,Standard,0
2013,2,10059.86382,5029.93191,0.0,3.0,1108,32.0,Standard,1
2014,3,153835.40853000002,51278.46951,0.0,3.6666666666666665,100,26.0,Silver,1
2016,7,70847.01443000001,10121.002061428573,0.14285714285714285,4.285714285714286,9,18.0,Silver,0
2017,1,972.6878700000001,972.6878700000001,0.0,7.0,415,30.0,Silver,1
2018,4,21197.07604,5299.26901,0.25,3.5,35,30.0,Standard,0
2020,34,563119.22335,16562.33009852941,0.0,3.323529411764706,1,47.0,Standard,0
2021,9,43389.08101,4821.0090011111115,0.0,4.111111111111111,115,37.0,Standard,0
2022,26,579003.71773,22269.373758846155,0.11538461538461539,4.461538461538462,0,19.0,Standard,0
2023,2,10427.26113,5213.630565,0.0,5.0,149,31.0,Standard,1
2024,2,9777.205469999999,4888.6027349999995,0.0,7.0,307,18.0,Gold,1
2026,5,19889.82164,3977.9643279999996,0.2,4.0,3,31.0,Gold,0
2027,2,21340.774559999998,10670.387279999999,0.0,3.0,6,51.0,Gold,1
2028,5,73429.54772,14685.909544,0.0,3.8,61,22.0,Standard,1
2029,2,1421.34988,710.67494,0.0,2.0,269,18.0,Silver,1
2030,23,503417.24254999997,21887.706197826086,0.043478260869565216,2.9565217391304346,14,18.0,Standard,0
2031,2,87913.97075000001,43956.985375000004,0.0,1.0,27,18.0,Standard,1
2034,4,5652.29473,1413.0736825,0.0,3.5,313,30.0,Standard,0
2035,1,15945.96912,15945.96912,0.0,2.0,46,30.0,Standard,0
2036,1,2086.62845,2086.62845,0.0,5.0,648,20.0,Silver,1
2037,1,77493.51232000001,77493.51232000001,0.0,1.0,50,26.0,Standard,1
2038,7,260472.72611000002,37210.38944428572,0.0,2.5714285714285716,26,35.0,Standard,1
2039,9,303488.79607,33720.97734111111,0.0,4.222222222222222,30,28.0,Standard,1
2040,7,68629.07384,9804.153405714285,0.0,3.2857142857142856,7,19.0,Silver,1
2041,8,138646.23527,17330.77940875,0.25,3.125,15,23.0,Gold,0
2042,3,27972.849110000003,9324.283036666668,0.0,4.0,7,53.0,Standard,1
2043,1,18254.7568,18254.7568,0.0,2.0,100,46.0,Standard,1
2044,2,16057.656579999999,8028.8282899999995,0.0,3.5,107,31.0,Standard,1
2045,2,1559.47242,779.73621,0.0,4.0,281,39.0,Standard,0
2047,1,3206.8243199999997,3206.8243199999997,0.0,1.0,30,23.0,Gold,0
2048,41,824317.38721,20105.30212707317,0.0975609756097561,3.317073170731707,20,37.0,Standard,0
2049,1,1233.27458,1233.27458,0.0,4.0,13,23.0,Standard,1
2050,33,322748.18858,9780.24813878788,0.12121212121212122,3.121212121212121,1,26.0,Premium,0
2051,1,546.55488,546.55488,0.0,2.0,603,46.0,Standard,1
2053,3,8445.58512,2815.19504,0.0,4.666666666666667,19,33.0,Standard,1
2055,2,3656.49329,1828.246645,0.5,3.5,205,21.0,Standard,1
2057,11,540318.05229,49119.82293545455,0.18181818181818182,3.4545454545454546,8,36.0,Standard,0
2058,2,298452.12911000004,149226.06455500002,0.0,3.0,262,36.0,Standard,1
2059,46,430335.64068,9355.12262347826,0.06521739130434782,3.260869565217391,20,36.0,Premium,0
2060,5,85669.42613,17133.885226000002,0.0,4.0,262,29.0,Standard,1
2061,2,4772.7093700000005,2386.3546850000002,0.0,5.0,195,27.0,Standard,1
2062,39,418236.95882,10724.024585128205,0.07692307692307693,3.076923076923077,16,38.0,Silver,0
2065,9,214702.54215000002,23855.83801666667,0.0,3.0,131,31.0,Silver,0
2066,6,179124.90751,29854.151251666666,0.0,4.0,35,31.0,Premium,0
2067,1,2942.0389999999998,2942.0389999999998,0.0,5.0,542,28.0,Standard,1
2070,2,3895.9296,1947.9648,0.0,4.0,41,19.0,Standard,0
2071,1,440.69647,440.69647,0.0,2.0,195,40.0,Standard,1
2072,3,23116.886510000004,7705.628836666668,0.0,4.0,32,19.0,Standard,0
2073,1,2839.01184,2839.01184,0.0,4.0,302,37.0,Standard,1
2074,1,19075.16212,19075.16212,0.0,6.0,373,31.0,Standard,1
2075,3,10321.335439999999,3440.4451466666665,0.0,4.666666666666667,178,27.0,Standard,1
2076,2,15259.258419999998,7629.629209999999,0.0,4.5,43,36.0,Silver,1
2077,34,545399.28513,16041.155444999999,0.058823529411764705,4.029411764705882,1,26.0,Standard,0
2078,3,9292.68976,3097.5632533333333,0.0,3.3333333333333335,463,30.0,Standard,1
2079,1,1129.4456,1129.4456,0.0,1.0,164,32.0,Gold,1
2080,11,175258.45436999996,15932.586760909087,0.0,3.727272727272727,66,52.0,Silver,0
2081,4,5523.2072100000005,1380.8018025000001,0.0,3.5,262,48.0,Gold,1
2082,1,4561.42104,4561.42104,0.0,6.0,360,38.0,Standard,1
2084,2,9462.866890000001,4731.433445000001,1.0,2.5,867,18.0,Standard,1
2085,1,4926.181100000001,4926.181100000001,0.0,4.0,360,41.0,Standard,1
2087,4,66962.06777,16740.5169425,0.0,4.5,39,28.0,Standard,1
2088,1,3987.876,3987.876,0.0,3.0,8,30.0,Premium,0
2089,40,645031.4579,16125.7864475,0.025,4.05,27,31.0,Silver,0
2090,7,29351.81193,4193.11599,0.0,2.2857142857142856,0,31.0,Silver,0
2091,3,8648.01389,2882.671296666667,0.0,2.3333333333333335,304,34.0,Standard,1
2092,1,24639.4988,24639.4988,0.0,3.0,153,33.0,Gold,1
2093,2,502.49708,251.24854,0.0,2.5,32,39.0,Silver,0
2094,4,32461.997760000002,8115.4994400000005,0.0,1.75,38,54.0,Silver,0
2096,1,7092.66701,7092.66701,0.0,2.0,2,33.0,Silver,0
2097,3,2669.05624,889.6854133333333,0.0,2.3333333333333335,36,28.0,Standard,0
2099,2,1494.5087999999998,747.2543999999999,0.0,5.0,216,34.0,Standard,1
2100,7,74423.53944,10631.934205714284,0.0,2.857142857142857,469,35.0,Gold,1
2101,3,35375.44854,11791.81618,0.0,4.0,234,18.0,Silver,0
2102,1,1215.7212000000002,1215.7212000000002,0.0,1.0,572,37.0,Gold,1
2103,2,2140.08381,1070.041905,0.0,2.5,13,18.0,Standard,1
2104,1,2389.4811,2389.4811,1.0,4.0,78,40.0,Silver,0
2105,8,107273.87313,13409.23414125,0.125,3.25,2,18.0,Standard,0
2106,2,2961.02385,1480.511925,0.5,3.5,23,36.0,Silver,1
2108,1,2421.28188,2421.28188,0.0,3.0,635,24.0,Silver,1
2109,36,518105.65427,14391.823729722222,0.08333333333333333,3.1666666666666665,8,18.0,Standard,0
2110,4,27499.7053,6874.926325,0.0,3.5,1,35.0,Standard,1
2111,4,167057.56114,41764.390285,0.0,3.5,338,46.0,Silver,1
2112,3,856.4083599999999,285.4694533333333,0.0,4.333333333333333,215,32.0,Standard,1
2113,1,9794.252160000002,9794.252160000002,1.0,4.0,1,18.0,Standard,0
2114,2,199341.91738,99670.95869,0.5,3.5,500,36.0,Standard,1
2115,2,17331.8249,8665.91245,0.0,3.5,53,19.0,Standard,1
2117,7,35118.30848,5016.9012114285715,0.2857142857142857,4.142857142857143,44,18.0,Standard,0
2118,38,293367.03827,7720.18521763158,0.02631578947368421,3.0,66,22.0,Silver,0
2120,3,134995.04257000002,44998.34752333334,0.0,3.6666666666666665,28,37.0,Standard,0
2121,39,268612.73615,6887.506055128206,0.1282051282051282,3.4871794871794872,43,30.0,Premium,0
2122,14,293681.115,20977.2225,0.07142857142857142,3.9285714285714284,31,27.0,Standard,0
2123,5,33436.40227,6687.280454,0.2,4.2,40,37.0,Gold,1
2124,41,529881.0991400001,12923.929247317075,0.04878048780487805,3.292682926829268,5,18.0,Standard,0
2125,1,1094.80734,1094.80734,0.0,4.0,16,34.0,Standard,1
2126,2,33393.4503,16696.72515,0.0,3.5,106,35.0,Standard,1
2127,9,64207.84535,7134.205038888889,0.0,2.888888888888889,8,26.0,Standard,1
2128,9,56550.954849999995,6283.439427777777,0.0,4.555555555555555,70,44.0,Silver,0
2129,1,1311.20694,1311.20694,0.0,5.0,808,25.0,Standard,1
2130,1,1365.9024,1365.9024,0.0,4.0,80,21.0,Standard,0
2133,26,474160.91662000003,18236.958331538463,0.0,4.423076923076923,3,41.0,Standard,0
2134,6,85411.51370000001,14235.252283333335,0.16666666666666666,3.8333333333333335,149,18.0,Standard,1
2136,32,399729.68886,12491.552776875,0.09375,3.09375,8,36.0,Standard,0
2137,2,2105.5608,1052.7804,0.0,2.5,86,52.0,Gold,1
2139,1,1171.49665,1171.49665,0.0,7.0,755,28.0,Standard,1
2140,6,6962.85188,1160.4753133333334,0.0,3.6666666666666665,198,38.0,Premium,1
2141,1,1829.54772,1829.54772,0.0,2.0,25,32.0,Silver,0
2142,36,244823.5379,6800.653830555555,0.0,4.583333333333333,18,46.0,Standard,0
2144,6,94828.14322,15804.690536666667,0.16666666666666666,3.6666666666666665,48,46.0,Standard,0
2145,1,2494.1391900000003,2494.1391900000003,0.0,2.0,230,18.0,Standard,1
2146,1,513.82038,513.82038,0.0,4.0,1,18.0,Standard,1
2147,3,73955.21624,24651.738746666666,0.0,3.0,19,45.0,Gold,1
2149,8,210115.1838,26264.397975,0.125,2.125,13,33.0,Standard,1
2150,1,752.97015,752.97015,0.0,4.0,40,33.0,Gold,1
2151,10,136359.69691,13635.969691,0.0,2.9,44,29.0,Standard,0
2152,4,376314.73287,94078.6832175,0.0,2.75,39,27.0,Standard,0
2153,17,118851.67797,6991.275174705883,0.058823529411764705,4.352941176470588,61,22.0,Silver,0
2154,2,217073.53072999997,108536.76536499998,0.0,4.5,0,28.0,Standard,0
2155,1,11160.18676,11160.18676,0.0,5.0,107,34.0,Silver,1
2156,1,11503.88608,11503.88608,0.0,6.0,1,34.0,Standard,0
2158,1,181.6932,181.6932,0.0,6.0,547,20.0,Silver,1
2159,1,1897.9296,1897.9296,0.0,4.0,394,38.0,Standard,0
2160,2,1325.0962,662.5481,0.0,4.0,962,32.0,Standard,0
2161,4,555088.5758100001,138772.14395250002,0.0,2.0,6,38.0,Gold,1
2162,3,34835.40922,11611.803073333334,0.0,2.6666666666666665,115,52.0,Gold,1
2163,19,94265.64826,4961.3499084210525,0.05263157894736842,2.6315789473684212,98,29.0,Gold,0
2164,5,16667.01672,3333.403344,0.0,5.0,24,46.0,Standard,0
2165,5,30148.45282,6029.6905639999995,0.0,4.8,122,30.0,Standard,1
2166,4,10467.386320000001,2616.8465800000004,0.0,5.25,46,22.0,Silver,0
2168,10,220440.88666000002,22044.088666000003,0.0,3.0,2,38.0,Silver,0
2169,17,369680.23243000003,21745.896025294118,0.058823529411764705,3.5294117647058822,5,40.0,Standard,0
2170,1,2072.4782499999997,2072.4782499999997,0.0,2.0,480,24.0,Standard,0
2171,12,237249.06508,19770.755423333332,0.08333333333333333,3.6666666666666665,23,48.0,Gold,0
2173,3,27432.358600000003,9144.119533333334,0.3333333333333333,4.666666666666667,171,21.0,Silver,0
2174,31,183981.59325,5934.89010483871,0.03225806451612903,4.064516129032258,3,20.0,Standard,0
2175,20,432011.40578,21600.570289,0.15,3.35,0,27.0,Standard,0
2176,1,15050.7581,15050.7581,0.0,3.0,62,31.0,Standard,1
2177,2,2077.61392,1038.80696,0.5,5.0,207,37.0,Standard,1
2178,1,4596.69175,4596.69175,0.0,3.0,72,44.0,Standard,1
2180,1,1129.62762,1129.62762,0.0,5.0,532,31.0,Standard,1
2181,2,6273.25265,3136.626325,0.0,3.0,24,41.0,Silver,1
2182,2,9295.17213,4647.586065,0.0,3.0,79,31.0,Silver,0
2183,5,35327.00133,7065.400266,0.2,2.6,24,19.0,Silver,1
2185,7,49165.18175,7023.597392857143,0.14285714285714285,4.285714285714286,23,44.0,Standard,1
2189,1,426.76864,426.76864,0.0,7.0,263,36.0,Standard,0
2190,1,891.4182400000001,891.4182400000001,0.0,5.0,211,19.0,Standard,1
2191,2,18034.996440000003,9017.498220000001,0.5,5.0,295,34.0,Standard,1
2192,1,5827.151519999999,5827.151519999999,0.0,4.0,141,39.0,Standard,1
2193,1,12527.77008,12527.77008,0.0,5.0,431,35.0,Gold,1
2195,2,6967.468100000001,3483.7340500000005,0.0,2.0,28,25.0,Standard,0
2196,32,463529.75291000004,14485.304778437501,0.09375,4.5,2,23.0,Silver,0
2197,8,400893.12545000005,50111.640681250006,0.0,3.875,171,38.0,Gold,0
2198,4,34444.64138,8611.160345,0.0,4.0,22,21.0,Standard,0
2199,2,1928.91006,964.45503,0.0,4.0,211,36.0,Gold,1
2200,6,36392.43312,6065.40552,0.16666666666666666,2.8333333333333335,31,18.0,Standard,0
2201,7,75154.33552000001,10736.333645714287,0.14285714285714285,4.142857142857143,41,24.0,Standard,1
2203,45,283108.62562,6291.302791555556,0.044444444444444446,3.2888888888888888,19,35.0,Standard,0
2205,1,1113.10938,1113.10938,0.0,3.0,78,19.0,Silver,1
2208,3,17426.623359999998,5808.874453333333,0.0,4.333333333333333,66,18.0,Standard,0
2210,4,34763.21585,8690.8039625,0.0,3.5,5,39.0,Standard,0
2211,1,612.5512000000001,612.5512000000001,0.0,4.0,115,21.0,Silver,1
2213,9,50613.02955,5623.6699499999995,0.2222222222222222,2.3333333333333335,37,28.0,Standard,1
2214,3,124559.67116999999,41519.89038999999,0.3333333333333333,4.333333333333333,146,27.0,Silver,1
2215,1,518.85286,518.85286,0.0,1.0,446,26.0,Standard,1
2216,2,91954.74416,45977.37208,0.0,3.5,57,18.0,Standard,1
2218,4,140699.37957,35174.8448925,0.25,2.5,85,38.0,Standard,0
2220,4,142572.72912,35643.18228,0.5,4.75,94,39.0,Standard,1
2222,7,26608.472820000003,3801.2104028571434,0.14285714285714285,3.0,214,36.0,Gold,0
2223,2,4200.09744,2100.04872,0.5,4.0,224,31.0,Standard,1
2224,31,264898.8592,8545.124490322582,0.03225806451612903,4.064516129032258,12,18.0,Standard,0
2225,3,10172.77321,3390.924403333333,0.0,2.0,8,36.0,Standard,0
2227,34,285640.78266,8401.19949,0.0,3.1470588235294117,11,23.0,Standard,0
2228,10,56553.18082,5655.318082,0.0,3.4,4,30.0,Standard,0
2229,1,2742.1160800000002,2742.1160800000002,0.0,1.0,64,39.0,Standard,1
2230,2,5779.15561,2889.577805,0.0,2.0,104,44.0,Standard,1
2233,3,81600.76402,27200.254673333333,0.0,5.0,185,29.0,Standard,1
2234,1,96.61085,96.61085,0.0,5.0,216,36.0,Silver,1
2235,49,419602.33273,8563.312912857144,0.10204081632653061,3.2653061224489797,1,19.0,Standard,0
2236,3,53411.40848,17803.802826666666,0.0,4.333333333333333,41,34.0,Standard,1
2237,4,5674.553040000001,1418.6382600000002,0.0,3.5,44,30.0,Standard,0
2238,3,3846.2395600000004,1282.0798533333334,0.0,3.6666666666666665,309,26.0,Silver,1
2240,3,5779.22283,1926.40761,0.3333333333333333,5.666666666666667,49,31.0,Standard,1
2241,3,16212.025219999998,5404.008406666666,0.0,4.333333333333333,223,41.0,Standard,1
2242,1,2816.3825199999997,2816.3825199999997,0.0,4.0,146,18.0,Standard,1
2243,1,607688.2943999999,607688.2943999999,1.0,3.0,339,29.0,Silver,1
2244,25,269627.74157,10785.109662800001,0.04,3.64,19,26.0,Standard,0
2246,1,244.43964,244.43964,0.0,4.0,409,32.0,Standard,1
2247,1,166.93272,166.93272,0.0,2.0,241,31.0,Silver,1
2248,40,333051.73465,8326.29336625,0.025,3.25,16,44.0,Standard,0
2250,2,34807.92347,17403.961735,0.0,2.0,137,24.0,Standard,0
2254,1,419.97386,419.97386,0.0,2.0,371,38.0,Standard,1
2257,6,319291.73915,53215.28985833333,0.0,3.6666666666666665,31,25.0,Standard,0
2259,19,232490.51103,12236.342685789474,0.15789473684210525,3.0,1,30.0,Standard,0
2260,1,13346.08718,13346.08718,0.0,3.0,217,27.0,Silver,1
2262,3,5424.76144,1808.2538133333335,0.3333333333333333,4.0,70,38.0,Standard,0
2263,3,8793.120439999999,2931.0401466666663,0.0,4.0,65,36.0,Silver,1
2264,1,1164.46342,1164.46342,0.0,3.0,455,31.0,Standard,1
2265,33,482330.51494,14616.07621030303,0.0,4.333333333333333,2,37.0,Standard,0
2266,1,2479.6857600000003,2479.6857600000003,0.0,4.0,286,22.0,Standard,1
2267,3,2915.9027800000003,971.9675933333334,0.0,2.0,906,36.0,Standard,0
2268,10,34496.73976,3449.6739759999996,0.0,3.4,11,31.0,Standard,0
2269,2,3591.22084,1795.61042,0.0,3.5,138,32.0,Standard,1
2270,2,1900.19704,950.09852,0.5,2.5,37,42.0,Gold,1
2271,4,59466.199779999995,14866.549944999999,0.5,4.25,24,18.0,Standard,1
2272,7,40006.42692,5715.203845714285,0.0,2.5714285714285716,43,20.0,Silver,0
2273,1,997.58579,997.58579,0.0,2.0,571,36.0,Silver,1
2274,15,221029.90002,14735.326668,0.2,3.533333333333333,3,36.0,Standard,0
2275,1,28185.108480000003,28185.108480000003,0.0,1.0,66,31.0,Standard,1
2276,2,3057.2913500000004,1528.6456750000002,0.0,3.0,216,24.0,Standard,1
2277,29,387146.41088,13349.876237241378,0.034482758620689655,3.2758620689655173,1,18.0,Standard,0
2278,19,161616.71615,8506.142955263158,0.05263157894736842,4.631578947368421,92,30.0,Standard,0
2280,2,15915.85164,7957.92582,0.0,4.0,87,34.0,Standard,0
2281,1,19534.42656,19534.42656,0.0,3.0,90,29.0,Silver,1
2282,4,148923.97628,37230.99407,0.0,2.75,54,45.0,Standard,0
2283,2,29349.222,14674.611,0.0,3.0,22,20.0,Silver,1
2284,1,1613.961,1613.961,0.0,3.0,45,38.0,Gold,1
2285,37,510998.02413,13810.757408918918,0.10810810810810811,3.675675675675676,7,30.0,Standard,0
2287,15,340447.50924000004,22696.500616,0.0,3.3333333333333335,34,37.0,Premium,0
2288,15,109525.28042,7301.685361333333,0.0,3.8666666666666667,18,32.0,Standard,0
2289,20,431863.48794,21593.174397000003,0.05,3.7,49,35.0,Standard,0
2290,5,275569.86979,55113.973958,0.0,4.8,37,25.0,Standard,1
2292,11,99338.06892,9030.73353818182,0.2727272727272727,3.3636363636363638,101,42.0,Silver,0
2293,3,19370.5219,6456.840633333333,0.6666666666666666,4.0,60,31.0,Standard,1
2294,20,443253.63527999993,22162.681763999997,0.05,3.25,8,18.0,Standard,0
2295,8,112293.10353,14036.63794125,0.0,4.5,9,37.0,Standard,1
2296,1,9458.93806,9458.93806,0.0,2.0,208,32.0,Standard,1
2297,25,208086.08758000002,8323.4435032,0.16,4.56,13,36.0,Silver,0
2298,5,200900.40167000002,40180.080334000006,0.0,4.8,51,47.0,Standard,0
2299,9,64908.60265,7212.066961111112,0.1111111111111111,3.6666666666666665,146,26.0,Premium,0
2300,12,540738.20248,45061.516873333334,0.0,3.3333333333333335,21,37.0,Standard,1
2302,4,294347.7659,73586.941475,0.0,2.75,18,18.0,Silver,1
2305,2,2806.1297400000003,1403.0648700000002,0.0,5.0,267,38.0,Gold,1
2306,4,22140.97359,5535.2433975,0.0,4.5,97,22.0,Silver,1
2309,3,7423.8056400000005,2474.60188,0.0,2.6666666666666665,87,40.0,Standard,1
2310,1,522.91159,522.91159,0.0,4.0,10,32.0,Standard,0
2311,5,97931.68697000001,19586.337394000002,0.0,5.0,32,37.0,Silver,1
2312,1,3075.8749399999997,3075.8749399999997,0.0,1.0,113,31.0,Standard,1
2313,2,3368.0155200000004,1684.0077600000002,0.0,3.5,250,26.0,Standard,1
2314,1,7184.09088,7184.09088,0.0,6.0,34,23.0,Standard,0
2315,2,81127.12995,40563.564975,0.0,2.5,29,43.0,Standard,1
2316,1,23792.650830000002,23792.650830000002,0.0,3.0,13,23.0,Gold,0
2317,2,8503.76688,4251.88344,0.0,5.0,14,37.0,Standard,0
2318,4,18325.99066,4581.497665,0.25,4.0,93,33.0,Standard,0
2319,1,28203.195200000002,28203.195200000002,0.0,4.0,972,39.0,Silver,1
2320,2,3148.05828,1574.02914,0.0,4.5,46,39.0,Standard,1
2321,29,236368.62511,8150.642245172414,0.034482758620689655,3.7586206896551726,19,21.0,Gold,0
2322,3,9813.14658,3271.0488600000003,0.0,4.333333333333333,85,27.0,Standard,1
2323,7,78833.97907,11261.997010000001,0.14285714285714285,5.0,80,22.0,Standard,1
2324,11,67917.54017000001,6174.321833636364,0.2727272727272727,2.909090909090909,10,50.0,Standard,0
2325,2,11966.30241,5983.151205,0.0,5.0,9,33.0,Standard,0
2326,24,147283.77536,6136.823973333333,0.0,3.2916666666666665,0,39.0,Premium,0
2327,4,16895.889560000003,4223.972390000001,0.0,2.25,51,29.0,Standard,1
2328,1,1397.71892,1397.71892,0.0,1.0,325,28.0,Silver,0
2329,2,9024.87147,4512.435735,0.0,5.0,46,19.0,Standard,1
2330,3,23347.78903,7782.596343333334,0.3333333333333333,2.6666666666666665,30,39.0,Standard,0
2331,17,69937.20764000001,4113.953390588235,0.11764705882352941,3.2941176470588234,33,21.0,Standard,0
2332,10,24222.273869999997,2422.227387,0.0,4.6,10,45.0,Silver,0
2333,2,9898.04105,4949.020525,0.0,3.0,95,35.0,Standard,1
2334,5,206191.79736999996,41238.35947399999,0.0,3.6,76,18.0,Standard,1
2335,7,12860.62347,1837.2319242857143,0.14285714285714285,3.2857142857142856,36,33.0,Standard,0
2336,28,703732.04394,25133.28728357143,0.03571428571428571,4.607142857142857,34,26.0,Standard,0
2337,3,5850.52168,1950.1738933333334,0.0,3.0,49,30.0,Premium,0
2339,3,149644.04856999998,49881.34952333333,0.0,3.3333333333333335,92,18.0,Standard,1
2340,2,16370.21584,8185.10792,0.0,2.5,36,36.0,Standard,1
2342,3,25792.59304,8597.531013333333,0.0,2.0,57,32.0,Standard,0
2343,2,240059.33936,120029.66968,0.0,4.0,169,22.0,Standard,1
2344,19,143697.63950000002,7563.033657894738,0.15789473684210525,3.4210526315789473,6,26.0,Silver,0
2345,1,393.10648000000003,393.10648000000003,0.0,5.0,502,35.0,Gold,1
2346,33,265843.70244,8055.869770909092,0.0,2.9393939393939394,42,33.0,Standard,0
2347,33,369824.49373,11206.80284030303,0.09090909090909091,3.1818181818181817,6,27.0,Standard,0
2348,7,45078.15901,6439.737001428572,0.14285714285714285,4.0,23,28.0,Standard,1
2349,31,347740.06584,11217.421478709677,0.06451612903225806,4.32258064516129,7,33.0,Standard,0
2350,5,285089.93822,57017.987644,0.0,4.4,56,37.0,Gold,1
2352,4,3038.9857199999997,759.7464299999999,0.25,3.5,11,28.0,Standard,0
2353,1,246.91419000000002,246.91419000000002,0.0,3.0,5,44.0,Standard,1
2354,2,1786.37942,893.18971,0.0,4.5,121,34.0,Premium,0
2356,1,539.2453499999999,539.2453499999999,0.0,3.0,297,30.0,Silver,1
2357,1,504.72815999999995,504.72815999999995,0.0,4.0,465,20.0,Silver,1
2360,4,9102.510869999998,2275.6277174999996,0.0,4.0,100,45.0,Standard,1
2361,1,10673.97115,10673.97115,0.0,5.0,154,31.0,Standard,0
2362,26,382549.32107,14713.43542576923,0.07692307692307693,3.0384615384615383,56,25.0,Standard,0
2363,7,43281.04208,6183.006011428572,0.0,2.857142857142857,60,26.0,Silver,1
2365,9,26515.92389,2946.2137655555553,0.1111111111111111,3.888888888888889,6,27.0,Gold,0
2366,6,21249.20532,3541.53422,0.0,3.3333333333333335,16,21.0,Silver,1
2367,8,30462.47044,3807.808805,0.0,2.875,3,32.0,Silver,0
2369,7,7078.44682,1011.2066885714286,0.14285714285714285,3.142857142857143,5,26.0,Silver,0
2370,1,1442.96847,1442.96847,0.0,2.0,626,24.0,Standard,1
2371,1,299453.1232,299453.1232,0.0,7.0,99,23.0,Standard,1
2373,1,3510.3603,3510.3603,0.0,3.0,252,30.0,Silver,1
2374,2,13735.19655,6867.598275,0.0,5.0,36,42.0,Standard,0
2375,2,42655.81695,21327.908475,0.0,4.5,104,25.0,Standard,0
2376,11,68783.21524,6253.019567272728,0.09090909090909091,3.1818181818181817,45,31.0,Standard,0
2377,3,174745.15681000001,58248.385603333336,0.0,4.666666666666667,63,38.0,Silver,1
2378,2,1804.91668,902.45834,0.0,4.5,64,30.0,Standard,0
2379,9,123493.05327,13721.450363333333,0.2222222222222222,3.888888888888889,195,39.0,Standard,0
2380,1,5867.43052,5867.43052,0.0,1.0,51,28.0,Standard,1
2381,1,128871.08580000002,128871.08580000002,0.0,7.0,243,33.0,Standard,1
2383,2,7733.5155,3866.75775,0.0,4.5,116,29.0,Standard,1
2384,3,23726.91001,7908.970003333333,0.3333333333333333,4.333333333333333,75,21.0,Standard,1
2385,2,7437.19296,3718.59648,0.0,1.5,81,24.0,Silver,1
2386,6,23681.36378,3946.8939633333334,0.0,3.8333333333333335,187,25.0,Silver,1
2387,2,11878.043290000001,5939.021645000001,0.5,3.0,83,18.0,Silver,0
2390,2,23273.036440000003,11636.518220000002,0.0,4.0,17,22.0,Gold,0
2391,2,8601.86458,4300.93229,0.0,3.5,4,24.0,Standard,1
2392,4,6282.75048,1570.68762,0.0,2.0,60,36.0,Standard,1
2393,1,7969.11256,7969.11256,0.0,4.0,470,36.0,Standard,1
2394,1,443.58224,443.58224,0.0,4.0,250,25.0,Standard,1
2395,8,122732.30602000002,15341.538252500002,0.125,4.375,122,38.0,Silver,1
2396,2,19140.12976,9570.06488,0.0,4.0,473,32.0,Standard,1
2398,2,10307.10528,5153.55264,0.0,2.5,237,34.0,Standard,1
2399,1,2082.00144,2082.00144,0.0,2.0,203,43.0,Silver,1
2400,7,38397.60773,5485.372532857144,0.14285714285714285,4.428571428571429,229,29.0,Standard,1
2402,2,393738.85695,196869.428475,0.0,2.5,108,18.0,Silver,1
2403,8,51647.936,6455.992,0.125,4.0,6,36.0,Silver,0
2404,1,3808.4914599999997,3808.4914599999997,0.0,3.0,491,29.0,Standard,1
2405,1,2888.6391599999997,2888.6391599999997,0.0,5.0,136,41.0,Gold,1
2406,3,11760.167569999998,3920.055856666666,0.0,2.6666666666666665,173,42.0,Standard,1
2407,1,3909.33972,3909.33972,0.0,1.0,80,18.0,Premium,1
2408,1,19071.66624,19071.66624,0.0,5.0,51,22.0,Standard,1
2409,4,161839.30130000002,40459.825325000005,0.25,3.75,77,26.0,Standard,0
2410,12,186841.16091,15570.0967425,0.16666666666666666,4.583333333333333,19,40.0,Gold,0
2411,1,3074.5616,3074.5616,0.0,3.0,326,29.0,Silver,0
2412,6,58658.10078,9776.35013,0.0,3.5,317,22.0,Standard,1
2413,1,759.3787500000001,759.3787500000001,0.0,7.0,294,29.0,Gold,0
2414,1,3124.4975999999997,3124.4975999999997,0.0,4.0,197,49.0,Gold,1
2415,1,1838.3301600000002,1838.3301600000002,0.0,3.0,19,29.0,Standard,1
2416,15,121151.61442,8076.774294666667,0.06666666666666667,3.6,42,32.0,Standard,0
2417,6,26730.93506,4455.155843333333,0.16666666666666666,4.333333333333333,34,31.0,Standard,1
2418,4,225671.03848,56417.75962,0.0,3.5,128,29.0,Standard,1
2419,9,82730.26246999999,9192.251385555553,0.0,2.6666666666666665,368,26.0,Standard,0
2421,11,209693.61616,19063.056014545455,0.09090909090909091,4.7272727272727275,80,23.0,Standard,1
2422,7,12541.35008,1791.6214400000001,0.0,4.0,294,35.0,Gold,0
2423,6,14938.06544,2489.6775733333334,0.0,3.5,69,21.0,Gold,1
2425,2,21733.17168,10866.58584,0.0,5.5,18,55.0,Standard,0
2427,5,20999.197360000002,4199.839472000001,0.4,5.0,6,23.0,Gold,0
2428,39,767129.7189,19669.99279230769,0.0,4.743589743589744,31,28.0,Gold,0
2430,1,7112.97072,7112.97072,0.0,4.0,167,27.0,Gold,1
2431,3,16698.148240000002,5566.049413333334,0.0,2.3333333333333335,136,31.0,Standard,1
2432,30,958752.2055899999,31958.406852999997,0.23333333333333334,4.266666666666667,6,30.0,Silver,0
2433,1,7963.98759,7963.98759,0.0,4.0,114,21.0,Gold,0
2434,26,312589.92364,12022.68937076923,0.11538461538461539,3.0,18,38.0,Premium,0
2435,3,217560.53904,72520.17968,0.0,3.3333333333333335,68,49.0,Standard,1
2436,27,210857.2546,7809.5279481481475,0.07407407407407407,3.4074074074074074,2,36.0,Silver,0
2438,10,260293.50503999996,26029.350503999995,0.1,5.1,36,30.0,Standard,1
2439,14,439551.9124700001,31396.56517642858,0.0,2.2857142857142856,5,46.0,Silver,0
2440,1,577.15746,577.15746,0.0,2.0,47,43.0,Standard,0
2441,1,185434.79736,185434.79736,0.0,4.0,605,35.0,Standard,1
2443,3,7603.45414,2534.4847133333333,0.0,4.333333333333333,39,40.0,Standard,0
2444,2,3830.2660800000003,1915.1330400000002,0.0,2.5,229,24.0,Gold,1
2445,1,2060.75436,2060.75436,0.0,5.0,141,33.0,Gold,1
2446,1,1066.24462,1066.24462,0.0,5.0,421,24.0,Standard,1
2447,1,14800.177559999998,14800.177559999998,0.0,4.0,49,42.0,Gold,1
2449,1,10812.41805,10812.41805,0.0,3.0,525,28.0,Silver,1
2450,3,9759.90861,3253.30287,0.3333333333333333,4.0,6,49.0,Gold,1
2452,4,43880.92236,10970.23059,0.0,3.75,1,28.0,Standard,0
2453,1,4720.66875,4720.66875,0.0,6.0,105,21.0,Silver,1
2454,7,170391.11309,24341.587584285713,0.0,3.5714285714285716,61,18.0,Gold,0
2455,12,93174.1876,7764.515633333333,0.0,2.3333333333333335,20,34.0,Standard,0
2457,1,3088.7308399999997,3088.7308399999997,0.0,4.0,189,40.0,Standard,0
2458,3,55764.54207000001,18588.180690000005,0.0,3.0,14,37.0,Gold,1
2459,6,182379.57544,30396.595906666666,0.16666666666666666,2.6666666666666665,39,20.0,Standard,0
2460,4,49781.92435,12445.4810875,0.0,3.25,110,23.0,Standard,0
2461,6,13684.33518,2280.72253,0.0,4.0,14,18.0,Standard,0
2462,4,33259.938799999996,8314.984699999999,0.0,3.25,8,37.0,Standard,1
2463,2,4846.22109,2423.110545,0.0,4.0,57,18.0,Silver,1
2465,11,184938.01787,16812.54707909091,0.09090909090909091,4.090909090909091,36,49.0,Silver,0
2466,6,39714.55986,6619.09331,0.16666666666666666,4.0,2,23.0,Silver,0
2467,5,10209.09938,2041.819876,0.0,4.0,68,38.0,Standard,1
2468,9,52957.0512,5884.1168,0.1111111111111111,2.888888888888889,145,34.0,Standard,1
2469,1,2457.07164,2457.07164,0.0,4.0,666,32.0,Standard,0
2470,2,16449.62568,8224.81284,0.5,2.5,36,25.0,Standard,1
2471,1,402.51939,402.51939,0.0,4.0,47,44.0,Gold,1
2472,2,5460.92245,2730.461225,0.0,5.5,306,37.0,Gold,0
2474,1,2541.1692,2541.1692,0.0,4.0,837,20.0,Standard,0
2475,3,28970.464780000002,9656.821593333334,0.0,5.333333333333333,3,27.0,Standard,1
2476,1,3570.07735,3570.07735,0.0,2.0,827,38.0,Standard,1
2477,1,841.8723,841.8723,0.0,3.0,42,38.0,Gold,0
2478,1,64471.483669999994,64471.483669999994,0.0,2.0,569,35.0,Gold,1
2479,3,6812.803209999999,2270.934403333333,0.0,2.3333333333333335,66,37.0,Premium,1
2482,1,2750.98416,2750.98416,0.0,1.0,172,33.0,Gold,1
2483,7,135633.55637,19376.222338571428,0.0,3.4285714285714284,51,34.0,Standard,0
2484,27,375911.52106000006,13922.64892814815,0.037037037037037035,4.7407407407407405,14,26.0,Silver,0
2486,3,10076.61502,3358.871673333333,0.0,4.333333333333333,62,32.0,Gold,1
2487,2,22570.30518,11285.15259,0.0,3.5,80,36.0,Silver,1
2488,2,2399.0960800000003,1199.5480400000001,0.0,4.5,40,20.0,Silver,0
2489,2,11896.531719999999,5948.2658599999995,0.0,3.5,13,20.0,Gold,0
2491,4,7585.37082,1896.342705,0.25,4.25,200,38.0,Premium,0
2492,2,14842.35154,7421.17577,0.5,3.0,71,18.0,Standard,1
2493,2,10046.794619999999,5023.397309999999,0.0,4.0,25,54.0,Standard,1
2494,1,11841.55686,11841.55686,0.0,1.0,94,41.0,Premium,0
2495,2,48890.624990000004,24445.312495000002,0.0,4.5,657,38.0,Standard,0
2496,3,221287.21588000003,73762.40529333334,0.0,3.0,105,38.0,Premium,1
2497,20,331008.71705,16550.4358525,0.0,4.45,3,34.0,Gold,0
2498,2,28775.6803,14387.84015,0.0,3.0,598,32.0,Gold,1
2499,8,48199.678680000005,6024.959835000001,0.0,3.625,108,18.0,Standard,1
2500,33,566258.3801899999,17159.344854242423,0.09090909090909091,4.151515151515151,32,45.0,Standard,0
2501,2,5087.610779999999,2543.8053899999995,0.0,4.5,412,38.0,Gold,1
2504,4,246661.87946999999,61665.469867499996,0.0,3.0,56,33.0,Premium,1
2505,36,696653.66644,19351.490734444444,0.027777777777777776,3.3333333333333335,6,27.0,Standard,0
2506,7,50777.922999999995,7253.989,0.14285714285714285,4.714285714285714,24,45.0,Standard,0
2507,2,3322.25859,1661.129295,0.0,2.5,28,32.0,Premium,1
2508,1,76959.2604,76959.2604,0.0,2.0,442,29.0,Standard,0
2509,7,157606.90187,22515.271695714287,0.0,4.428571428571429,59,19.0,Standard,0
2510,6,237448.81605000002,39574.802675000006,0.16666666666666666,3.8333333333333335,431,29.0,Standard,0
2511,11,38165.82513,3469.6204663636363,0.09090909090909091,3.1818181818181817,44,32.0,Premium,0
2512,16,129044.34454,8065.27153375,0.1875,3.5625,96,22.0,Standard,0
2513,6,40043.10241000001,6673.8504016666675,0.16666666666666666,3.5,325,38.0,Standard,1
2514,29,292683.34637,10092.529185172414,0.06896551724137931,4.482758620689655,11,20.0,Standard,0
2515,8,102086.24456,12760.78057,0.0,2.875,74,19.0,Standard,0
2516,36,837758.3676100001,23271.065766944448,0.0,4.027777777777778,9,29.0,Silver,0
2518,1,541.2592500000001,541.2592500000001,0.0,4.0,299,24.0,Silver,0
2519,2,7034.1129200000005,3517.0564600000002,0.0,3.5,335,18.0,Gold,1
2520,2,623.0636999999999,311.53184999999996,0.0,5.0,571,43.0,Standard,1
2521,4,7490.65371,1872.6634275,0.25,5.0,168,41.0,Standard,1
2522,4,17306.35053,4326.5876325,0.0,3.5,148,49.0,Silver,0
2523,34,370279.49025000003,10890.57324264706,0.08823529411764706,3.2058823529411766,7,30.0,Silver,0
2524,7,33879.62476,4839.946394285714,0.0,4.285714285714286,258,31.0,Silver,0
2525,28,992521.76814,35447.206005,0.03571428571428571,3.5357142857142856,10,28.0,Standard,0
2526,45,569811.50997,12662.477999333334,0.1111111111111111,3.311111111111111,7,18.0,Standard,0
2527,4,8412.05655,2103.0141375,0.0,3.5,254,38.0,Premium,0
2529,9,69093.88500000001,7677.098333333334,0.1111111111111111,2.6666666666666665,32,41.0,Gold,0
2530,9,99536.6959,11059.632877777778,0.0,2.4444444444444446,185,25.0,Standard,0
2531,10,169140.84427,16914.084427,0.0,3.1,15,42.0,Standard,1
2533,2,810.984,405.492,0.0,3.5,59,28.0,Silver,0
2534,1,19177.093179999996,19177.093179999996,0.0,3.0,96,26.0,Silver,0
2535,7,465405.1251,66486.44644285714,0.0,3.0,307,35.0,Gold,0
2536,1,761.0203799999999,761.0203799999999,0.0,6.0,18,38.0,Standard,0
2537,1,9765.303240000001,9765.303240000001,0.0,4.0,29,34.0,Standard,1
2538,2,7401.37926,3700.68963,0.5,2.5,211,24.0,Standard,1
2539,1,2189.4574,2189.4574,0.0,6.0,133,28.0,Standard,1
2540,2,1583.0035200000002,791.5017600000001,0.0,3.0,55,23.0,Gold,0
2541,16,1001803.75091,62612.734431875,0.0,2.6875,44,41.0,Gold,1
2542,45,512127.88701999997,11380.619711555555,0.1111111111111111,2.8444444444444446,8,30.0,Gold,0
2543,11,321273.15351,29206.650319090906,0.2727272727272727,3.090909090909091,1,31.0,Silver,0
2545,8,89414.40164000001,11176.800205000001,0.25,3.75,67,33.0,Premium,0
2546,13,127176.4301,9782.802315384615,0.07692307692307693,3.5384615384615383,18,28.0,Standard,0
2547,2,5610.11715,2805.058575,0.0,4.0,106,32.0,Standard,0
2549,1,6158.84832,6158.84832,0.0,3.0,266,26.0,Standard,1
2550,1,5800.82096,5800.82096,0.0,7.0,172,18.0,Standard,0
2554,1,1433.98582,1433.98582,0.0,1.0,12,18.0,Standard,1
2555,35,543722.07303,15534.916372285714,0.08571428571428572,4.571428571428571,8,43.0,Silver,0
2556,6,24726.99184,4121.165306666667,0.0,1.8333333333333333,177,34.0,Standard,0
2557,2,756.0644400000001,378.03222000000005,0.0,3.5,3,20.0,Gold,0
2558,2,2940.0349100000003,1470.0174550000002,0.0,2.5,235,36.0,Standard,1
2559,8,49442.429780000006,6180.303722500001,0.0,3.0,70,39.0,Standard,0
2560,6,68071.2088,11345.201466666666,0.16666666666666666,4.166666666666667,48,22.0,Standard,0
2561,1,1812.2461500000002,1812.2461500000002,1.0,3.0,376,46.0,Gold,1
2562,6,288693.6797,48115.61328333333,0.0,4.0,64,18.0,Silver,1
2563,22,441095.56842,20049.798564545457,0.09090909090909091,4.045454545454546,51,31.0,Standard,1
2564,1,2088.37657,2088.37657,0.0,3.0,270,29.0,Silver,1
2566,2,25927.806459999996,12963.903229999998,0.0,3.0,49,37.0,Silver,0
2567,2,12807.3561,6403.67805,0.0,2.5,242,27.0,Standard,1
2568,1,9631.143600000001,9631.143600000001,0.0,6.0,28,38.0,Standard,0
2569,1,12342.135419999999,12342.135419999999,0.0,3.0,3,47.0,Standard,0
2570,4,71282.03305000001,17820.508262500003,0.0,3.25,39,39.0,Silver,0
2572,2,62139.413570000004,31069.706785000002,0.0,5.0,19,30.0,Silver,0
2574,1,1198.72384,1198.72384,1.0,2.0,483,22.0,Silver,1
2575,1,479.28125,479.28125,0.0,4.0,127,31.0,Gold,1
2576,21,568863.7572900001,27088.75034714286,0.0,4.142857142857143,12,34.0,Silver,0
2577,4,49206.284490000005,12301.571122500001,0.0,2.75,117,42.0,Silver,0
2578,5,40904.15351999999,8180.830703999998,0.0,3.8,116,53.0,Premium,0
2579,1,3146.10174,3146.10174,0.0,4.0,494,34.0,Standard,1
2580,4,47857.33662,11964.334155,0.0,4.5,24,37.0,Standard,1
2581,3,99642.67284000001,33214.22428,0.0,4.0,72,33.0,Standard,0
2582,12,253723.81706,21143.651421666666,0.08333333333333333,4.0,1,36.0,Standard,0
2583,5,26089.372409999996,5217.874481999999,0.0,2.2,16,18.0,Standard,0
2584,7,44705.72246,6386.531779999999,0.0,2.857142857142857,103,31.0,Standard,1
2585,1,3565.1029500000004,3565.1029500000004,0.0,5.0,46,38.0,Silver,0
2586,1,4617.999650000001,4617.999650000001,0.0,6.0,771,36.0,Silver,0
2587,4,71943.92031,17985.9800775,0.0,4.25,8,35.0,Standard,1
2588,6,44582.28173,7430.380288333334,0.0,3.3333333333333335,131,32.0,Standard,1
2589,16,206591.28768,12911.95548,0.125,3.75,118,34.0,Premium,1
2590,3,13282.34367,4427.44789,0.0,4.0,59,23.0,Gold,0
2591,3,5746.9972,1915.6657333333333,0.3333333333333333,3.3333333333333335,70,39.0,Gold,1
2593,5,140538.13995999997,28107.627991999994,0.0,3.0,98,32.0,Standard,1
2596,4,17143.15715,4285.7892875,0.0,4.5,70,38.0,Standard,1
2597,2,6513.867360000001,3256.9336800000005,0.0,3.0,61,44.0,Gold,1
2598,2,3976.9850399999996,1988.4925199999998,0.0,3.0,73,38.0,Silver,1
2599,2,4010.68439,2005.342195,0.0,5.0,57,27.0,Silver,1
2600,5,22153.996590000002,4430.799318,0.0,5.2,25,18.0,Premium,0
2601,3,1283.75417,427.91805666666664,0.0,3.0,6,34.0,Silver,0
2602,10,157021.78055,15702.178055,0.1,4.2,7,35.0,Standard,1
2605,6,45987.72915,7664.621525,0.0,2.5,210,45.0,Silver,0
2606,6,24394.24022,4065.7067033333333,0.0,2.8333333333333335,25,32.0,Silver,1
2608,2,30886.35781,15443.178905,0.0,4.5,11,35.0,Standard,1
2610,4,3068.18089,767.0452225,0.0,3.5,49,47.0,Premium,0
2611,1,19196.56712,19196.56712,0.0,5.0,351,27.0,Gold,1
2612,40,582215.07099,14555.37677475,0.1,3.2,8,49.0,Silver,0
2613,3,41509.97425,13836.658083333334,0.3333333333333333,4.333333333333333,0,41.0,Premium,0
2614,5,45435.65586,9087.131172,0.0,4.2,58,28.0,Silver,0
2615,36,687261.6467500001,19090.601298611113,0.08333333333333333,4.5,13,39.0,Standard,0
2616,39,761860.77121,19534.89156948718,0.02564102564102564,3.128205128205128,69,26.0,Standard,0
2618,19,258514.68554,13606.036081052633,0.15789473684210525,3.3157894736842106,54,31.0,Premium,0
2619,42,528360.75727,12580.018030238094,0.07142857142857142,4.142857142857143,1,46.0,Standard,0
2621,2,11379.5309,5689.76545,0.0,2.5,313,27.0,Standard,1
2625,7,94806.84330000001,13543.834757142859,0.0,4.571428571428571,62,21.0,Silver,1
2626,3,3822.2916400000004,1274.0972133333335,0.3333333333333333,3.0,150,28.0,Standard,1
2627,2,12576.345669999999,6288.172834999999,0.0,3.0,37,23.0,Standard,0
2628,23,258065.10926,11220.22214173913,0.043478260869565216,4.130434782608695,24,47.0,Gold,0
2629,13,149756.20570999998,11519.70813153846,0.07692307692307693,4.0,19,46.0,Standard,0
2630,5,201994.77808000002,40398.95561600001,0.0,4.6,2,25.0,Silver,0
2632,1,12535.97224,12535.97224,0.0,4.0,428,35.0,Standard,1
2633,3,1688.02644,562.67548,0.0,2.3333333333333335,3,30.0,Standard,0
2634,4,99273.7067,24818.426675,0.25,3.5,434,31.0,Standard,1
2636,1,40553.54838,40553.54838,0.0,1.0,344,41.0,Premium,0
2637,2,21805.112559999998,10902.556279999999,0.0,2.0,317,38.0,Standard,0
2638,1,580.92296,580.92296,0.0,3.0,178,28.0,Standard,0
2639,1,675.1280800000001,675.1280800000001,0.0,1.0,89,33.0,Gold,1
2640,28,291811.67697000003,10421.845606071429,0.03571428571428571,3.0714285714285716,42,37.0,Standard,0
2643,1,2152.332,2152.332,0.0,4.0,368,24.0,Silver,0
2644,12,106756.01457999999,8896.334548333332,0.3333333333333333,3.75,23,18.0,Silver,0
2645,2,8207.804,4103.902,0.0,2.0,91,30.0,Silver,1
2647,15,110393.17371,7359.544914,0.06666666666666667,3.7333333333333334,21,34.0,Standard,0
2648,13,88387.01999000002,6799.001537692309,0.0,2.769230769230769,3,24.0,Premium,0
2649,5,51390.040080000006,10278.008016000002,0.2,3.2,140,35.0,Standard,0
2650,35,328337.7119,9381.077482857143,0.08571428571428572,2.9714285714285715,3,43.0,Standard,0
2652,6,38618.35568,6436.392613333333,0.0,4.833333333333333,121,18.0,Standard,1
2653,27,565360.34109,20939.271892222223,0.0,2.925925925925926,0,24.0,Standard,0
2654,4,13787.10034,3446.775085,0.0,4.0,5,35.0,Standard,1
2656,4,4737.9173200000005,1184.4793300000001,0.0,4.0,394,20.0,Standard,0
2657,2,28833.61317,14416.806585,0.0,2.0,83,28.0,Standard,1
2658,16,240513.06639000002,15032.066649375001,0.125,5.125,48,40.0,Standard,0
2659,1,1378.0249600000002,1378.0249600000002,0.0,3.0,538,32.0,Silver,1
2660,1,4121.3952,4121.3952,0.0,3.0,254,33.0,Standard,1
2661,2,6556.33516,3278.16758,0.0,4.0,80,25.0,Standard,1
2662,3,124387.69586,41462.56528666667,0.0,3.6666666666666665,139,45.0,Standard,1
2663,1,9068.06945,9068.06945,0.0,1.0,681,38.0,Silver,1
2664,43,1084030.48264,25210.011224186048,0.046511627906976744,3.116279069767442,23,29.0,Standard,0
2665,38,1135276.65025,29875.70132236842,0.10526315789473684,3.6578947368421053,4,36.0,Standard,0
2666,10,302402.33077,30240.233077,0.0,2.6,1,43.0,Gold,0
2667,17,250501.95303,14735.409001764707,0.11764705882352941,3.235294117647059,5,29.0,Silver,0
2668,2,5100.80673,2550.403365,0.0,3.0,21,30.0,Standard,0
2669,7,97264.37258000001,13894.91036857143,0.14285714285714285,2.142857142857143,56,20.0,Standard,1
2670,1,1368.34302,1368.34302,0.0,6.0,29,41.0,Standard,0
2671,5,354126.67023000005,70825.334046,0.0,3.8,109,19.0,Standard,0
2672,1,11584.7215,11584.7215,0.0,3.0,101,34.0,Standard,1
2673,8,142015.58033,17751.94754125,0.0,3.375,3,29.0,Gold,0
2674,2,33402.66082,16701.33041,0.0,4.0,101,23.0,Standard,1
2675,1,5975.8784000000005,5975.8784000000005,0.0,1.0,744,42.0,Standard,1
2676,2,15848.73402,7924.36701,0.0,2.5,30,32.0,Standard,0
2677,2,19375.622470000002,9687.811235000001,0.0,3.5,321,32.0,Gold,1
2679,4,210709.34608999998,52677.336522499994,0.0,2.75,227,24.0,Standard,1
2680,1,79072.12693999999,79072.12693999999,0.0,6.0,251,39.0,Gold,1
2683,3,6969.59397,2323.19799,0.0,4.333333333333333,70,29.0,Gold,1
2686,1,150664.9707,150664.9707,0.0,4.0,322,20.0,Gold,1
2687,3,1940.64906,646.88302,0.0,4.666666666666667,95,46.0,Silver,1
2688,1,8447.07016,8447.07016,0.0,4.0,192,25.0,Gold,1
2689,11,64200.625009999996,5836.420455454545,0.09090909090909091,3.3636363636363638,53,40.0,Standard,1
2690,3,2937.98324,979.3277466666667,0.0,3.0,21,18.0,Standard,0
2691,2,4485.0904900000005,2242.5452450000003,0.0,4.0,229,37.0,Standard,1
2692,9,36307.23721,4034.1374677777776,0.0,3.5555555555555554,7,30.0,Standard,0
2693,1,6769.69055,6769.69055,0.0,2.0,320,18.0,Standard,1
2694,5,95612.59319,19122.518638,0.0,4.8,32,24.0,Standard,0
2695,3,12197.33932,4065.779773333333,0.3333333333333333,3.0,175,26.0,Standard,1
2696,22,256100.33311,11640.924232272728,0.045454545454545456,4.863636363636363,35,22.0,Standard,0
2697,23,114088.49418,4960.3693121739125,0.043478260869565216,3.0434782608695654,29,18.0,Silver,0
2698,4,9394.52525,2348.6313125,0.0,5.0,257,44.0,Standard,1
2699,7,121847.03848000002,17406.719782857144,0.0,3.7142857142857144,0,32.0,Standard,0
2700,4,16056.21754,4014.054385,0.0,4.0,104,24.0,Silver,1
2701,3,28339.9304,9446.643466666666,0.0,5.0,149,28.0,Gold,1
2702,2,13780.7356,6890.3678,0.0,4.5,121,22.0,Silver,0
2703,2,2795.51343,1397.756715,0.0,3.0,5,32.0,Standard,1
2705,2,274017.04495999997,137008.52247999999,0.5,5.5,72,38.0,Silver,0
2706,1,7211.17695,7211.17695,0.0,6.0,348,36.0,Gold,1
2709,27,255626.97545,9467.665757407407,0.037037037037037035,4.185185185185185,35,22.0,Standard,0
2710,2,8739.787260000001,4369.8936300000005,0.0,3.5,411,30.0,Standard,1
2712,35,754627.3918999999,21560.782625714284,0.02857142857142857,3.3142857142857145,0,22.0,Standard,0
2713,5,159227.81923000002,31845.563846000005,0.0,3.6,9,39.0,Standard,0
2714,5,104523.69847999999,20904.739695999997,0.0,4.8,210,43.0,Silver,1
2716,1,769.3224,769.3224,0.0,3.0,1163,37.0,Standard,0
2717,2,62712.438559999995,31356.219279999998,0.0,2.5,185,20.0,Premium,1
2718,1,610.2342400000001,610.2342400000001,0.0,3.0,355,45.0,Silver,1
2719,1,1373.3003299999998,1373.3003299999998,0.0,3.0,307,38.0,Standard,1
2720,4,36791.67028,9197.91757,0.0,3.5,0,28.0,Silver,1
2721,5,67076.65500999999,13415.331001999997,0.0,3.2,29,32.0,Standard,0
2722,1,488.91678,488.91678,0.0,4.0,572,20.0,Standard,1
2723,1,3636.44334,3636.44334,1.0,3.0,76,18.0,Gold,1
2724,41,767968.33493,18730.934998292683,0.07317073170731707,4.146341463414634,10,29.0,Gold,0
2725,10,34644.06444,3464.406444,0.2,3.1,105,44.0,Standard,0
2727,2,9393.2747,4696.63735,0.0,4.5,35,22.0,Standard,0
2728,8,17903.97147,2237.99643375,0.0,3.625,54,39.0,Gold,0
2729,2,4241.8987799999995,2120.9493899999998,0.5,3.5,62,24.0,Gold,0
2730,14,170477.92285,12176.994489285715,0.07142857142857142,4.642857142857143,35,32.0,Premium,0
2731,1,30156.68704,30156.68704,0.0,5.0,261,37.0,Silver,0
2732,5,207073.08992,41414.617984,0.0,5.2,372,27.0,Standard,1
2733,1,494.39572,494.39572,0.0,1.0,336,35.0,Standard,1
2734,2,36034.50490000001,18017.252450000004,0.5,3.5,14,39.0,Gold,0
2735,3,217448.25444,72482.75147999999,0.0,1.3333333333333333,79,24.0,Standard,1
2737,1,3154.3246799999997,3154.3246799999997,0.0,2.0,102,24.0,Standard,1
2738,13,38406.18024,2954.321556923077,0.07692307692307693,3.3076923076923075,17,30.0,Standard,0
2739,16,287179.16727,17948.697954375,0.0625,3.25,0,29.0,Standard,0
2740,1,4266.36444,4266.36444,0.0,4.0,156,33.0,Standard,0
2741,10,212071.07688,21207.107688,0.1,3.4,119,22.0,Standard,0
2742,35,488234.51952,13949.557700571428,0.08571428571428572,4.714285714285714,3,30.0,Premium,0
2743,3,13673.9382,4557.9794,0.0,2.3333333333333335,488,40.0,Silver,1
2744,32,589080.99864,18408.7812075,0.15625,3.6875,34,33.0,Standard,0
2745,1,58002.18704999999,58002.18704999999,0.0,5.0,519,21.0,Standard,1
2747,17,140817.43766,8283.378685882353,0.11764705882352941,3.823529411764706,3,19.0,Standard,0
2748,5,43937.255390000006,8787.451078000002,0.2,3.8,1,27.0,Standard,0
2749,2,3854.4771,1927.23855,0.0,5.0,123,18.0,Silver,0
2750,2,9791.140940000001,4895.570470000001,0.0,4.0,131,19.0,Standard,1
2751,7,26314.6221,3759.2317285714284,0.14285714285714285,3.142857142857143,14,18.0,Gold,1
2752,8,134227.69835,16778.46229375,0.0,3.375,105,25.0,Standard,0
2753,2,6851.91046,3425.95523,0.5,4.0,140,31.0,Silver,1
2754,5,209247.82848,41849.565696,0.0,2.2,39,21.0,Standard,0
2756,6,259267.41145,43211.23524166667,0.16666666666666666,3.3333333333333335,29,31.0,Silver,0
2757,3,16776.18451,5592.061503333333,0.3333333333333333,4.0,48,28.0,Premium,1
2758,4,12512.73309,3128.1832725,0.25,4.25,22,27.0,Standard,0
2759,4,51722.46192,12930.61548,0.25,4.0,178,20.0,Silver,1
2760,4,51533.136750000005,12883.284187500001,0.0,4.0,11,40.0,Gold,0
2761,1,288.579,288.579,0.0,5.0,33,18.0,Gold,1
2762,6,38906.84642,6484.474403333334,0.16666666666666666,3.5,56,47.0,Standard,1
2763,3,9818.79218,3272.930726666667,0.0,3.6666666666666665,31,28.0,Standard,0
2764,9,160530.78096,17836.75344,0.0,3.111111111111111,14,35.0,Standard,1
2765,5,22457.044970000003,4491.408994,0.0,3.4,39,34.0,Standard,0
2766,34,857697.89326,25226.40862529412,0.08823529411764706,4.205882352941177,44,25.0,Premium,0
2768,25,840799.42897,33631.9771588,0.0,3.68,18,25.0,Standard,0
2769,26,163368.34364,6283.397832307693,0.07692307692307693,4.230769230769231,12,23.0,Gold,0
2770,36,410733.30723,11409.258534166665,0.027777777777777776,3.111111111111111,68,48.0,Gold,0
2771,2,29011.091039999996,14505.545519999998,0.0,4.5,274,30.0,Silver,0
2773,2,15305.724040000001,7652.8620200000005,0.0,4.0,445,29.0,Standard,1
2774,7,54445.850920000004,7777.978702857144,0.0,4.142857142857143,39,32.0,Silver,0
2775,32,396362.0221,12386.313190625,0.15625,4.09375,12,25.0,Standard,0
2776,1,1768.42242,1768.42242,0.0,7.0,18,39.0,Silver,1
2778,17,100116.27202,5889.192471764706,0.11764705882352941,4.705882352941177,94,21.0,Standard,0
2779,1,409.10415,409.10415,0.0,2.0,24,31.0,Premium,1
2780,5,11238.45321,2247.690642,0.2,2.6,95,29.0,Silver,1
2781,1,1131.4468,1131.4468,0.0,2.0,228,48.0,Standard,1
2782,17,245780.33007999999,14457.666475294116,0.11764705882352941,3.4705882352941178,39,21.0,Standard,0
2784,3,71621.79983999999,23873.933279999997,0.0,4.333333333333333,273,26.0,Standard,0
2785,1,10185.219720000001,10185.219720000001,0.0,2.0,106,18.0,Standard,0
2786,7,46037.99433,6576.856332857143,0.14285714285714285,5.142857142857143,40,30.0,Standard,0
2788,1,1436.6604000000002,1436.6604000000002,0.0,1.0,160,24.0,Standard,0
2789,1,1228.1906,1228.1906,0.0,5.0,128,19.0,Gold,1
2790,2,72838.63068,36419.31534,0.0,7.0,264,35.0,Premium,1
2791,1,45360.17339999999,45360.17339999999,0.0,3.0,353,34.0,Standard,1
2792,5,22378.37098,4475.674196,0.2,3.8,9,34.0,Gold,0
2793,4,9565.70305,2391.4257625,0.0,2.5,90,30.0,Silver,1
2794,11,338567.10538,30778.827761818186,0.18181818181818182,3.5454545454545454,80,27.0,Standard,1
2796,1,552.42656,552.42656,0.0,2.0,1,25.0,Standard,0
2797,5,122971.75745,24594.35149,0.2,4.0,49,26.0,Standard,0
2798,2,17424.20672,8712.10336,0.0,4.5,141,39.0,Standard,1
2799,3,1102.44249,367.48082999999997,0.0,2.6666666666666665,203,38.0,Silver,1
2800,1,932.84984,932.84984,0.0,1.0,2,35.0,Gold,1
2801,16,158398.30309,9899.893943125,0.0625,3.3125,3,26.0,Standard,0
2802,3,6508.51922,2169.506406666667,0.0,2.6666666666666665,105,38.0,Standard,0
2803,37,951456.75685,25715.047482432434,0.08108108108108109,3.108108108108108,21,27.0,Standard,0
2804,4,127177.83741000001,31794.459352500002,0.0,3.5,42,33.0,Gold,1
2805,3,137052.03295,45684.01098333333,0.0,3.3333333333333335,456,30.0,Standard,0
2806,1,17870.656199999998,17870.656199999998,0.0,5.0,76,38.0,Standard,0
2807,1,1444.70952,1444.70952,0.0,3.0,197,18.0,Silver,1
2808,2,29630.76415,14815.382075,0.0,4.5,81,36.0,Standard,1
2809,6,99304.22912,16550.704853333333,0.0,3.3333333333333335,116,34.0,Silver,1
2810,4,10323.40268,2580.85067,0.0,3.5,64,29.0,Silver,1
2811,1,1931.7240799999997,1931.7240799999997,0.0,5.0,6,29.0,Standard,1
2812,3,2670.85736,890.2857866666667,0.0,4.333333333333333,185,37.0,Standard,1
2813,7,203755.67049,29107.952927142855,0.0,3.142857142857143,179,27.0,Standard,1
2814,2,275138.80891,137569.404455,0.0,4.0,17,35.0,Standard,0
2815,42,1022701.36492,24350.032498095235,0.09523809523809523,4.404761904761905,28,40.0,Standard,0
2817,12,205715.90368000002,17142.991973333334,0.0,3.6666666666666665,39,31.0,Silver,0
2818,11,35736.1011,3248.7364636363636,0.09090909090909091,4.363636363636363,0,18.0,Standard,0
2819,11,307307.87873,27937.079884545456,0.0,2.909090909090909,0,32.0,Silver,0
2820,4,6629.0674,1657.26685,0.0,4.75,68,41.0,Standard,0
2821,2,8464.946390000001,4232.4731950000005,0.0,5.0,456,29.0,Gold,1
2825,15,47182.464400000004,3145.4976266666667,0.0,4.933333333333334,22,34.0,Gold,0
2826,2,43449.4995,21724.74975,0.0,2.0,20,43.0,Premium,0
2828,2,3893.9256600000003,1946.9628300000002,0.0,3.0,45,18.0,Gold,1
2829,17,166455.07912,9791.475242352943,0.17647058823529413,4.0,5,27.0,Silver,0
2832,1,5591.306500000001,5591.306500000001,0.0,3.0,515,18.0,Standard,1
2834,2,1731.53807,865.769035,0.0,3.5,9,40.0,Silver,1
2835,2,9176.67266,4588.33633,0.0,3.5,50,25.0,Silver,1
2836,5,17041.02619,3408.205238,0.0,4.4,96,39.0,Standard,1
2837,6,114393.48857999999,19065.58143,0.0,3.5,50,22.0,Premium,1
2838,3,65564.21782,21854.739273333336,0.0,3.6666666666666665,162,39.0,Gold,0
2839,4,23541.98095,5885.4952375,0.0,2.5,95,24.0,Silver,1
2840,2,2814.65765,1407.328825,0.0,3.0,79,42.0,Gold,0
2841,26,670811.45029,25800.44039576923,0.07692307692307693,3.269230769230769,29,51.0,Standard,0
2842,3,49249.98223,16416.660743333334,0.0,3.0,114,24.0,Standard,0
2844,34,278303.62041,8185.400600294117,0.029411764705882353,3.7941176470588234,5,33.0,Standard,0
2845,2,1717.93568,858.96784,0.0,2.5,794,29.0,Standard,1
2846,1,304.8294,304.8294,0.0,2.0,1181,31.0,Standard,1
2847,3,92782.85979999999,30927.61993333333,0.0,4.666666666666667,1,39.0,Standard,0
2849,6,18793.41296,3132.2354933333336,0.16666666666666666,4.0,4,38.0,Standard,0
2850,29,396717.77894,13679.923411724138,0.06896551724137931,4.206896551724138,8,50.0,Silver,0
2851,42,360233.96028,8576.999054285714,0.07142857142857142,4.285714285714286,21,18.0,Standard,0
2852,8,213052.8265,26631.6033125,0.125,3.625,7,31.0,Silver,0
2853,42,593192.71179,14123.635994999999,0.07142857142857142,3.0952380952380953,0,27.0,Standard,0
2854,3,85757.35809,28585.78603,0.3333333333333333,3.3333333333333335,9,53.0,Standard,1
2855,1,590.7385,590.7385,0.0,6.0,607,39.0,Standard,1
2856,2,6743.10812,3371.55406,0.0,3.5,75,40.0,Standard,1
2857,5,6796.25427,1359.2508540000001,0.2,2.4,2,18.0,Gold,0
2858,4,5698.3522299999995,1424.5880574999999,0.0,3.5,409,38.0,Silver,1
2859,2,8191.1598,4095.5799,0.0,4.5,198,27.0,Standard,0
2861,36,751465.35892,20874.03774777778,0.05555555555555555,3.0277777777777777,14,36.0,Premium,0
2862,23,142326.16147,6188.093976956521,0.0,3.3043478260869565,48,18.0,Standard,0
2863,40,912658.93247,22816.47331175,0.125,3.2,1,25.0,Standard,0
2865,4,207157.46615,51789.3665375,0.0,2.75,19,18.0,Standard,1
2867,3,34122.07572,11374.02524,0.0,4.333333333333333,278,29.0,Silver,1
2869,1,740.61104,740.61104,0.0,5.0,315,29.0,Silver,1
2870,2,8623.59525,4311.797625,0.0,5.0,176,29.0,Standard,1
2871,3,93677.68636,31225.895453333334,0.0,3.0,76,18.0,Standard,1
2872,44,732380.67518,16645.015345,0.11363636363636363,4.363636363636363,11,38.0,Standard,0
2874,1,5629.866420000001,5629.866420000001,0.0,3.0,85,28.0,Standard,0
2875,1,2813.04324,2813.04324,0.0,3.0,132,21.0,Silver,0
2876,3,19479.687360000004,6493.229120000001,0.0,5.0,130,41.0,Standard,0
2877,4,51547.35637,12886.8390925,0.0,4.0,1,18.0,Silver,0
2878,3,7467.869170000001,2489.2897233333338,0.0,2.3333333333333335,39,25.0,Standard,0
2879,2,12536.850910000001,6268.4254550000005,0.0,3.5,176,32.0,Standard,1
2880,5,96774.91613,19354.983226,0.0,4.0,59,30.0,Silver,1
2881,1,2869.87509,2869.87509,0.0,3.0,561,36.0,Standard,1
2882,39,408371.20362,10471.056503076923,0.0,4.256410256410256,13,29.0,Standard,0
2883,4,18717.55845,4679.3896125,0.25,3.75,84,37.0,Standard,1
2884,1,3124.40284,3124.40284,0.0,3.0,318,44.0,Standard,1
2885,1,37776.42624,37776.42624,0.0,4.0,68,30.0,Standard,1
2886,3,3105.5719299999996,1035.1906433333331,0.0,3.3333333333333335,143,35.0,Silver,1
2887,1,511.09266,511.09266,0.0,6.0,342,35.0,Gold,1
2888,4,129710.14562000001,32427.536405000003,0.0,2.0,202,19.0,Standard,1
2889,3,5032.69546,1677.5651533333332,0.0,3.6666666666666665,288,44.0,Silver,1
2892,21,425184.05942,20246.859972380953,0.09523809523809523,4.285714285714286,1,34.0,Gold,0
2894,3,30937.28361,10312.42787,0.0,4.0,370,18.0,Standard,1
2895,21,166644.97314,7935.4749114285705,0.047619047619047616,3.238095238095238,1,41.0,Silver,0
2896,3,25482.0431,8494.014366666666,0.0,4.333333333333333,35,18.0,Standard,1
2897,1,11169.147879999999,11169.147879999999,0.0,2.0,268,18.0,Gold,1
2898,3,17528.90649,5842.968830000001,0.0,4.333333333333333,349,19.0,Silver,1
2899,4,24460.71199,6115.1779975,0.0,3.25,137,28.0,Standard,1
2900,2,19183.89918,9591.94959,0.0,3.5,168,36.0,Standard,1
2901,1,424.65444,424.65444,1.0,2.0,307,36.0,Silver,1
2903,3,270401.29783,90133.76594333333,0.0,3.0,214,41.0,Standard,1
2904,3,36729.94702,12243.315673333333,0.0,3.6666666666666665,104,18.0,Standard,0
2905,2,7342.022870000001,3671.0114350000003,0.0,5.0,14,28.0,Standard,0
2906,4,196510.68007999996,49127.67001999999,0.0,3.25,76,34.0,Standard,1
2907,3,23852.575719999997,7950.858573333332,0.0,3.0,192,32.0,Standard,1
2908,17,169628.30626,9978.135662352943,0.17647058823529413,4.882352941176471,41,30.0,Gold,0
2909,19,287847.39031,15149.862647894735,0.10526315789473684,4.157894736842105,3,18.0,Premium,0
2910,4,62688.26769,15672.0669225,0.0,3.75,198,36.0,Standard,1
2911,7,48615.28018,6945.040025714286,0.0,3.142857142857143,21,31.0,Standard,0
2912,1,9004.1124,9004.1124,0.0,7.0,281,36.0,Silver,1
2913,1,613.7463799999999,613.7463799999999,0.0,2.0,200,26.0,Standard,1
2914,6,30410.12268,5068.35378,0.0,4.166666666666667,92,28.0,Standard,1
2915,1,13296.88062,13296.88062,0.0,1.0,1,25.0,Standard,0
2916,2,14176.28886,7088.14443,0.0,3.5,38,39.0,Standard,1
2917,3,7974.901300000001,2658.300433333334,0.0,4.333333333333333,396,24.0,Standard,1
2918,35,478704.64823000005,13677.275663714287,0.05714285714285714,3.5428571428571427,9,39.0,Silver,0
2919,1,1678.1663999999998,1678.1663999999998,1.0,3.0,5,20.0,Silver,1
2920,3,100924.55683000002,33641.518943333336,0.3333333333333333,3.3333333333333335,300,40.0,Standard,0
2921,8,64598.42133,8074.80266625,0.25,4.625,12,27.0,Silver,1
2922,6,22396.655450000002,3732.7759083333335,0.0,3.5,4,35.0,Standard,0
2923,3,83099.56932999998,27699.856443333327,0.0,5.333333333333333,44,36.0,Standard,1
2924,7,97933.1699,13990.452842857141,0.14285714285714285,3.4285714285714284,36,36.0,Premium,0
2925,3,7372.63334,2457.5444466666668,0.0,3.3333333333333335,100,45.0,Gold,1
2926,2,8543.2191,4271.60955,0.5,3.0,76,33.0,Silver,1
2929,11,57741.43017,5249.220924545454,0.0,3.8181818181818183,77,30.0,Standard,0
2930,1,12266.67828,12266.67828,0.0,3.0,290,33.0,Standard,0
2932,3,10858.79304,3619.5976800000003,0.0,3.3333333333333335,11,31.0,Silver,1
2933,45,648057.66513,14401.281447333333,0.044444444444444446,2.8222222222222224,1,23.0,Silver,0
2934,1,4657.07528,4657.07528,0.0,4.0,81,26.0,Standard,0
2935,6,244436.05294000002,40739.34215666667,0.0,3.1666666666666665,166,36.0,Standard,0
2936,4,173576.37957000002,43394.094892500005,0.0,3.0,111,30.0,Silver,1
2937,4,32541.3385,8135.334625,0.5,4.25,186,30.0,Standard,1
2938,8,36101.87118,4512.7338975,0.0,3.75,42,41.0,Standard,0
2939,1,632.33568,632.33568,0.0,4.0,275,38.0,Silver,1
2940,8,197897.74136,24737.21767,0.0,4.875,19,33.0,Gold,0
2941,30,520421.25717,17347.375239,0.06666666666666667,3.3666666666666667,12,37.0,Silver,0
2942,3,145442.3671,48480.789033333334,0.3333333333333333,4.333333333333333,5,39.0,Gold,1
2943,3,18544.919390000003,6181.639796666667,0.0,3.6666666666666665,368,33.0,Standard,1
2944,2,39495.05851,19747.529255,0.0,4.5,22,22.0,Standard,1
2945,3,25964.38722,8654.79574,0.0,5.0,165,32.0,Standard,1
2946,3,5895.46701,1965.15567,0.0,2.6666666666666665,420,33.0,Silver,0
2947,14,84825.96626,6058.99759,0.07142857142857142,2.857142857142857,56,36.0,Standard,0
2951,1,20082.622160000003,20082.622160000003,0.0,5.0,131,50.0,Gold,0
2953,1,6934.48992,6934.48992,0.0,5.0,121,35.0,Standard,0
2954,1,1465.11222,1465.11222,0.0,2.0,256,28.0,Silver,1
2955,2,4576.11616,2288.05808,0.0,4.0,136,25.0,Standard,1
2956,3,54531.45615,18177.15205,0.0,3.3333333333333335,84,22.0,Silver,1
2957,1,608.4139600000001,608.4139600000001,0.0,4.0,66,46.0,Silver,0
2958,4,24082.215710000004,6020.553927500001,0.0,3.75,9,33.0,Silver,0
2959,2,1220.25316,610.12658,0.0,4.0,287,41.0,Standard,0
2960,1,4961.58728,4961.58728,0.0,3.0,244,37.0,Standard,1
2961,2,3539.33342,1769.66671,0.5,4.0,256,29.0,Standard,1
2962,1,1592.62672,1592.62672,0.0,4.0,134,37.0,Standard,1
2965,4,78319.95462,19579.988655,0.0,2.75,74,40.0,Standard,1
2966,3,27672.927490000002,9224.309163333333,0.3333333333333333,3.6666666666666665,257,26.0,Standard,1
2967,4,46445.53991,11611.3849775,0.0,3.0,44,29.0,Standard,0
2968,1,574.20398,574.20398,0.0,6.0,714,27.0,Standard,1
2969,2,51891.665080000006,25945.832540000003,0.0,2.5,433,25.0,Standard,1
2970,2,3264.99144,1632.49572,0.0,3.0,837,44.0,Standard,0
2971,2,127284.55660000001,63642.278300000005,0.0,6.0,37,47.0,Standard,1
2972,7,65276.54896,9325.22128,0.0,3.142857142857143,118,18.0,Silver,1
2973,1,122515.1111,122515.1111,0.0,1.0,8,30.0,Silver,1
2974,1,70396.42887999999,70396.42887999999,0.0,4.0,106,20.0,Gold,1
2975,1,1704.46804,1704.46804,0.0,3.0,144,29.0,Standard,0
2976,18,374936.48326999997,20829.80462611111,0.05555555555555555,4.166666666666667,31,43.0,Standard,0
2977,1,466.56899999999996,466.56899999999996,0.0,3.0,907,38.0,Standard,1
2978,4,332817.95012,83204.48753,0.0,3.75,118,39.0,Gold,1
2979,9,219327.13309,24369.681454444442,0.0,3.111111111111111,45,33.0,Standard,0
2982,10,105702.79947,10570.279946999999,0.1,5.2,46,29.0,Silver,0
2983,1,7526.80152,7526.80152,0.0,5.0,170,27.0,Standard,0
2985,1,9097.46619,9097.46619,0.0,5.0,41,32.0,Standard,1
2986,1,5080.29987,5080.29987,0.0,2.0,185,26.0,Standard,1
2987,16,311138.1107,19446.13191875,0.0625,3.3125,1,19.0,Silver,0
2988,1,2323.0194,2323.0194,0.0,1.0,562,47.0,Gold,1
2989,2,9648.487700000001,4824.243850000001,0.0,3.5,13,43.0,Standard,0
2991,6,28080.88972,4680.1482866666665,0.16666666666666666,3.0,27,31.0,Silver,1
2992,1,2366.3556,2366.3556,1.0,2.0,372,31.0,Standard,1
2994,4,9674.74507,2418.6862675,0.0,3.5,221,34.0,Premium,1
2995,2,4139.39777,2069.698885,0.0,2.0,86,49.0,Standard,0
2996,3,17472.53244,5824.177479999999,0.0,4.666666666666667,5,29.0,Standard,1
2997,1,2940.2767999999996,2940.2767999999996,0.0,3.0,725,26.0,Standard,1
2998,4,8533.72536,2133.43134,0.25,3.0,48,36.0,Silver,0
2999,2,11340.95666,5670.47833,0.0,4.5,111,32.0,Standard,1
3000,28,312611.74493,11164.705176071428,0.07142857142857142,3.4285714285714284,19,29.0,Standard,0
3001,3,109140.38442000002,36380.12814000001,0.0,3.6666666666666665,32,36.0,Silver,1
3002,1,2033.3901599999997,2033.3901599999997,0.0,2.0,32,32.0,Standard,1
3003,11,430538.30273,39139.845702727274,0.0,2.8181818181818183,6,27.0,Standard,0
3004,9,51083.36198,5675.9291088888895,0.0,4.777777777777778,9,20.0,Standard,0
3005,2,1875.15026,937.57513,0.0,3.5,14,37.0,Standard,1
3007,10,104859.34852,10485.934852,0.0,3.3,16,18.0,Gold,0
3008,15,510023.51723,34001.567815333336,0.06666666666666667,3.0,27,31.0,Standard,0
3010,5,9499.1802,1899.8360400000001,0.0,3.6,14,51.0,Standard,1
3012,3,24190.60207,8063.534023333334,0.0,4.333333333333333,29,41.0,Gold,1
3013,7,122196.35517,17456.622167142858,0.0,4.142857142857143,51,48.0,Standard,1
3014,8,121790.82512000001,15223.853140000001,0.0,3.625,1,21.0,Gold,0
3015,2,1582.7053799999999,791.3526899999999,0.0,3.5,19,21.0,Standard,1
3016,3,17685.267480000002,5895.08916,0.0,4.0,33,30.0,Silver,1
3018,15,163180.98936,10878.732624,0.13333333333333333,3.3333333333333335,32,31.0,Gold,0
3021,18,661928.37185,36773.79843611111,0.05555555555555555,2.8333333333333335,7,18.0,Standard,0
3023,2,6088.869729999999,3044.4348649999997,0.0,2.5,436,30.0,Standard,1
3025,10,169928.34377,16992.834377,0.0,2.8,105,31.0,Silver,0
3026,1,3806.6678999999995,3806.6678999999995,0.0,4.0,6,42.0,Standard,0
3027,2,7579.49484,3789.74742,0.0,4.5,169,22.0,Standard,0
3028,2,97686.97644,48843.48822,0.0,2.0,56,22.0,Standard,1
3029,5,243914.09618,48782.819235999996,0.0,4.0,54,34.0,Standard,0
3030,1,17337.04134,17337.04134,0.0,1.0,68,28.0,Standard,0
3031,8,20934.10773,2616.76346625,0.0,4.375,18,28.0,Standard,0
3032,32,340295.2074,10634.22523125,0.09375,3.78125,6,37.0,Standard,0
3033,3,23688.86716,7896.289053333334,0.3333333333333333,4.666666666666667,106,27.0,Silver,1
3034,3,6983.129420000001,2327.709806666667,0.0,3.0,4,18.0,Gold,1
3035,1,93.24084,93.24084,0.0,2.0,3,28.0,Standard,0
3036,7,21342.331039999997,3048.9044342857137,0.0,3.142857142857143,40,32.0,Standard,0
3037,3,8050.8068,2683.6022666666668,0.3333333333333333,3.3333333333333335,70,28.0,Premium,1
3038,8,85534.42989999999,10691.803737499999,0.0,2.875,43,36.0,Standard,0
3039,8,22465.88191,2808.23523875,0.125,3.75,41,23.0,Standard,0
3040,2,117173.94622,58586.97311,0.0,5.5,2,31.0,Gold,0
3041,2,14823.06278,7411.53139,0.0,2.0,548,33.0,Silver,1
3042,5,93484.11914,18696.823828,0.2,4.2,95,19.0,Silver,1
3043,15,488126.64691,32541.776460666668,0.26666666666666666,4.666666666666667,2,18.0,Silver,0
3045,1,2087.8522,2087.8522,0.0,5.0,301,26.0,Standard,0
3046,9,58816.682069999995,6535.186896666666,0.2222222222222222,3.0,23,26.0,Standard,1
3047,2,30000.512800000004,15000.256400000002,0.5,4.5,175,34.0,Silver,0
3048,2,261254.17838,130627.08919,0.0,1.5,177,48.0,Silver,0
3049,20,176887.07879,8844.3539395,0.0,4.45,10,28.0,Standard,0
3050,1,848.57992,848.57992,0.0,3.0,631,41.0,Standard,0
3051,3,68859.07492,22953.024973333333,0.0,2.6666666666666665,320,26.0,Standard,1
3052,16,347104.43558,21694.02722375,0.0,4.375,4,31.0,Standard,0
3053,28,255474.13160000002,9124.076128571429,0.07142857142857142,4.5,15,22.0,Standard,0
3054,14,49419.11532,3529.936808571428,0.0,3.0714285714285716,11,25.0,Standard,0
3055,1,595.17605,595.17605,0.0,6.0,94,22.0,Standard,0
3056,2,5323.74618,2661.87309,0.0,3.5,161,46.0,Silver,1
3058,4,12256.763260000002,3064.1908150000004,0.0,3.75,9,35.0,Silver,0
3059,2,267322.04569,133661.022845,0.0,1.5,55,19.0,Standard,1
3060,1,9080.03372,9080.03372,0.0,1.0,58,27.0,Premium,0
3061,34,374466.59531,11013.723391470588,0.029411764705882353,3.4411764705882355,4,29.0,Standard,0
3063,11,80621.39132,7329.217392727272,0.09090909090909091,4.363636363636363,54,19.0,Premium,0
3064,3,8637.94162,2879.313873333333,0.0,4.0,71,45.0,Standard,0
3066,2,14660.64804,7330.32402,0.0,3.5,168,18.0,Standard,1
3067,3,61520.531879999995,20506.84396,0.0,2.3333333333333335,481,22.0,Standard,1
3068,2,4152.9216,2076.4608,0.5,3.5,37,32.0,Standard,1
3069,7,114283.87406999999,16326.267724285713,0.14285714285714285,3.5714285714285716,184,34.0,Silver,1
3071,2,8888.88249,4444.441245,0.0,4.0,114,23.0,Standard,1
3072,24,383105.10486,15962.7127025,0.08333333333333333,4.041666666666667,11,18.0,Silver,0
3073,25,430238.7312,17209.549248,0.04,3.56,1,23.0,Standard,0
3074,1,8319.69264,8319.69264,0.0,3.0,6,38.0,Standard,1
3076,8,12667.82174,1583.4777175,0.125,2.875,125,20.0,Standard,0
3078,27,360662.24515,13357.86093148148,0.07407407407407407,2.7777777777777777,26,19.0,Gold,0
3082,2,67761.49417,33880.747085,0.0,4.0,30,18.0,Premium,1
3084,16,284676.7407,17792.29629375,0.0,4.5,50,29.0,Standard,0
3085,2,2820.786,1410.393,0.5,3.5,198,57.0,Standard,1
3086,6,20058.84866,3343.1414433333334,0.0,2.5,123,35.0,Gold,0
3087,2,8262.54464,4131.27232,0.0,5.5,282,34.0,Standard,1
3088,14,129437.13033,9245.509309285715,0.0,3.2142857142857144,1,38.0,Standard,0
3089,2,135013.86792000002,67506.93396000001,0.0,4.0,52,39.0,Standard,1
3090,1,234.44955,234.44955,0.0,5.0,315,35.0,Gold,1
3091,32,405670.88341,12677.2151065625,0.125,3.84375,24,26.0,Standard,0
3094,36,231103.58411,6419.544003055556,0.05555555555555555,2.9444444444444446,9,39.0,Standard,0
3095,2,5955.70198,2977.85099,0.0,2.0,36,18.0,Standard,1
3096,2,6897.4636199999995,3448.7318099999998,0.0,3.5,19,31.0,Standard,0
3098,1,548.1189,548.1189,1.0,1.0,699,24.0,Premium,1
3099,2,23672.79456,11836.39728,0.0,3.5,11,29.0,Standard,1
3101,1,5409.99756,5409.99756,0.0,5.0,5,24.0,Silver,0
3103,10,59487.20712,5948.720712,0.1,3.9,58,18.0,Standard,1
3104,2,14765.33527,7382.667635,0.0,1.5,608,24.0,Standard,1
3105,3,26395.09048,8798.363493333332,0.3333333333333333,3.6666666666666665,300,23.0,Standard,1
3106,2,162033.61969999998,81016.80984999999,0.0,4.0,9,42.0,Gold,0
3108,5,110714.5768,22142.91536,0.2,4.0,28,50.0,Standard,0
3109,7,24186.75634,3455.2509057142856,0.14285714285714285,4.428571428571429,82,31.0,Standard,0
3110,1,3617.51945,3617.51945,0.0,5.0,789,51.0,Standard,1
3111,6,104201.01670000001,17366.83611666667,0.0,3.5,172,38.0,Silver,1
3112,3,19704.2331,6568.077700000001,0.0,2.6666666666666665,143,18.0,Standard,0
3113,3,4410.78274,1470.2609133333333,0.0,3.0,11,31.0,Standard,0
3114,16,445485.22026,27842.82626625,0.0,4.6875,1,18.0,Standard,0
3115,3,28643.47539,9547.82513,0.0,3.6666666666666665,29,40.0,Standard,0
3117,14,96767.49638000001,6911.964027142858,0.14285714285714285,2.7857142857142856,41,28.0,Gold,0
3118,3,57163.28799,19054.42933,0.0,4.666666666666667,46,18.0,Silver,1
3119,1,109.2616,109.2616,0.0,5.0,37,21.0,Standard,1
3122,3,15297.64576,5099.215253333333,0.0,3.3333333333333335,43,34.0,Silver,0
3123,4,15813.84777,3953.4619425,0.0,2.75,16,39.0,Silver,0
3124,12,225816.86784999998,18818.072320833333,0.0,3.25,58,32.0,Standard,0
3126,3,421036.08513,140345.36171,0.0,4.333333333333333,6,18.0,Standard,0
3127,1,296.426,296.426,0.0,5.0,48,20.0,Standard,1
3128,2,24048.84678,12024.42339,0.0,5.0,716,24.0,Standard,1
3129,38,611694.0479,16097.211786842105,0.07894736842105263,3.289473684210526,0,20.0,Standard,0
3130,4,18462.48852,4615.62213,0.0,6.0,159,43.0,Gold,1
3132,1,3980.3312,3980.3312,0.0,4.0,0,30.0,Standard,0
3133,2,2000.41171,1000.205855,0.0,4.0,347,37.0,Standard,1
3135,12,194871.30119,16239.275099166667,0.0,3.6666666666666665,9,29.0,Standard,0
3136,8,129812.44145,16226.55518125,0.0,3.375,18,34.0,Silver,0
3137,11,55211.749560000004,5019.24996,0.0,5.181818181818182,8,18.0,Gold,0
3138,12,413705.60798000003,34475.46733166667,0.08333333333333333,4.166666666666667,35,21.0,Gold,0
3139,2,21581.250900000003,10790.625450000001,0.0,2.0,3,41.0,Silver,0
3140,2,1314.99368,657.49684,0.0,3.5,315,33.0,Standard,1
3141,2,19866.7079,9933.35395,0.0,2.5,59,26.0,Silver,1
3142,1,2680.33012,2680.33012,0.0,4.0,79,21.0,Gold,0
3143,6,48610.7329,8101.788816666667,0.0,4.5,21,20.0,Standard,1
3145,11,414792.18049,37708.380044545454,0.09090909090909091,4.454545454545454,14,24.0,Silver,0
3147,7,89408.00312000001,12772.571874285715,0.0,4.428571428571429,54,31.0,Standard,1
3148,1,1061.77338,1061.77338,0.0,4.0,420,33.0,Standard,1
3149,2,4937.993,2468.9965,0.5,3.5,53,46.0,Gold,1
3153,7,52323.07584,7474.72512,0.14285714285714285,4.0,35,29.0,Silver,0
3154,8,112572.93923,14071.61740375,0.0,3.75,85,54.0,Standard,1
3155,6,151834.96659,25305.827764999998,0.0,3.0,9,29.0,Standard,0
3156,3,56441.10562,18813.701873333335,0.0,2.3333333333333335,41,33.0,Gold,1
3157,1,4525.07998,4525.07998,1.0,5.0,73,32.0,Standard,1
3158,10,144338.61968,14433.861968000001,0.2,3.9,3,32.0,Standard,0
3159,33,317178.04683,9611.455964545456,0.09090909090909091,3.090909090909091,22,27.0,Standard,0
3160,4,55242.152539999995,13810.538134999999,0.5,4.75,75,18.0,Standard,1
3161,2,2663.0734,1331.5367,0.0,5.0,17,28.0,Silver,1
3162,1,87163.85849999999,87163.85849999999,0.0,1.0,37,33.0,Standard,1
3163,1,8187.79932,8187.79932,0.0,2.0,235,43.0,Gold,1
3165,3,15476.0176,5158.672533333333,0.0,4.0,5,24.0,Silver,1
3166,11,445315.78677,40483.25334272727,0.09090909090909091,3.272727272727273,28,31.0,Standard,0
3167,5,18645.69037,3729.138074,0.2,4.8,81,36.0,Standard,1
3168,24,313175.30970000004,13048.971237500002,0.0,4.041666666666667,16,30.0,Standard,0
3169,1,504.19824,504.19824,0.0,4.0,160,24.0,Premium,1
3170,2,2908.16911,1454.084555,0.0,2.5,70,40.0,Standard,1
3171,1,6697.83411,6697.83411,0.0,2.0,67,24.0,Premium,0
3172,4,10217.531679999998,2554.3829199999996,0.0,2.5,17,39.0,Standard,1
3173,5,6268.14027,1253.628054,0.0,4.4,34,38.0,Standard,1
3174,8,65907.89467,8238.48683375,0.0,3.5,216,29.0,Standard,1
3175,18,112909.29436,6272.738575555555,0.0,2.9444444444444446,51,29.0,Standard,0
3176,3,20869.80298,6956.6009933333335,0.0,2.6666666666666665,101,18.0,Silver,1
3177,8,17948.51126,2243.5639075,0.125,4.25,32,44.0,Standard,1
3179,1,2461.5090000000005,2461.5090000000005,0.0,2.0,84,28.0,Standard,1
3180,28,146319.72631,5225.704511071429,0.07142857142857142,3.892857142857143,1,30.0,Silver,0
3182,6,53418.209310000006,8903.034885000001,0.16666666666666666,3.5,31,18.0,Standard,0
3183,4,69690.327,17422.58175,0.0,5.5,4,42.0,Silver,0
3184,34,500341.47984,14715.925877647058,0.11764705882352941,2.823529411764706,10,42.0,Silver,0
3187,1,31061.99976,31061.99976,0.0,3.0,226,26.0,Standard,1
3188,3,1389.14232,463.04744,0.0,4.0,39,48.0,Premium,1
3189,3,17051.889470000002,5683.963156666668,0.0,2.0,71,19.0,Silver,1
3190,4,144804.75337,36201.1883425,0.0,2.5,37,26.0,Silver,1
3191,1,25123.961310000002,25123.961310000002,1.0,2.0,188,29.0,Gold,1
3193,4,1629.89102,407.472755,0.0,4.75,28,31.0,Standard,1
3194,6,18848.471579999998,3141.4119299999998,0.0,3.8333333333333335,40,39.0,Gold,0
3195,1,1379.92392,1379.92392,0.0,2.0,7,44.0,Standard,1
3196,2,59690.06510000001,29845.032550000004,0.0,2.0,29,31.0,Silver,1
3198,1,3437.62892,3437.62892,0.0,1.0,147,21.0,Standard,1
3200,10,135651.6089,13565.16089,0.1,3.6,23,38.0,Standard,0
3201,1,2149.4904,2149.4904,0.0,5.0,99,27.0,Silver,0
3202,8,89766.24239,11220.78029875,0.125,3.125,19,31.0,Standard,1
3203,2,25568.575520000002,12784.287760000001,0.0,3.0,10,24.0,Standard,0
3205,20,322624.42396,16131.221198,0.05,3.3,1,26.0,Standard,0
3206,2,21620.54717,10810.273585,0.5,3.5,104,35.0,Silver,1
3208,4,83710.22792,20927.55698,0.0,3.25,1,34.0,Silver,1
3211,2,20081.408939999998,10040.704469999999,0.5,4.5,298,18.0,Standard,1
3212,1,841.15381,841.15381,0.0,3.0,309,38.0,Standard,1
3213,8,156652.36419,19581.54552375,0.0,3.125,92,23.0,Silver,1
3214,7,22653.99885,3236.28555,0.14285714285714285,3.142857142857143,1,30.0,Gold,1
3215,1,1382.7309,1382.7309,0.0,3.0,311,33.0,Standard,1
3217,3,8252.2225,2750.7408333333333,0.0,4.0,298,22.0,Silver,0
3219,3,119821.69859,39940.56619666667,0.0,5.333333333333333,157,37.0,Gold,1
3220,3,11367.32014,3789.106713333333,0.0,3.6666666666666665,154,18.0,Silver,0
3221,1,562.38512,562.38512,0.0,4.0,1059,43.0,Standard,0
3222,31,486083.00485,15680.096930645163,0.03225806451612903,3.5161290322580645,2,29.0,Standard,0
3223,1,1456.5189599999999,1456.5189599999999,0.0,4.0,1120,33.0,Standard,1
3224,1,209.52777,209.52777,0.0,3.0,933,20.0,Standard,1
3225,4,30048.321099999997,7512.080274999999,0.0,4.0,76,44.0,Standard,1
3226,2,128880.57195000003,64440.28597500001,0.0,3.5,333,18.0,Standard,0
3227,5,22139.946160000003,4427.989232000001,0.0,3.8,204,34.0,Standard,1
3228,1,8240.45497,8240.45497,0.0,5.0,181,23.0,Gold,1
3229,5,20688.11365,4137.62273,0.0,2.2,40,25.0,Standard,0
3230,1,1877.3686800000003,1877.3686800000003,0.0,3.0,23,34.0,Standard,1
3231,10,136563.11603,13656.311603,0.0,4.2,2,46.0,Standard,0
3232,4,19847.62894,4961.907235,0.0,5.75,172,18.0,Standard,1
3234,23,200135.62652,8701.548979130434,0.08695652173913043,3.347826086956522,4,40.0,Gold,0
3236,3,5070.75655,1690.2521833333333,0.0,5.333333333333333,197,36.0,Standard,1
3237,1,253.58671999999999,253.58671999999999,0.0,3.0,341,28.0,Standard,1
3238,26,483209.24942999997,18584.971131923077,0.0,3.769230769230769,108,39.0,Premium,0
3240,1,3160.7435800000003,3160.7435800000003,0.0,7.0,403,26.0,Standard,0
3241,13,52436.65357,4033.588736153846,0.0,4.0,8,40.0,Standard,0
3243,33,464836.40418,14085.951641818183,0.06060606060606061,4.2727272727272725,7,31.0,Silver,0
3245,3,5658.830099999999,1886.2766999999997,0.0,2.6666666666666665,87,36.0,Silver,1
3246,23,236999.99127,10304.347446521739,0.043478260869565216,3.217391304347826,7,27.0,Silver,0
3247,20,362509.43929999997,18125.471964999997,0.0,2.65,4,33.0,Standard,0
3248,4,118166.01634,29541.504085,0.0,3.25,112,32.0,Standard,1
3249,1,18237.472110000002,18237.472110000002,0.0,5.0,11,18.0,Standard,1
3250,2,53859.021479999996,26929.510739999998,0.0,2.5,76,41.0,Standard,0
3251,5,46373.596059999996,9274.719212,0.0,5.6,45,27.0,Standard,0
3252,4,129697.67596,32424.41899,0.5,3.25,212,44.0,Standard,0
3253,2,24828.595119999998,12414.297559999999,0.5,4.5,166,40.0,Premium,1
3255,27,170467.56438,6313.613495555555,0.07407407407407407,3.4074074074074074,12,26.0,Silver,0
3256,1,1928.73382,1928.73382,0.0,3.0,429,33.0,Standard,1
3258,7,89730.42653,12818.63236142857,0.14285714285714285,4.428571428571429,57,31.0,Standard,1
3259,9,107745.99845,11971.777605555555,0.0,4.888888888888889,7,28.0,Standard,1
3260,1,201.29388,201.29388,0.0,4.0,192,29.0,Standard,1
3261,2,27687.184559999998,13843.592279999999,0.0,3.5,276,25.0,Standard,1
3262,3,128445.59683,42815.19894333333,0.0,2.6666666666666665,185,27.0,Standard,1
3263,18,101340.36028,5630.020015555555,0.05555555555555555,3.388888888888889,10,38.0,Standard,0
3264,3,6437.29434,2145.76478,0.0,3.6666666666666665,164,29.0,Standard,0
3265,2,187089.02424,93544.51212,0.0,5.5,243,44.0,Standard,1
3266,13,179725.33849999998,13825.026038461538,0.0,3.8461538461538463,1,30.0,Premium,0
3267,1,1113.9270000000001,1113.9270000000001,0.0,3.0,24,29.0,Standard,1
3268,2,6588.71929,3294.359645,0.5,5.0,168,34.0,Standard,1
3269,12,318719.74698999996,26559.97891583333,0.0,3.25,49,33.0,Standard,0
3272,6,21936.89338,3656.148896666667,0.0,3.3333333333333335,34,23.0,Silver,0
3275,7,16769.72163,2395.6745185714285,0.0,4.285714285714286,3,25.0,Gold,0
3278,2,3178.26545,1589.132725,0.0,3.0,10,35.0,Premium,0
3279,1,29094.94852,29094.94852,0.0,6.0,28,31.0,Silver,0
3280,5,28683.78596,5736.757192,0.0,2.6,13,31.0,Standard,0
3281,9,68615.35058,7623.927842222222,0.1111111111111111,3.5555555555555554,8,33.0,Standard,0
3283,10,55491.11093,5549.111093,0.2,3.4,2,27.0,Standard,0
3284,32,550182.47644,17193.20238875,0.09375,4.28125,16,24.0,Standard,0
3285,1,794.4646799999999,794.4646799999999,0.0,6.0,17,45.0,Standard,1
3286,2,12003.21126,6001.60563,0.0,4.0,78,28.0,Standard,1
3287,1,2932.23504,2932.23504,0.0,7.0,536,35.0,Silver,1
3288,1,4199.0144,4199.0144,0.0,5.0,13,46.0,Silver,1
3289,2,7133.311360000001,3566.6556800000003,0.0,3.5,790,40.0,Standard,1
3290,5,7724.229520000001,1544.8459040000002,0.0,4.0,23,24.0,Standard,1
3291,2,3707.19925,1853.599625,0.0,4.0,491,19.0,Standard,1
3293,5,27550.649640000003,5510.129928,0.0,2.2,108,31.0,Silver,0
3295,26,346474.96473,13325.960181923077,0.07692307692307693,3.1923076923076925,27,33.0,Standard,0
3296,3,12209.582699999999,4069.8608999999997,0.0,4.333333333333333,331,23.0,Standard,1
3297,2,155159.26693,77579.633465,0.0,2.0,251,21.0,Silver,1
3298,3,426591.07099,142197.02366333333,0.0,1.6666666666666667,15,20.0,Silver,0
3300,9,103595.52807,11510.61423,0.1111111111111111,2.5555555555555554,4,18.0,Standard,0
3301,12,315608.98143,26300.7484525,0.08333333333333333,2.8333333333333335,75,28.0,Silver,0
3304,2,4531.23024,2265.61512,0.0,1.5,294,26.0,Gold,0
3305,2,1102.09746,551.04873,0.0,3.5,193,41.0,Silver,1
3307,28,269692.95485,9631.891244642857,0.25,3.75,28,24.0,Standard,0
3308,1,532.62,532.62,0.0,7.0,15,32.0,Standard,0
3309,3,78442.83033,26147.610109999998,0.0,3.3333333333333335,53,18.0,Standard,1
3310,9,18419.1656,2046.5739555555556,0.0,3.5555555555555554,18,18.0,Standard,0
3311,1,651.62304,651.62304,0.0,3.0,579,38.0,Standard,1
3312,2,89920.58232,44960.29116,0.0,5.0,34,39.0,Gold,0
3313,12,43925.49064,3660.4575533333336,0.08333333333333333,4.0,21,25.0,Gold,1
3314,40,735441.67969,18386.04199225,0.0,3.35,7,50.0,Premium,0
3315,1,5044.2797,5044.2797,0.0,2.0,821,28.0,Standard,1
3318,1,46153.542089999995,46153.542089999995,0.0,2.0,825,33.0,Standard,1
3319,9,29996.807549999998,3332.9786166666663,0.1111111111111111,3.6666666666666665,6,22.0,Gold,1
3320,1,1728.45201,1728.45201,0.0,5.0,20,36.0,Standard,0
3321,22,158043.05896,7183.775407272727,0.09090909090909091,3.8636363636363638,1,35.0,Gold,0
3322,4,11475.605379999999,2868.9013449999998,0.0,5.5,12,26.0,Standard,0
3323,12,167316.41022,13943.034184999999,0.08333333333333333,3.75,14,26.0,Standard,0
3324,2,3808.6929600000003,1904.3464800000002,0.5,4.5,790,44.0,Gold,1
3325,37,427191.08375,11545.704966216215,0.08108108108108109,4.513513513513513,22,28.0,Standard,0
3326,45,855665.1737200001,19014.781638222223,0.044444444444444446,2.7777777777777777,19,35.0,Gold,1
3328,31,847876.09009,27350.84161580645,0.06451612903225806,4.064516129032258,10,37.0,Standard,0
3329,37,368155.92581,9950.160157027027,0.05405405405405406,3.2162162162162162,5,20.0,Standard,0
3332,4,66759.16888,16689.79222,0.0,3.75,351,32.0,Silver,1
3333,2,11154.59766,5577.29883,0.0,4.5,150,34.0,Silver,1
3334,2,1502.59524,751.29762,0.0,2.5,56,35.0,Standard,0
3335,1,132318.95414999998,132318.95414999998,0.0,4.0,133,37.0,Standard,0
3336,6,36622.07102,6103.6785033333335,0.0,3.0,139,36.0,Silver,0
3338,3,76169.41474000001,25389.804913333337,0.0,3.0,86,18.0,Standard,0
3339,4,111828.47791000002,27957.119477500004,0.5,3.5,99,45.0,Silver,0
3340,1,9262.3168,9262.3168,0.0,4.0,610,20.0,Standard,1
3341,1,54729.68216,54729.68216,0.0,5.0,715,31.0,Premium,1
3342,8,52287.5282,6535.941025,0.0,3.875,17,29.0,Standard,0
3343,24,442550.93214000005,18439.622172500003,0.125,3.9583333333333335,3,23.0,Standard,0
3344,2,3632.1718600000004,1816.0859300000002,0.0,4.5,245,21.0,Standard,1
3345,45,495239.705,11005.326777777778,0.044444444444444446,3.7777777777777777,0,28.0,Premium,0
3346,6,121305.23026,20217.538376666667,0.16666666666666666,4.166666666666667,85,28.0,Standard,1
3347,2,24583.739820000003,12291.869910000001,0.0,2.5,28,22.0,Standard,1
3348,22,192254.9996,8738.863618181818,0.0,3.090909090909091,19,27.0,Standard,0
3349,1,510.70667999999995,510.70667999999995,0.0,5.0,113,38.0,Premium,0
3350,4,96366.6822,24091.67055,0.25,3.25,309,27.0,Gold,1
3352,3,75312.15732,25104.05244,0.3333333333333333,3.3333333333333335,3,30.0,Silver,1
3354,13,118280.07326,9098.467173846155,0.15384615384615385,2.923076923076923,30,31.0,Standard,0
3356,1,1443.7603000000001,1443.7603000000001,0.0,3.0,244,37.0,Silver,1
3357,3,9673.17078,3224.39026,0.0,2.6666666666666665,81,31.0,Gold,0
3358,4,28398.510259999995,7099.627564999999,0.25,2.75,176,51.0,Standard,1
3359,4,22145.27476,5536.31869,0.0,5.25,41,24.0,Standard,1
3360,4,11340.288230000002,2835.0720575000005,0.0,4.0,108,30.0,Silver,1
3361,3,36093.34108,12031.113693333333,0.0,6.333333333333333,162,46.0,Silver,1
3362,2,17855.933340000003,8927.966670000002,0.5,3.0,129,18.0,Silver,1
3363,11,37265.29122,3387.753747272727,0.0,2.5454545454545454,82,34.0,Premium,1
3364,3,8743.57802,2914.526006666667,0.0,5.333333333333333,12,31.0,Standard,1
3365,4,159365.40848,39841.35212,0.25,4.25,234,37.0,Standard,1
3366,2,5156.3997,2578.19985,0.0,5.5,257,39.0,Gold,1
3367,4,41049.91196,10262.47799,0.25,3.25,32,42.0,Silver,1
3369,1,16840.3337,16840.3337,0.0,5.0,751,26.0,Gold,1
3370,3,4768.84378,1589.6145933333335,0.0,3.3333333333333335,131,40.0,Premium,1
3371,4,95941.28117999999,23985.320294999998,0.0,3.75,47,30.0,Standard,0
3372,42,403928.22006,9617.338572857143,0.09523809523809523,3.1904761904761907,0,19.0,Standard,0
3373,8,101277.59391,12659.69923875,0.0,3.75,172,24.0,Premium,1
3374,3,90957.28387000001,30319.094623333338,0.3333333333333333,4.333333333333333,63,38.0,Gold,1
3376,1,8290.4124,8290.4124,0.0,2.0,907,28.0,Standard,1
3377,5,23331.479820000004,4666.295964000001,0.2,2.2,176,28.0,Standard,1
3378,9,87805.51199,9756.167998888888,0.1111111111111111,3.111111111111111,54,31.0,Gold,0
3379,8,107382.83408,13422.85426,0.0,3.875,89,38.0,Standard,0
3380,3,14975.962979999998,4991.98766,0.0,4.333333333333333,7,27.0,Standard,0
3381,2,4411.53829,2205.769145,0.0,2.5,42,18.0,Silver,1
3382,3,7535.158399999999,2511.7194666666664,0.0,3.0,360,24.0,Standard,1
3383,5,7116.6737,1423.33474,0.0,3.0,30,40.0,Gold,1
3384,2,823.4468800000001,411.72344000000004,0.5,6.5,314,30.0,Silver,1
3385,43,584278.34641,13587.86852116279,0.06976744186046512,3.441860465116279,27,26.0,Standard,0
3386,10,57832.65242,5783.2652419999995,0.2,3.9,6,18.0,Standard,0
3387,7,227942.26978,32563.181397142856,0.0,3.0,73,30.0,Standard,1
3388,4,528257.13819,132064.2845475,0.0,3.75,103,18.0,Standard,1
3389,30,246421.95274,8214.065091333334,0.03333333333333333,2.8,50,44.0,Silver,0
3391,6,41060.76245,6843.460408333333,0.0,3.1666666666666665,71,19.0,Standard,1
3392,4,11939.809259999998,2984.9523149999995,0.0,4.25,28,34.0,Silver,1
3394,3,78990.73104,26330.24368,0.3333333333333333,2.6666666666666665,17,40.0,Standard,1
3396,8,110604.9576,13825.6197,0.0,2.625,159,34.0,Gold,0
3397,6,131595.29007,21932.548345,0.0,4.0,57,33.0,Standard,1
3399,1,1491.22613,1491.22613,0.0,4.0,145,20.0,Standard,1
3400,2,11144.65656,5572.32828,0.0,1.5,86,31.0,Standard,0
3401,1,59291.19769,59291.19769,0.0,2.0,54,34.0,Silver,0
3403,2,7080.038919999999,3540.0194599999995,0.0,1.5,23,27.0,Silver,0
3404,1,548.1297900000001,548.1297900000001,0.0,6.0,732,29.0,Silver,1
3405,4,77241.46178000001,19310.365445000003,0.0,4.0,152,23.0,Silver,1
3406,8,130206.82963,16275.85370375,0.125,2.875,96,44.0,Gold,1
3407,5,12263.58712,2452.717424,0.0,4.6,136,42.0,Gold,1
3409,1,23173.45108,23173.45108,0.0,4.0,85,18.0,Silver,1
3410,2,2344.70271,1172.351355,0.0,5.0,12,32.0,Silver,1
3411,19,397249.78002,20907.88315894737,0.05263157894736842,3.5789473684210527,17,38.0,Standard,0
3412,2,97256.64942,48628.32471,0.0,4.5,2,45.0,Silver,1
3413,5,11345.390169999999,2269.0780339999997,0.0,1.4,19,37.0,Silver,1
3415,33,561421.9483800001,17012.786314545458,0.06060606060606061,3.515151515151515,23,18.0,Standard,0
3416,5,38551.30968,7710.261936,0.0,3.2,6,33.0,Gold,0
3418,3,26575.207159999998,8858.402386666667,0.0,4.666666666666667,510,37.0,Standard,1
3419,1,1229.53446,1229.53446,0.0,1.0,25,20.0,Silver,1
3420,1,723.7108999999999,723.7108999999999,0.0,1.0,147,32.0,Gold,1
3421,37,637295.3200599999,17224.19783945946,0.08108108108108109,3.4324324324324325,33,26.0,Standard,0
3422,2,4748.034680000001,2374.0173400000003,0.0,4.5,51,35.0,Gold,1
3423,14,178375.2019,12741.08585,0.0,3.9285714285714284,78,32.0,Standard,0
3424,32,777848.24282,24307.757588125,0.03125,4.0625,1,28.0,Standard,0
3425,1,1475.04573,1475.04573,0.0,2.0,32,35.0,Standard,1
3427,4,70133.72740000002,17533.431850000004,0.0,1.5,91,31.0,Gold,0
3428,14,142829.90557,10202.136112142858,0.07142857142857142,3.0,71,28.0,Standard,0
3429,4,6339.41808,1584.85452,0.0,2.75,5,29.0,Standard,0
3430,5,67503.64704,13500.729408,0.2,3.0,322,25.0,Standard,1
3431,2,28471.258630000004,14235.629315000002,0.0,3.0,559,41.0,Standard,1
3432,4,12078.619019999998,3019.6547549999996,0.0,3.75,5,18.0,Gold,1
3434,35,279809.199,7994.548542857144,0.08571428571428572,3.2857142857142856,8,31.0,Silver,0
3436,2,35374.91259,17687.456295,0.0,3.5,2,28.0,Standard,0
3437,2,2604.64,1302.32,0.5,3.0,314,22.0,Standard,1
3438,4,27711.008139999998,6927.7520349999995,0.25,4.75,36,32.0,Standard,0
3439,7,36832.956600000005,5261.850942857143,0.14285714285714285,3.2857142857142856,45,31.0,Silver,1
3440,8,29301.5744,3662.6968,0.125,2.875,3,45.0,Gold,1
3441,11,222880.25449000002,20261.84131727273,0.18181818181818182,3.5454545454545454,38,37.0,Standard,1
3442,3,2420.52614,806.8420466666666,0.0,3.0,215,29.0,Standard,1
3443,33,71325.23023,2161.370613030303,0.06060606060606061,3.393939393939394,16,30.0,Gold,0
3444,14,87661.19047,6261.513605,0.0,3.2857142857142856,35,40.0,Standard,0
3445,2,1172.03931,586.019655,0.0,4.5,181,18.0,Silver,1
3447,6,42204.48084,7034.080139999999,0.0,5.333333333333333,32,43.0,Standard,0
3448,2,6828.173999999999,3414.0869999999995,0.0,3.0,5,18.0,Standard,0
3449,4,97172.31214000001,24293.078035000002,0.0,5.0,80,18.0,Silver,0
3452,5,77085.77876,15417.155752,0.0,2.8,12,18.0,Standard,1
3455,35,400441.68416,11441.190976,0.0,3.657142857142857,9,43.0,Silver,0
3456,1,1260.45084,1260.45084,0.0,3.0,146,31.0,Silver,1
3457,1,16095.110400000001,16095.110400000001,0.0,3.0,242,20.0,Standard,1
3458,38,786424.1155800001,20695.37146263158,0.05263157894736842,4.473684210526316,3,24.0,Silver,0
3459,10,121569.59446,12156.959445999999,0.0,3.3,16,31.0,Gold,0
3460,2,8827.401740000001,4413.700870000001,0.0,3.0,143,32.0,Standard,0
3461,2,29461.94342,14730.97171,0.0,4.5,291,31.0,Silver,0
3462,3,7769.47918,2589.8263933333333,0.0,4.333333333333333,46,41.0,Standard,0
3463,1,1287.3069600000001,1287.3069600000001,1.0,4.0,36,40.0,Silver,1
3464,2,8289.3863,4144.69315,0.0,3.5,142,39.0,Standard,1
3465,1,2276.7382,2276.7382,0.0,6.0,973,18.0,Silver,1
3466,20,370416.44019,18520.8220095,0.1,3.05,19,19.0,Gold,0
3467,17,161886.23193,9522.719525294118,0.0,3.8823529411764706,126,34.0,Standard,0
3468,2,30286.566499999997,15143.283249999999,0.0,1.5,165,18.0,Standard,1
3470,25,249500.96352999998,9980.0385412,0.04,3.2,12,35.0,Standard,0
3471,13,132746.72787,10211.28675923077,0.07692307692307693,3.6153846153846154,4,21.0,Standard,0
3472,2,66480.80882,33240.40441,0.5,4.5,68,28.0,Gold,1
3473,28,599873.73314,21424.061897857144,0.03571428571428571,3.142857142857143,8,26.0,Standard,0
3474,24,401283.30666,16720.1377775,0.0,4.083333333333333,64,31.0,Silver,1
3475,1,497.58927000000006,497.58927000000006,0.0,2.0,59,33.0,Silver,1
3476,4,274296.45634,68574.114085,0.0,5.5,191,27.0,Gold,1
3477,4,58473.777630000004,14618.444407500001,0.0,3.0,79,40.0,Gold,0
3478,1,612.70776,612.70776,0.0,3.0,416,58.0,Standard,1
3479,1,65236.44204,65236.44204,0.0,5.0,2,57.0,Standard,1
3480,7,24948.38195,3564.054564285714,0.0,4.428571428571429,95,32.0,Gold,0
3481,1,176.18327999999997,176.18327999999997,0.0,3.0,10,30.0,Standard,1
3482,2,7372.31616,3686.15808,0.5,2.0,140,45.0,Premium,0
3483,1,1822.14828,1822.14828,0.0,1.0,9,18.0,Standard,0
3484,3,11206.840769999999,3735.6135899999995,0.0,4.666666666666667,256,18.0,Standard,1
3485,14,65492.77436,4678.055311428571,0.0,4.785714285714286,27,36.0,Silver,0
3486,2,13906.59771,6953.298855,0.0,2.5,91,33.0,Silver,1
3487,1,39465.984599999996,39465.984599999996,0.0,2.0,716,28.0,Standard,0
3490,4,32298.20482,8074.551205,0.0,3.0,24,30.0,Standard,0
3491,2,1299.94184,649.97092,0.0,3.0,88,23.0,Premium,0
3493,1,7232.238729999999,7232.238729999999,0.0,7.0,333,37.0,Gold,1
3496,2,29185.54196,14592.77098,0.0,1.5,1,35.0,Silver,0
3497,1,72.32598,72.32598,0.0,4.0,205,24.0,Standard,1
3498,3,18310.252660000002,6103.417553333334,0.0,3.0,247,23.0,Standard,0
3499,1,418.64945,418.64945,0.0,4.0,564,40.0,Standard,0
3500,3,27204.26432,9068.088106666666,0.0,2.3333333333333335,22,30.0,Silver,1
3501,1,600.9535999999999,600.9535999999999,0.0,7.0,87,28.0,Standard,1
3502,1,1860.0198400000002,1860.0198400000002,0.0,2.0,1083,32.0,Standard,1
3503,1,745.88306,745.88306,0.0,5.0,4,32.0,Standard,1
3504,4,88898.27296999999,22224.568242499998,0.25,3.5,6,37.0,Standard,0
3505,1,108552.92966,108552.92966,0.0,4.0,183,43.0,Standard,1
3506,40,309731.64855,7743.29121375,0.05,3.5,4,38.0,Standard,0
3508,1,8390.18088,8390.18088,0.0,4.0,337,31.0,Silver,0
3509,4,408542.01152999996,102135.50288249999,0.25,3.25,108,28.0,Standard,0
3510,11,286162.85425,26014.80493181818,0.0,2.4545454545454546,61,30.0,Silver,1
3511,14,254712.60353,18193.757395,0.14285714285714285,4.214285714285714,17,21.0,Gold,0
3512,3,26643.411310000003,8881.137103333334,0.0,4.0,291,33.0,Standard,1
3513,7,36065.584520000004,5152.226360000001,0.0,3.142857142857143,23,25.0,Standard,1
3514,5,172962.46733999997,34592.49346799999,0.0,3.8,6,31.0,Standard,0
3515,1,2540.2608,2540.2608,0.0,5.0,157,28.0,Gold,0
3516,18,208253.55101,11569.641722777778,0.16666666666666666,3.3333333333333335,13,26.0,Standard,1
3517,1,1051.72676,1051.72676,0.0,3.0,556,25.0,Silver,1
3518,2,11915.94208,5957.97104,0.5,4.0,548,50.0,Standard,1
3519,14,152908.71981,10922.051415,0.0,3.357142857142857,16,30.0,Standard,0
3520,2,824.4911999999999,412.24559999999997,1.0,2.5,317,26.0,Gold,1
3521,1,45523.73412,45523.73412,1.0,4.0,3,46.0,Silver,1
3522,4,15642.142820000001,3910.5357050000002,0.0,4.5,1,18.0,Standard,0
3523,2,19893.33677,9946.668385,0.0,5.5,103,35.0,Standard,1
3524,4,109735.27806999999,27433.819517499996,0.5,4.25,299,39.0,Standard,1
3525,5,42900.739910000004,8580.147982,0.0,3.0,11,19.0,Silver,0
3526,3,16035.391889999999,5345.13063,0.3333333333333333,4.0,87,34.0,Standard,1
3527,47,439117.63055999996,9342.928309787234,0.02127659574468085,3.9574468085106385,2,22.0,Silver,0
3528,2,7043.675600000001,3521.8378000000007,0.0,4.0,218,22.0,Standard,1
3530,18,201358.73906,11186.596614444445,0.1111111111111111,3.2222222222222223,1,25.0,Silver,0
3531,8,55946.46362,6993.3079525,0.0,2.625,20,18.0,Standard,1
3532,5,110591.04838999998,22118.209677999996,0.0,2.6,15,36.0,Standard,1
3533,4,34517.154749999994,8629.288687499999,0.0,5.0,97,34.0,Standard,0
3534,1,13340.2456,13340.2456,0.0,3.0,0,19.0,Standard,1
3535,3,18006.79763,6002.265876666667,0.0,3.0,351,22.0,Standard,1
3536,13,37881.88861,2913.9914315384617,0.07692307692307693,2.769230769230769,23,31.0,Standard,0
3537,2,1710.09145,855.045725,0.0,6.0,38,28.0,Standard,0
3538,3,2968.5299299999997,989.5099766666666,0.0,2.6666666666666665,129,31.0,Standard,1
3540,27,267660.62774,9913.356582962964,0.07407407407407407,3.8518518518518516,10,27.0,Gold,0
3541,4,11332.667909999998,2833.1669774999996,0.0,2.75,24,50.0,Standard,0
3542,4,65765.42452,16441.35613,0.0,2.25,150,37.0,Standard,1
3543,3,11728.524260000002,3909.508086666667,0.0,4.0,229,26.0,Gold,1
3544,1,7642.10556,7642.10556,0.0,4.0,545,34.0,Standard,1
3545,1,7223.38707,7223.38707,0.0,4.0,706,41.0,Standard,1
3546,13,136578.09901,10506.007616153847,0.07692307692307693,4.153846153846154,34,32.0,Gold,0
3547,4,38332.22193,9583.0554825,0.0,4.5,180,40.0,Standard,0
3548,3,72641.73084,24213.91028,0.0,5.333333333333333,645,26.0,Standard,0
3549,3,114449.89418,38149.964726666665,0.0,3.6666666666666665,105,18.0,Standard,1
3552,4,20644.665709999997,5161.166427499999,0.25,2.5,261,26.0,Standard,1
3553,4,124659.881,31164.97025,0.25,2.5,51,37.0,Silver,1
3554,4,18466.35194,4616.587985,0.0,4.5,7,42.0,Silver,1
3555,1,1222.2550800000001,1222.2550800000001,0.0,1.0,96,33.0,Silver,1
3556,4,9034.80521,2258.7013025,0.0,4.5,77,41.0,Silver,0
3557,4,35183.81191,8795.9529775,0.25,3.5,22,18.0,Standard,0
3559,10,42569.82598,4256.9825980000005,0.1,4.4,35,46.0,Silver,0
3560,39,343240.87607,8801.048104358973,0.05128205128205128,4.205128205128205,6,18.0,Premium,0
3563,1,1457.712,1457.712,0.0,5.0,30,18.0,Silver,1
3564,2,16107.366170000003,8053.6830850000015,0.0,4.0,52,29.0,Gold,1
3565,18,411817.44271000003,22878.746817222225,0.05555555555555555,3.0555555555555554,12,23.0,Standard,0
3567,2,5064.51546,2532.25773,0.0,4.0,254,43.0,Standard,1
3568,18,269599.54785,14977.752658333331,0.3333333333333333,3.2777777777777777,4,34.0,Standard,0
3569,4,93785.25459,23446.3136475,0.25,4.25,37,24.0,Silver,1
3570,3,6299.03772,2099.67924,0.0,4.0,28,30.0,Gold,1
3571,24,333807.75007,13908.656252916668,0.0,2.9583333333333335,0,28.0,Silver,0
3572,6,19909.443369999997,3318.240561666666,0.16666666666666666,3.3333333333333335,14,18.0,Standard,0
3573,10,266741.77372,26674.177372,0.2,4.0,25,27.0,Standard,0
3574,4,7055.07899,1763.7697475,0.0,3.75,350,41.0,Standard,0
3575,10,50940.82661,5094.0826609999995,0.1,4.1,8,29.0,Silver,0
3576,6,247244.8699,41207.47831666667,0.16666666666666666,2.5,6,37.0,Standard,0
3577,6,87525.66574,14587.610956666666,0.16666666666666666,1.8333333333333333,110,29.0,Standard,0
3578,6,91864.43621,15310.739368333334,0.0,4.5,14,30.0,Standard,1
3579,1,723.12576,723.12576,0.0,5.0,217,39.0,Gold,0
3580,41,816403.03522,19912.269151707314,0.04878048780487805,3.7560975609756095,31,34.0,Standard,0
3581,34,350179.79672,10299.405785882353,0.058823529411764705,2.8823529411764706,4,20.0,Standard,0
3582,3,10446.29282,3482.0976066666667,0.0,3.3333333333333335,34,37.0,Gold,0
3583,4,10047.14901,2511.7872525,0.0,3.75,7,18.0,Standard,1
3585,5,22010.60628,4402.121256,0.2,4.0,35,38.0,Standard,0
3586,27,425767.74402000004,15769.175704444446,0.037037037037037035,4.555555555555555,3,22.0,Standard,0
3588,2,19496.6619,9748.33095,0.0,3.0,198,21.0,Standard,1
3590,3,14920.637040000001,4973.54568,0.3333333333333333,3.3333333333333335,426,37.0,Standard,1
3591,1,1721.45636,1721.45636,0.0,5.0,239,38.0,Silver,0
3592,1,1220.7545,1220.7545,0.0,1.0,651,18.0,Standard,1
3593,16,267757.65873,16734.853670625,0.0,3.5,8,31.0,Standard,0
3594,7,41614.44283,5944.9204042857145,0.2857142857142857,2.857142857142857,20,19.0,Standard,0
3595,3,22272.959180000005,7424.319726666668,0.0,4.0,509,39.0,Premium,0
3596,37,220086.93779999999,5948.295616216215,0.10810810810810811,3.2972972972972974,7,18.0,Standard,0
3597,2,1129.56707,564.783535,0.0,4.0,14,19.0,Standard,1
3598,11,164032.34293,14912.031175454547,0.18181818181818182,4.181818181818182,1,32.0,Silver,0
3599,24,128031.00919,5334.625382916666,0.08333333333333333,4.083333333333333,13,43.0,Standard,0
3600,6,22470.74799,3745.124665,0.0,2.3333333333333335,11,37.0,Standard,1
3601,4,35877.8065,8969.451625,0.0,2.5,50,32.0,Premium,1
3603,2,9365.9745,4682.98725,0.0,3.5,29,39.0,Gold,0
3604,5,26978.131240000002,5395.6262480000005,0.0,3.2,25,39.0,Silver,1
3605,1,242041.07746000003,242041.07746000003,0.0,2.0,198,33.0,Standard,1
3607,4,146958.52916,36739.63229,0.0,3.75,252,21.0,Silver,1
3608,2,376535.92269,188267.961345,0.0,4.5,323,43.0,Standard,1
3609,4,86906.19471999998,21726.548679999996,0.0,4.25,1,25.0,Gold,0
3610,13,83973.16888,6459.474529230769,0.0,3.0,57,23.0,Standard,0
3611,1,8532.64995,8532.64995,0.0,4.0,490,25.0,Standard,1
3612,2,2411.8228799999997,1205.9114399999999,0.0,2.5,219,18.0,Gold,1
3613,17,172811.67688,10165.39275764706,0.11764705882352941,4.470588235294118,53,33.0,Standard,0
3614,3,10781.09454,3593.69818,0.0,2.0,0,27.0,Silver,1
3615,3,14010.23427,4670.07809,0.0,3.0,129,28.0,Standard,1
3616,5,374670.53264,74934.106528,0.0,3.2,27,27.0,Silver,0
3617,5,77389.5249,15477.904980000001,0.2,4.4,158,29.0,Silver,1
3618,7,28187.17942,4026.7399171428574,0.14285714285714285,4.428571428571429,157,30.0,Standard,1
3619,2,5392.16764,2696.08382,0.0,2.5,306,30.0,Standard,1
3620,6,35353.629400000005,5892.271566666667,0.3333333333333333,2.8333333333333335,18,43.0,Gold,0
3621,4,40609.96673,10152.4916825,0.0,3.5,4,31.0,Silver,0
3623,2,7250.22099,3625.110495,0.5,1.0,327,22.0,Gold,1
3624,1,2332.46576,2332.46576,0.0,3.0,138,26.0,Standard,1
3625,2,2274.55931,1137.279655,0.5,4.5,126,20.0,Silver,0
3626,6,196065.46661,32677.577768333333,0.16666666666666666,5.5,82,52.0,Standard,0
3627,1,69881.87479999999,69881.87479999999,0.0,4.0,49,22.0,Standard,0
3628,2,9882.31246,4941.15623,0.0,4.5,58,32.0,Standard,0
3629,2,4286.04788,2143.02394,0.0,3.0,182,44.0,Standard,0
3630,28,79121.54786,2825.7695664285716,0.07142857142857142,3.7142857142857144,71,38.0,Gold,1
3631,2,80075.88298999998,40037.94149499999,0.0,5.0,89,25.0,Silver,1
3632,11,132850.50168999998,12077.318335454544,0.0,3.3636363636363638,194,21.0,Standard,1
3633,1,1645.8672600000002,1645.8672600000002,0.0,2.0,20,41.0,Standard,0
3634,1,1331.8783799999999,1331.8783799999999,0.0,1.0,226,41.0,Standard,0
3636,2,20916.57041,10458.285205,0.0,3.5,24,18.0,Gold,0
3637,1,93.37536000000001,93.37536000000001,0.0,4.0,32,28.0,Silver,1
3638,2,1725.1559200000002,862.5779600000001,0.0,5.0,72,46.0,Standard,1
3640,32,933106.28282,29159.571338125,0.0625,3.09375,5,30.0,Standard,0
3641,5,21422.524260000002,4284.504852,0.0,2.2,46,28.0,Gold,0
3642,2,29805.22045,14902.610225,0.5,6.0,228,45.0,Gold,1
3643,8,33762.84375,4220.35546875,0.125,3.375,31,26.0,Standard,0
3644,1,714.85416,714.85416,0.0,5.0,27,35.0,Standard,1
3645,2,1691.4391600000001,845.7195800000001,0.0,6.0,57,25.0,Standard,1
3647,1,1565.2787799999999,1565.2787799999999,0.0,6.0,222,44.0,Standard,0
3648,2,22758.082649999997,11379.041324999998,0.5,3.5,172,22.0,Standard,0
3649,1,894.8851800000001,894.8851800000001,0.0,2.0,1221,21.0,Gold,1
3650,1,8542.88704,8542.88704,1.0,5.0,3,36.0,Silver,1
3652,3,22594.062460000005,7531.354153333335,0.3333333333333333,3.6666666666666665,366,26.0,Silver,1
3653,6,58199.05413,9699.842354999999,0.0,5.166666666666667,5,28.0,Standard,1
3654,10,92570.93995,9257.093995,0.0,2.5,11,27.0,Standard,0
3655,4,21007.66733,5251.9168325,0.0,3.25,16,41.0,Silver,0
3656,11,65009.86408,5909.987643636364,0.18181818181818182,3.909090909090909,32,31.0,Standard,0
3657,11,311415.44125000003,28310.494659090913,0.0,3.909090909090909,3,18.0,Silver,1
3658,1,112893.40999999999,112893.40999999999,0.0,3.0,601,18.0,Premium,1
3660,42,806596.59977,19204.680946904762,0.09523809523809523,3.9047619047619047,42,42.0,Standard,0
3662,11,33798.98233,3072.6347572727273,0.09090909090909091,4.818181818181818,63,25.0,Silver,1
3663,25,345092.67676,13803.7070704,0.16,3.72,16,32.0,Standard,0
3665,32,212602.30676,6643.82208625,0.09375,4.0625,5,35.0,Standard,0
3666,5,16993.56885,3398.71377,0.0,5.0,5,33.0,Standard,0
3667,2,6615.59785,3307.798925,0.0,6.0,818,30.0,Standard,1
3668,2,12722.199630000001,6361.0998150000005,0.0,4.0,137,26.0,Gold,1
3669,2,3896.7100400000004,1948.3550200000002,0.0,2.5,127,25.0,Standard,0
3670,4,125243.01764,31310.75441,0.0,3.5,118,27.0,Standard,1
3673,2,17871.67602,8935.83801,0.0,5.0,121,36.0,Standard,1
3674,8,23360.242079999996,2920.0302599999995,0.125,2.875,13,33.0,Silver,0
3675,2,6866.635130000001,3433.3175650000003,0.5,2.5,364,45.0,Standard,1
3677,7,118123.53937999999,16874.79134,0.0,3.857142857142857,14,18.0,Standard,0
3678,1,11591.094000000001,11591.094000000001,0.0,6.0,212,29.0,Gold,0
3679,1,2916.64512,2916.64512,0.0,1.0,342,30.0,Standard,1
3680,1,91.70076,91.70076,0.0,3.0,931,21.0,Standard,1
3681,27,439262.85789,16268.994736666666,0.0,3.2962962962962963,6,27.0,Silver,0
3682,3,9292.0433,3097.3477666666663,0.0,3.3333333333333335,523,28.0,Silver,1
3683,1,1338.8694899999998,1338.8694899999998,0.0,3.0,75,33.0,Standard,0
3684,1,6919.5848399999995,6919.5848399999995,0.0,3.0,676,34.0,Standard,1
3685,1,9320.17635,9320.17635,0.0,1.0,48,32.0,Standard,0
3686,6,43857.33266,7309.555443333334,0.0,3.5,17,28.0,Standard,1
3687,25,575238.11589,23009.5246356,0.12,4.16,7,37.0,Standard,0
3689,6,390291.32019000006,65048.55336500001,0.0,5.333333333333333,25,45.0,Standard,1
3690,3,10497.63018,3499.21006,0.0,2.6666666666666665,303,36.0,Silver,1
3691,4,33277.79539,8319.4488475,0.25,2.75,100,29.0,Gold,1
3692,7,117371.77907,16767.39701,0.14285714285714285,3.7142857142857144,0,33.0,Standard,1
3694,30,354276.65605,11809.221868333332,0.06666666666666667,3.8,4,33.0,Gold,0
3695,5,117678.82235,23535.764470000002,0.0,4.0,5,19.0,Silver,1
3697,1,4497.297240000001,4497.297240000001,0.0,4.0,383,18.0,Silver,1
3698,1,1496.9574400000001,1496.9574400000001,0.0,5.0,61,31.0,Standard,1
3699,16,75638.82702,4727.42668875,0.0,3.0625,148,41.0,Standard,1
3700,11,227178.90086,20652.62735090909,0.09090909090909091,4.7272727272727275,12,31.0,Gold,0
3701,2,2995.06422,1497.53211,0.0,3.0,398,29.0,Standard,1
3702,1,16590.56052,16590.56052,0.0,3.0,243,26.0,Standard,0
3703,2,1825.5751400000001,912.7875700000001,0.0,2.5,211,27.0,Gold,0
3704,5,273037.79972999997,54607.559945999994,0.0,3.8,13,27.0,Standard,1
3707,33,497827.62533,15085.685616060606,0.09090909090909091,4.484848484848484,25,28.0,Standard,0
3708,1,179.92576,179.92576,0.0,2.0,119,30.0,Standard,1
3709,9,128056.80870000001,14228.534300000001,0.1111111111111111,2.3333333333333335,12,37.0,Standard,0
3710,2,39669.833529999996,19834.916764999998,0.5,3.5,46,28.0,Standard,1
3713,1,3331.82561,3331.82561,0.0,4.0,258,30.0,Premium,1
3714,35,421660.49823,12047.44280657143,0.08571428571428572,3.2857142857142856,23,49.0,Standard,0
3715,1,3933.6500000000005,3933.6500000000005,0.0,5.0,554,36.0,Standard,1
3716,1,309.09909999999996,309.09909999999996,0.0,3.0,9,37.0,Silver,0
3718,2,5117.59809,2558.799045,0.0,1.5,233,20.0,Silver,1
3720,25,183364.59081999998,7334.5836328,0.08,3.2,23,31.0,Standard,0
3721,6,41072.94702,6845.49117,0.16666666666666666,3.5,57,34.0,Premium,0
3722,1,12973.57278,12973.57278,0.0,3.0,520,50.0,Standard,1
3723,22,221225.87353,10055.72152409091,0.09090909090909091,4.0,14,34.0,Gold,0
3724,1,904.995,904.995,0.0,1.0,83,30.0,Silver,1
3725,1,7474.807339999999,7474.807339999999,0.0,1.0,695,29.0,Standard,0
3726,2,9815.5704,4907.7852,0.0,2.5,22,18.0,Standard,0
3727,3,3023.27043,1007.75681,0.0,3.0,20,33.0,Premium,1
3728,1,3993.0604000000003,3993.0604000000003,0.0,3.0,135,31.0,Silver,1
3729,6,26575.9212,4429.3202,0.0,3.8333333333333335,33,43.0,Silver,0
3730,5,20691.8474,4138.369479999999,0.2,2.8,14,28.0,Gold,0
3731,17,393033.2882,23119.605188235295,0.058823529411764705,2.764705882352941,48,34.0,Silver,0
3732,11,207638.72742,18876.24794727273,0.09090909090909091,2.727272727272727,23,28.0,Gold,0
3733,8,66776.83607,8347.10450875,0.25,4.25,23,23.0,Standard,0
3734,3,3092.4239199999997,1030.8079733333332,0.0,3.0,37,28.0,Silver,1
3736,2,8423.56391,4211.781955,0.5,3.5,26,20.0,Silver,1
3737,3,130724.48183000002,43574.82727666667,0.0,4.0,31,24.0,Standard,1
3738,1,1565.50836,1565.50836,0.0,3.0,509,42.0,Standard,1
3739,4,223009.95478,55752.488695,0.0,3.5,56,29.0,Standard,0
3740,6,40844.103859999996,6807.350643333332,0.16666666666666666,3.0,107,30.0,Standard,0
3741,30,467173.52806000004,15572.450935333334,0.03333333333333333,4.433333333333334,27,35.0,Gold,0
3742,23,64549.69649,2806.5085430434783,0.0,3.0434782608695654,13,31.0,Standard,0
3743,5,204849.99291,40969.998582,0.0,3.2,103,31.0,Standard,1
3745,2,15514.837860000001,7757.418930000001,0.0,7.0,177,34.0,Standard,1
3746,2,12238.11667,6119.058335,0.5,3.0,108,38.0,Standard,1
3747,1,129793.33640000001,129793.33640000001,0.0,2.0,9,30.0,Standard,1
3748,1,502.56044999999995,502.56044999999995,0.0,5.0,175,34.0,Standard,0
3749,3,42991.35355,14330.451183333333,0.0,4.333333333333333,92,28.0,Standard,0
3750,1,396.77387999999996,396.77387999999996,0.0,3.0,269,18.0,Standard,1
3752,2,12878.30898,6439.15449,0.0,2.5,17,21.0,Standard,0
3753,1,66504.8036,66504.8036,0.0,2.0,50,39.0,Gold,1
3754,1,279.45184,279.45184,0.0,3.0,848,31.0,Gold,1
3755,5,54354.36709000001,10870.873418000001,0.2,4.0,2,18.0,Premium,1
3756,5,43271.114579999994,8654.222915999999,0.0,3.6,61,22.0,Standard,1
3757,1,2276.505,2276.505,0.0,6.0,959,30.0,Silver,1
3759,2,5962.9917399999995,2981.4958699999997,0.0,2.5,265,48.0,Silver,0
3760,12,120036.5085,10003.042374999999,0.0,2.5,8,46.0,Standard,0
3761,14,195934.00530000002,13995.286092857144,0.0,2.7142857142857144,24,32.0,Silver,0
3762,10,37785.87436,3778.5874360000003,0.1,3.3,43,18.0,Gold,1
3763,1,4306.12466,4306.12466,1.0,5.0,120,30.0,Standard,0
3764,1,6569.30358,6569.30358,0.0,5.0,25,33.0,Premium,1
3765,4,8281.03253,2070.2581325,0.25,4.25,144,36.0,Standard,0
3766,20,102639.86407,5131.9932035,0.05,3.6,5,18.0,Gold,0
3767,2,48312.8872,24156.4436,0.0,2.5,36,24.0,Standard,1
3768,1,1833.22126,1833.22126,0.0,3.0,199,27.0,Silver,0
3770,1,6241.86576,6241.86576,0.0,5.0,84,33.0,Silver,1
3771,2,3772.5243400000004,1886.2621700000002,0.0,3.0,260,40.0,Premium,1
3772,7,80252.98366,11464.711951428571,0.14285714285714285,4.142857142857143,5,20.0,Standard,0
3773,1,6071.923200000001,6071.923200000001,0.0,7.0,82,22.0,Premium,1
3774,3,4185.80627,1395.2687566666666,0.0,3.3333333333333335,75,34.0,Standard,0
3775,5,14483.04872,2896.6097440000003,0.0,4.2,13,25.0,Standard,0
3776,4,13142.83853,3285.7096325,0.25,4.0,29,31.0,Gold,0
3777,3,3501.80384,1167.2679466666666,0.0,3.0,0,39.0,Standard,0
3778,11,156323.63775,14211.239795454545,0.0,3.272727272727273,38,22.0,Silver,0
3779,4,20149.18492,5037.29623,0.0,3.0,340,18.0,Standard,0
3780,2,6332.63716,3166.31858,0.0,4.0,395,38.0,Silver,1
3782,32,787283.73903,24602.6168446875,0.0625,3.5,0,27.0,Premium,0
3784,6,54227.29769,9037.882948333334,0.16666666666666666,2.8333333333333335,148,46.0,Silver,1
3785,6,226416.96141000002,37736.160235,0.0,3.5,26,46.0,Standard,1
3786,23,335828.81140999997,14601.252669999998,0.08695652173913043,4.086956521739131,15,37.0,Silver,0
3787,5,23623.604170000002,4724.720834000001,0.0,3.4,60,26.0,Standard,1
3788,1,6096.43776,6096.43776,0.0,2.0,85,26.0,Silver,1
3789,29,298043.93155,10277.37695,0.034482758620689655,4.0,1,19.0,Premium,0
3790,1,1437.65537,1437.65537,0.0,3.0,262,29.0,Standard,1
3791,3,4661.24335,1553.7477833333332,0.0,4.666666666666667,10,35.0,Standard,0
3792,8,48406.07593,6050.75949125,0.125,3.375,38,26.0,Gold,0
3793,2,9152.804650000002,4576.402325000001,0.0,3.5,204,22.0,Standard,0
3794,1,1565.0982,1565.0982,0.0,3.0,74,47.0,Silver,0
3795,1,1207.47015,1207.47015,0.0,2.0,234,27.0,Silver,1
3796,1,1109.2413999999999,1109.2413999999999,0.0,7.0,407,21.0,Standard,1
3797,2,3380.61377,1690.306885,0.0,4.5,240,18.0,Standard,1
3798,4,6503.295279999999,1625.8238199999998,0.0,4.25,332,31.0,Gold,1
3799,6,32754.666159999997,5459.1110266666665,0.0,2.5,25,33.0,Standard,0
3800,6,50088.02041,8348.003401666667,0.0,4.333333333333333,74,32.0,Gold,1
3801,1,2911.6224300000003,2911.6224300000003,0.0,5.0,392,42.0,Silver,0
3802,2,6730.02204,3365.01102,0.0,4.5,337,37.0,Standard,1
3803,3,3324.9229600000003,1108.3076533333335,0.0,3.3333333333333335,159,39.0,Standard,1
3805,33,323637.71751999995,9807.20356121212,0.06060606060606061,4.090909090909091,6,31.0,Standard,0
3806,2,43384.09884,21692.04942,0.5,3.5,315,36.0,Gold,1
3807,5,25562.418289999998,5112.483657999999,0.0,4.4,156,36.0,Standard,0
3808,2,18495.3255,9247.66275,0.0,5.0,179,27.0,Standard,1
3809,9,291788.84994,32420.983326666665,0.0,4.0,9,32.0,Standard,0
3810,4,9445.40442,2361.351105,0.0,3.75,0,25.0,Standard,0
3811,2,117658.3357,58829.16785,0.5,4.5,200,55.0,Standard,1
3812,2,25805.8142,12902.9071,0.0,3.5,49,18.0,Standard,1
3813,36,389161.65838000004,10810.046066111112,0.05555555555555555,2.8333333333333335,8,20.0,Standard,0
3814,1,3359.2006200000005,3359.2006200000005,0.0,4.0,274,42.0,Standard,0
3815,2,2766.0922,1383.0461,0.0,4.5,313,18.0,Standard,0
3816,11,341661.17532000004,31060.10684727273,0.09090909090909091,2.8181818181818183,6,19.0,Silver,0
3819,2,3762.7896,1881.3948,0.0,4.0,53,42.0,Standard,1
3822,10,125862.99673,12586.299673,0.2,3.3,4,20.0,Silver,0
3825,7,25730.36132,3675.765902857143,0.0,5.0,127,42.0,Silver,1
3826,3,6336.40345,2112.1344833333333,0.0,4.0,58,40.0,Standard,0
3827,5,17635.77783,3527.155566,0.0,4.6,100,25.0,Gold,1
3828,4,3713.40381,928.3509525,0.0,4.0,116,33.0,Standard,1
3829,2,120660.25013000001,60330.12506500001,0.0,4.5,20,23.0,Standard,1
3830,4,17384.905469999998,4346.2263674999995,0.0,2.0,136,38.0,Silver,1
3831,8,35597.18732,4449.648415,0.125,2.875,135,30.0,Silver,0
3832,2,14737.203720000001,7368.601860000001,0.5,2.0,122,24.0,Standard,1
3833,1,106.86299,106.86299,0.0,4.0,93,41.0,Standard,0
3834,24,348855.13308,14535.630545,0.041666666666666664,3.0833333333333335,17,26.0,Standard,0
3835,2,13902.58092,6951.29046,0.0,4.0,13,18.0,Premium,0
3836,3,26808.64449,8936.214829999999,0.3333333333333333,4.666666666666667,46,20.0,Standard,0
3837,9,52512.07821,5834.675356666667,0.0,3.6666666666666665,99,27.0,Standard,0
3838,1,50153.231999999996,50153.231999999996,0.0,2.0,202,20.0,Standard,1
3840,2,137999.26919000002,68999.63459500001,0.0,5.0,109,37.0,Standard,1
3841,1,6165.5286,6165.5286,1.0,3.0,212,20.0,Gold,1
3844,7,26274.134869999998,3753.4478385714283,0.0,3.2857142857142856,139,56.0,Silver,1
3846,5,31967.30608,6393.461216,0.0,4.2,34,47.0,Premium,1
3847,1,22320.4468,22320.4468,0.0,2.0,376,18.0,Standard,0
3849,1,545.38,545.38,0.0,3.0,320,45.0,Silver,0
3852,12,53757.62502000001,4479.802085,0.08333333333333333,3.9166666666666665,110,27.0,Standard,1
3853,4,44968.68086,11242.170215,0.0,2.5,14,38.0,Gold,1
3855,3,40165.59487,13388.531623333334,0.0,4.333333333333333,230,21.0,Gold,1
3856,2,10910.54437,5455.272185,0.0,2.5,40,20.0,Premium,1
3857,2,3783.2800400000006,1891.6400200000003,0.0,4.5,239,48.0,Silver,1
3858,9,66331.39061,7370.154512222222,0.1111111111111111,3.6666666666666665,27,31.0,Gold,0
3859,4,7025.265219999999,1756.3163049999998,0.25,3.5,166,18.0,Silver,0
3860,3,10697.00841,3565.6694700000003,0.0,2.3333333333333335,244,18.0,Standard,1
3863,1,34260.953980000006,34260.953980000006,0.0,4.0,184,50.0,Standard,1
3864,5,189886.83907,37977.367814,0.2,4.0,11,40.0,Standard,0
3865,10,227530.54252999998,22753.054253,0.2,3.5,6,31.0,Standard,0
3866,9,90905.75249,10100.639165555556,0.0,2.888888888888889,97,25.0,Premium,0
3867,5,23424.4075,4684.8815,0.2,5.6,12,28.0,Standard,0
3868,2,42788.643760000006,21394.321880000003,0.0,3.5,968,42.0,Silver,1
3869,32,426415.74354,13325.491985625,0.0625,3.4375,10,24.0,Standard,0
3871,3,3714.98315,1238.3277166666667,0.0,3.0,175,29.0,Silver,0
3872,7,377521.88039,53931.697198571426,0.14285714285714285,4.285714285714286,79,25.0,Standard,1
3873,23,355086.48858999996,15438.54298217391,0.08695652173913043,3.3043478260869565,5,22.0,Standard,0
3874,1,481.45125,481.45125,0.0,2.0,9,27.0,Premium,0
3875,3,47464.74396,15821.58132,0.3333333333333333,3.3333333333333335,178,56.0,Standard,0
3876,27,226563.26699,8391.23211074074,0.07407407407407407,4.333333333333333,3,35.0,Standard,0
3877,2,184234.32941,92117.164705,0.0,3.5,78,19.0,Silver,1
3878,1,13708.80794,13708.80794,0.0,3.0,505,36.0,Standard,0
3880,1,747.9980800000001,747.9980800000001,0.0,2.0,65,43.0,Standard,1
3881,1,378.03848,378.03848,0.0,4.0,541,24.0,Standard,1
3882,2,10112.50014,5056.25007,0.0,4.0,6,32.0,Standard,0
3883,2,46024.31301,23012.156505,0.0,3.5,125,47.0,Silver,1
3884,1,8240.12495,8240.12495,0.0,3.0,1130,30.0,Silver,0
3885,4,25756.275879999997,6439.068969999999,0.0,2.5,85,49.0,Gold,1
3889,1,373.64364,373.64364,0.0,5.0,7,29.0,Standard,0
3891,16,280741.3371,17546.33356875,0.0,4.625,24,38.0,Standard,0
3892,2,47008.337400000004,23504.168700000002,0.0,3.0,114,38.0,Standard,1
3893,2,1426.8935,713.44675,0.0,3.5,132,39.0,Standard,0
3894,4,18388.67412,4597.16853,0.0,5.0,58,34.0,Standard,1
3895,19,128655.80572,6771.358195789474,0.05263157894736842,4.526315789473684,101,31.0,Standard,0
3896,1,4672.65448,4672.65448,0.0,2.0,22,31.0,Standard,0
3897,2,2962.26721,1481.133605,0.0,4.0,20,35.0,Standard,1
3898,3,69633.00773999999,23211.002579999997,0.0,5.666666666666667,55,26.0,Silver,1
3900,1,10102.27722,10102.27722,0.0,1.0,29,39.0,Standard,1
3901,1,318.61302,318.61302,0.0,1.0,469,32.0,Silver,1
3903,8,132601.11835,16575.13979375,0.125,2.625,20,34.0,Silver,0
3904,4,43451.36196,10862.84049,0.0,3.0,330,46.0,Standard,0
3906,2,9367.123810000001,4683.5619050000005,0.0,3.0,195,29.0,Silver,0
3907,1,67527.9678,67527.9678,0.0,5.0,357,31.0,Premium,1
3909,2,6718.5163299999995,3359.2581649999997,0.0,4.5,189,31.0,Gold,0
3910,2,6340.86213,3170.431065,0.0,5.5,17,39.0,Premium,1
3911,5,26580.87208,5316.174416,0.2,5.4,60,32.0,Gold,0
3912,3,7767.6803199999995,2589.2267733333333,0.0,2.3333333333333335,2,26.0,Standard,0
3913,19,180620.6043,9506.347594736842,0.21052631578947367,4.684210526315789,13,31.0,Standard,0
3915,1,10969.453039999999,10969.453039999999,0.0,5.0,829,32.0,Standard,1
3916,4,40976.61219,10244.1530475,0.0,3.75,307,24.0,Standard,0
3919,40,470857.53909,11771.43847725,0.025,4.475,34,33.0,Silver,0
3921,1,1600.34708,1600.34708,0.0,3.0,583,38.0,Silver,1
3922,2,22293.45892,11146.72946,0.0,2.0,124,28.0,Premium,0
3923,1,87167.0027,87167.0027,0.0,4.0,0,27.0,Standard,1
3924,4,9193.83607,2298.4590175,0.0,3.75,265,18.0,Silver,1
3925,2,5037.48148,2518.74074,0.5,5.5,63,31.0,Silver,1
3926,1,23139.923740000002,23139.923740000002,0.0,3.0,6,24.0,Gold,1
3927,1,564.89526,564.89526,0.0,4.0,506,24.0,Standard,1
3928,3,1568.09908,522.6996933333334,0.3333333333333333,3.0,128,33.0,Gold,0
3929,8,167583.50748,20947.938435,0.0,2.625,8,40.0,Premium,0
3930,1,9881.2168,9881.2168,0.0,3.0,397,52.0,Standard,1
3931,2,16061.96996,8030.98498,0.0,5.0,142,28.0,Silver,1
3932,29,322849.7737,11132.75081724138,0.1724137931034483,3.6206896551724137,13,31.0,Standard,0
3933,1,619.0199200000001,619.0199200000001,0.0,5.0,724,27.0,Standard,1
3935,7,318987.18056,45569.59722285714,0.14285714285714285,3.0,95,35.0,Standard,1
3937,1,1026.60168,1026.60168,0.0,3.0,26,35.0,Silver,0
3938,1,315.6888,315.6888,0.0,4.0,549,40.0,Gold,0
3939,1,7908.703300000001,7908.703300000001,0.0,3.0,230,29.0,Silver,1
3940,31,444379.90447,14334.835628064517,0.16129032258064516,3.4193548387096775,11,30.0,Standard,0
3941,2,13702.770970000001,6851.385485000001,0.0,3.0,83,18.0,Gold,0
3943,1,7569.6315300000015,7569.6315300000015,0.0,4.0,465,18.0,Gold,1
3944,9,126989.25941,14109.917712222223,0.0,3.4444444444444446,20,30.0,Standard,1
3945,5,22449.63522,4489.927044,0.2,4.4,89,33.0,Premium,1
3947,4,15455.70158,3863.925395,0.25,5.5,168,32.0,Silver,1
3948,3,11436.205329999999,3812.068443333333,0.0,3.3333333333333335,188,37.0,Silver,1
3949,2,3619.40646,1809.70323,0.0,4.5,142,38.0,Standard,1
3952,2,12247.921579999998,6123.960789999999,0.0,5.0,68,37.0,Standard,1
3954,1,95.9512,95.9512,0.0,7.0,391,38.0,Premium,0
3955,6,314695.9437,52449.32395,0.16666666666666666,3.0,57,53.0,Standard,1
3956,1,2390.5681000000004,2390.5681000000004,0.0,4.0,160,18.0,Silver,1
3957,8,49906.752739999996,6238.3440924999995,0.125,3.625,20,33.0,Gold,0
3958,1,534.0644000000001,534.0644000000001,0.0,5.0,135,28.0,Gold,0
3959,4,11747.608390000001,2936.9020975000003,0.0,3.25,367,36.0,Gold,1
3961,4,36353.92049,9088.4801225,0.0,3.0,312,33.0,Standard,0
3962,7,118897.44766,16985.349665714286,0.14285714285714285,3.5714285714285716,86,26.0,Standard,1
3963,8,70633.7733,8829.2216625,0.125,4.375,110,38.0,Silver,1
3964,1,1564.3144099999997,1564.3144099999997,0.0,1.0,304,27.0,Standard,1
3966,1,397.1876,397.1876,0.0,1.0,131,41.0,Silver,0
3968,4,9195.851630000001,2298.9629075000003,0.25,3.75,110,32.0,Gold,0
3969,1,409.94879999999995,409.94879999999995,1.0,6.0,1153,32.0,Standard,1
3972,15,149855.07309,9990.338205999999,0.06666666666666667,4.066666666666666,6,33.0,Standard,0
3973,8,275301.1542,34412.644275,0.125,5.25,10,45.0,Silver,1
3974,37,597851.60534,16158.151495675676,0.13513513513513514,2.972972972972973,6,50.0,Standard,0
3975,1,1824.32243,1824.32243,0.0,5.0,113,37.0,Standard,0
3976,3,15351.827760000002,5117.275920000001,0.0,3.3333333333333335,578,18.0,Gold,0
3978,3,3680.99604,1226.99868,0.0,4.333333333333333,101,33.0,Standard,0
3980,1,1594.97883,1594.97883,1.0,4.0,368,31.0,Standard,1
3981,3,21103.78918,7034.596393333333,0.0,3.3333333333333335,196,34.0,Standard,1
3982,3,7349.42298,2449.80766,0.0,5.333333333333333,200,40.0,Gold,0
3983,1,4653.6125999999995,4653.6125999999995,0.0,3.0,96,35.0,Standard,1
3984,1,59745.26433,59745.26433,0.0,4.0,376,37.0,Standard,1
3985,1,789.6653299999999,789.6653299999999,0.0,3.0,121,34.0,Standard,1
3986,2,13862.62293,6931.311465,0.0,3.0,1,18.0,Gold,0
3987,3,111369.91212,37123.304039999995,0.0,1.6666666666666667,197,20.0,Standard,1
3988,9,100571.93980000001,11174.65997777778,0.2222222222222222,5.111111111111111,63,33.0,Standard,0
3989,1,942.35445,942.35445,0.0,5.0,411,31.0,Gold,0
3990,4,7673.8703399999995,1918.4675849999999,0.25,4.25,15,36.0,Premium,0
3991,8,18781.648510000003,2347.7060637500003,0.125,4.25,5,39.0,Silver,0
3992,23,159706.13761,6943.745113478261,0.043478260869565216,3.391304347826087,47,34.0,Standard,0
3993,1,2542.1074,2542.1074,0.0,1.0,56,31.0,Silver,1
3994,1,370.66296,370.66296,0.0,5.0,283,30.0,Silver,1
3995,12,68452.66691,5704.388909166667,0.0,4.25,68,34.0,Silver,1
3996,3,24169.528159999998,8056.509386666666,0.0,4.666666666666667,90,18.0,Premium,1
3997,27,465071.85121,17224.883378148148,0.07407407407407407,2.925925925925926,8,26.0,Standard,0
3998,5,46291.51647,9258.303294000001,0.0,3.0,126,18.0,Silver,0
3999,3,28391.37616,9463.792053333333,0.0,4.666666666666667,107,40.0,Premium,0
4000,10,88962.57925,8896.257925,0.1,3.0,62,24.0,Standard,0
4001,16,110853.48404000001,6928.342752500001,0.0625,4.3125,14,27.0,Standard,0
4002,10,62413.75209,6241.375209,0.0,2.1,10,18.0,Silver,0
4003,7,51619.37796,7374.196851428571,0.0,2.7142857142857144,6,20.0,Standard,1
4004,34,1080128.60585,31768.48840735294,0.058823529411764705,3.323529411764706,2,29.0,Silver,0
4005,1,5728.73004,5728.73004,0.0,4.0,376,25.0,Standard,0
4006,4,113742.86974,28435.717435,0.0,2.75,32,45.0,Standard,1
4007,3,27940.02447,9313.34149,0.6666666666666666,3.0,40,35.0,Silver,1
4008,8,57126.238659999995,7140.779832499999,0.0,3.375,72,37.0,Standard,1
4009,36,870973.90154,24193.71948722222,0.05555555555555555,3.388888888888889,40,33.0,Standard,0
4010,1,660.0879,660.0879,0.0,3.0,159,40.0,Silver,0
4011,2,2759.54256,1379.77128,0.0,4.0,24,32.0,Standard,0
4013,1,8771.16747,8771.16747,0.0,1.0,164,37.0,Standard,0
4014,36,696292.41249,19341.4559025,0.08333333333333333,4.138888888888889,98,37.0,Premium,1
4015,5,107926.75166000001,21585.350332,0.0,4.0,6,18.0,Standard,0
4016,4,410558.5064099999,102639.62660249998,0.0,3.25,21,34.0,Silver,1
4017,38,351377.50664000004,9246.776490526318,0.02631578947368421,2.736842105263158,9,18.0,Standard,0
4018,12,44723.48311,3726.9569258333336,0.0,3.25,36,48.0,Premium,0
4019,7,62533.09614000001,8933.29944857143,0.0,3.0,32,38.0,Silver,1
4020,26,192146.17571,7390.237527307692,0.038461538461538464,4.346153846153846,3,38.0,Standard,0
4021,25,324874.0286,12994.961144,0.0,2.96,116,18.0,Standard,1
4022,2,5800.355030000001,2900.1775150000003,0.0,4.0,280,35.0,Standard,0
4025,3,3210.98808,1070.32936,0.0,4.333333333333333,135,25.0,Silver,0
4026,3,10619.041360000001,3539.680453333334,0.0,4.0,0,40.0,Standard,0
4027,2,6630.29652,3315.14826,0.0,3.5,51,25.0,Standard,1
4028,4,9212.394960000001,2303.0987400000004,0.0,4.5,2,37.0,Gold,0
4029,3,60792.3275,20264.109166666665,0.0,3.3333333333333335,72,27.0,Standard,0
4030,2,11757.00212,5878.50106,0.0,5.5,90,45.0,Standard,1
4031,10,100405.76241,10040.576240999999,0.0,2.9,128,36.0,Silver,0
4033,4,301555.61763,75388.9044075,0.0,3.25,71,38.0,Standard,0
4034,13,125842.29045,9680.176188461539,0.0,3.1538461538461537,4,33.0,Standard,0
4035,5,12224.61981,2444.923962,0.0,3.6,17,33.0,Silver,0
4038,3,21974.89379,7324.964596666666,0.3333333333333333,4.666666666666667,68,25.0,Standard,0
4039,2,3718.61734,1859.30867,0.0,3.0,58,24.0,Silver,1
4042,4,7748.03232,1937.00808,0.25,5.75,1,24.0,Silver,0
4044,11,34201.11741,3109.1924918181817,0.0,3.909090909090909,28,30.0,Premium,1
4045,1,534.69652,534.69652,0.0,4.0,378,25.0,Standard,1
4046,3,3804.9260600000002,1268.3086866666667,0.3333333333333333,2.3333333333333335,52,25.0,Gold,1
4047,13,73079.36163,5621.4893561538465,0.0,3.230769230769231,9,35.0,Silver,0
4048,3,8709.0353,2903.0117666666665,0.0,2.3333333333333335,62,30.0,Standard,1
4049,4,66613.59255,16653.3981375,0.25,3.75,138,36.0,Silver,1
4050,2,185613.89426,92806.94713,0.0,5.0,285,42.0,Gold,0
4051,34,783634.7383500001,23048.080539705887,0.08823529411764706,4.117647058823529,0,27.0,Standard,0
4052,3,8086.24517,2695.4150566666667,0.0,5.0,148,43.0,Premium,1
4053,37,511780.82879999996,13831.914291891891,0.08108108108108109,4.837837837837838,0,37.0,Standard,0
4054,5,48187.79696,9637.559392,0.0,2.4,15,37.0,Standard,1
4056,4,251802.97772999998,62950.744432499996,0.25,3.5,132,26.0,Standard,0
4058,2,9858.65038,4929.32519,0.0,3.0,21,32.0,Standard,1
4059,21,221288.60686,10537.552707619048,0.047619047619047616,3.8095238095238093,6,34.0,Silver,0
4060,9,133185.89583000002,14798.432870000002,0.1111111111111111,3.5555555555555554,12,29.0,Standard,0
4061,4,41851.055519999994,10462.763879999999,0.0,4.5,175,20.0,Standard,0
4062,7,142529.00564,20361.286519999998,0.0,4.0,18,49.0,Standard,1
4063,32,337415.83395999996,10544.244811249999,0.03125,3.0625,10,18.0,Premium,0
4064,1,1845.33045,1845.33045,0.0,4.0,215,32.0,Standard,1
4065,13,829878.85869,63836.83528384616,0.07692307692307693,3.8461538461538463,35,36.0,Standard,0
4066,12,149941.21758,12495.101465,0.16666666666666666,2.8333333333333335,137,31.0,Standard,1
4067,18,167270.82954,9292.823863333333,0.0,3.611111111111111,56,30.0,Standard,0
4069,19,308065.05371,16213.950195263158,0.0,3.263157894736842,65,28.0,Standard,0
4070,2,10746.905470000002,5373.452735000001,0.0,2.5,143,18.0,Gold,0
4072,9,50816.66767,5646.296407777778,0.1111111111111111,3.5555555555555554,96,21.0,Standard,0
4073,5,34573.94556,6914.789112,0.2,5.0,167,41.0,Gold,1
4074,2,12846.6832,6423.3416,0.0,5.0,124,31.0,Standard,0
4075,2,3558.27632,1779.13816,0.0,4.0,0,18.0,Standard,0
4076,37,477751.96758,12912.21534,0.05405405405405406,3.2162162162162162,0,49.0,Standard,0
4077,8,23754.57199,2969.32149875,0.0,3.625,60,32.0,Standard,0
4078,14,114799.24594,8199.946138571428,0.0,3.4285714285714284,2,24.0,Gold,0
4079,39,583530.44001,14962.318974615386,0.02564102564102564,3.0256410256410255,13,24.0,Silver,0
4080,7,22139.715750000003,3162.816535714286,0.0,3.857142857142857,67,29.0,Standard,0
4081,13,420967.84969,32382.142283846155,0.07692307692307693,2.6153846153846154,20,55.0,Standard,0
4082,14,612463.52708,43747.394791428575,0.07142857142857142,2.7142857142857144,142,22.0,Standard,0
4083,1,526.2746400000001,526.2746400000001,0.0,4.0,268,51.0,Standard,1
4085,3,63658.70943000001,21219.569810000005,0.0,5.0,3,33.0,Standard,1
4086,5,12302.31434,2460.462868,0.0,2.4,169,18.0,Silver,1
4087,39,975560.5374799999,25014.372755897435,0.10256410256410256,3.128205128205128,21,41.0,Standard,0
4089,2,11806.47753,5903.238765,0.0,3.0,11,24.0,Silver,1
4090,37,464214.49455,12546.33769054054,0.13513513513513514,4.702702702702703,18,19.0,Silver,0
4091,3,115797.41604,38599.13868,0.0,3.3333333333333335,251,33.0,Silver,1
4092,1,17624.52909,17624.52909,0.0,6.0,41,27.0,Silver,1
4093,4,6875.16907,1718.7922675,0.0,3.25,137,31.0,Standard,1
4094,5,202031.94832,40406.389664,0.0,2.2,29,32.0,Standard,1
4095,2,31924.13326,15962.06663,0.0,3.5,231,31.0,Standard,1
4096,8,53273.22468,6659.153085,0.0,4.75,70,46.0,Standard,0
4099,39,431583.46229,11066.242622820513,0.15384615384615385,3.0,1,23.0,Gold,0
4101,7,286976.85233,40996.693190000005,0.0,2.7142857142857144,23,27.0,Standard,0
4104,1,544.07934,544.07934,0.0,4.0,39,24.0,Standard,0
4105,3,24900.172420000003,8300.057473333334,0.0,3.6666666666666665,285,35.0,Standard,0
4106,1,3806.2850399999998,3806.2850399999998,0.0,4.0,51,32.0,Standard,0
4107,1,224790.23358000003,224790.23358000003,0.0,2.0,615,34.0,Standard,0
4109,2,15084.130160000002,7542.065080000001,0.0,4.5,75,30.0,Standard,1
4111,18,410010.80276000005,22778.377931111114,0.16666666666666666,4.333333333333333,39,22.0,Standard,0
4112,3,31578.796540000003,10526.265513333334,0.3333333333333333,2.3333333333333335,378,42.0,Gold,1
4113,13,191194.83079,14707.294676153846,0.15384615384615385,4.538461538461538,7,28.0,Standard,0
4114,1,1004.0808799999999,1004.0808799999999,0.0,2.0,7,32.0,Standard,0
4116,35,215738.66887,6163.9619677142855,0.08571428571428572,3.085714285714286,38,21.0,Silver,0
4117,1,933.0324899999999,933.0324899999999,1.0,3.0,328,32.0,Silver,1
4118,2,8859.77066,4429.88533,0.5,3.5,13,22.0,Standard,1
4119,2,38804.04467,19402.022335,0.0,2.5,137,37.0,Silver,1
4120,1,52509.9528,52509.9528,0.0,5.0,515,39.0,Gold,0
4121,4,111098.94516,27774.73629,0.0,3.75,50,24.0,Gold,1
4122,1,3662.8277,3662.8277,1.0,4.0,230,39.0,Silver,0
4123,2,6529.4325,3264.71625,0.0,6.0,112,36.0,Silver,0
4124,6,117277.76082,19546.29347,0.0,2.6666666666666665,15,41.0,Silver,1
4125,6,65624.10368,10937.350613333334,0.16666666666666666,3.3333333333333335,70,36.0,Standard,0
4126,1,1044.306,1044.306,0.0,3.0,40,34.0,Standard,1
4127,5,21596.53243,4319.3064859999995,0.0,2.4,90,38.0,Standard,0
4128,4,50919.64044999999,12729.910112499998,0.0,3.5,112,33.0,Gold,0
4129,1,557.4096,557.4096,0.0,1.0,189,32.0,Standard,1
4130,4,44809.2815,11202.320375,0.0,2.75,3,20.0,Standard,0
4131,1,2863.15456,2863.15456,0.0,2.0,236,47.0,Standard,1
4132,4,19433.90793,4858.4769825,0.0,4.0,351,24.0,Standard,1
4133,4,125656.48548,31414.12137,0.0,4.0,39,27.0,Premium,1
4134,24,267760.90027,11156.704177916667,0.125,3.5833333333333335,13,39.0,Standard,1
4136,21,79108.69552,3767.080739047619,0.09523809523809523,3.6666666666666665,49,18.0,Silver,0
4137,4,39851.53112,9962.88278,0.0,4.0,9,34.0,Standard,0
4139,32,524807.56411,16400.2363784375,0.125,4.71875,7,26.0,Silver,0
4140,7,48114.75688,6873.5366971428575,0.14285714285714285,3.5714285714285716,2,43.0,Standard,0
4141,4,62642.591550000005,15660.647887500001,0.0,2.75,80,38.0,Standard,1
4143,3,12851.30646,4283.76882,0.0,2.0,343,25.0,Standard,1
4144,12,108418.14961,9034.845800833333,0.0,4.583333333333333,4,27.0,Standard,0
4146,2,8755.41909,4377.709545,0.0,2.0,44,33.0,Silver,1
4147,39,431465.44542999996,11063.216549487179,0.10256410256410256,4.435897435897436,91,18.0,Standard,0
4148,5,76949.81633999999,15389.963267999998,0.0,4.0,130,29.0,Standard,1
4149,2,9374.05943,4687.029715,0.5,2.5,735,37.0,Standard,1
4150,4,94464.20181,23616.0504525,0.25,5.0,22,18.0,Standard,0
4151,1,699.5648399999999,699.5648399999999,0.0,2.0,63,37.0,Standard,0
4152,2,4547.065799999999,2273.5328999999997,0.0,3.0,477,20.0,Standard,1
4153,6,138208.69832999998,23034.783054999996,0.16666666666666666,3.5,74,20.0,Standard,1
4154,2,9586.88482,4793.44241,0.0,2.5,160,37.0,Standard,0
4155,6,462885.67655000003,77147.61275833334,0.0,4.5,14,43.0,Gold,0
4156,1,497.6556,497.6556,0.0,4.0,159,27.0,Standard,1
4157,32,875531.34642,27360.354575625,0.0625,2.84375,4,29.0,Standard,0
4158,2,1424.36081,712.180405,0.0,4.0,666,18.0,Premium,0
4159,3,20524.246160000002,6841.4153866666675,0.3333333333333333,6.0,13,23.0,Standard,1
4160,1,55957.987049999996,55957.987049999996,1.0,3.0,19,30.0,Standard,1
4161,35,429037.5372,12258.21534857143,0.08571428571428572,3.0,4,26.0,Silver,0
4162,1,7892.96985,7892.96985,0.0,2.0,413,23.0,Standard,0
4164,1,113517.43848,113517.43848,0.0,5.0,139,30.0,Standard,1
4165,1,6809.9808,6809.9808,0.0,2.0,26,31.0,Standard,1
4166,17,155072.27968,9121.898804705883,0.058823529411764705,3.411764705882353,10,18.0,Silver,0
4167,3,28137.74486,9379.248286666667,0.0,4.0,862,31.0,Silver,1
4168,21,551631.47855,26268.165645238096,0.09523809523809523,3.1904761904761907,30,34.0,Silver,1
4169,26,687323.9291899999,26435.53573807692,0.038461538461538464,4.076923076923077,27,31.0,Standard,0
4170,3,9392.735819999998,3130.9119399999995,0.0,1.6666666666666667,677,34.0,Standard,0
4171,32,194866.73628,6089.58550875,0.09375,3.65625,33,38.0,Standard,0
4172,3,13441.333990000001,4480.444663333334,0.0,3.0,133,28.0,Standard,1
4174,1,2355.62512,2355.62512,0.0,3.0,61,29.0,Standard,0
4176,2,57204.88358,28602.44179,0.0,6.0,25,38.0,Silver,0
4177,1,1261.4510599999999,1261.4510599999999,0.0,1.0,138,25.0,Standard,1
4178,1,649.08496,649.08496,0.0,4.0,762,35.0,Standard,1
4180,12,67212.87224,5601.072686666666,0.16666666666666666,3.3333333333333335,59,41.0,Standard,1
4181,2,6917.413439999999,3458.7067199999997,0.0,4.5,221,18.0,Standard,1
4182,8,50438.23897,6304.77987125,0.125,3.0,18,43.0,Standard,1
4183,14,291537.50179,20824.107270714285,0.07142857142857142,3.357142857142857,7,24.0,Gold,0
4184,23,220871.36078000002,9603.102642608696,0.0,3.608695652173913,20,31.0,Gold,0
4185,7,46908.04275,6701.148964285714,0.0,2.857142857142857,31,30.0,Standard,0
4186,2,44764.5323,22382.26615,0.0,3.5,4,29.0,Standard,1
4188,1,28315.641359999998,28315.641359999998,0.0,4.0,213,32.0,Standard,1
4189,4,3016.50037,754.1250925,0.0,4.25,107,29.0,Silver,0
4190,1,91.305,91.305,0.0,4.0,37,43.0,Standard,1
4191,3,44755.32359,14918.441196666667,0.0,4.0,157,35.0,Standard,1
4192,13,135018.49111,10386.037777692309,0.15384615384615385,2.6153846153846154,11,37.0,Standard,0
4194,2,1315.13158,657.56579,0.0,3.5,33,36.0,Standard,0
4196,11,50055.69207,4550.517460909091,0.0,3.4545454545454546,7,34.0,Standard,0
4197,3,27537.316039999998,9179.105346666665,0.0,5.0,88,23.0,Standard,1
4200,2,10568.061520000001,5284.030760000001,0.5,2.0,223,22.0,Silver,0
4201,32,659538.66374,20610.583241875,0.0625,3.125,4,31.0,Silver,0
4203,2,58903.3557,29451.67785,0.0,2.5,215,40.0,Standard,1
4204,5,19289.78502,3857.957004,0.0,2.4,78,39.0,Standard,0
4205,1,169.10884,169.10884,0.0,1.0,73,39.0,Standard,0
4206,1,1336.0406400000002,1336.0406400000002,0.0,3.0,316,34.0,Gold,1
4207,3,20646.609279999997,6882.203093333333,0.0,5.333333333333333,202,24.0,Gold,0
4208,40,392525.46086,9813.1365215,0.075,3.15,8,34.0,Standard,0
4210,1,415.82968,415.82968,0.0,3.0,437,36.0,Gold,1
4211,2,9930.50476,4965.25238,0.0,2.5,80,34.0,Standard,1
4212,3,29892.23874,9964.07958,0.0,4.0,24,40.0,Standard,1
4213,7,264924.43296,37846.347565714284,0.0,3.7142857142857144,40,18.0,Standard,0
4215,17,238342.59605,14020.152708823529,0.23529411764705882,3.823529411764706,5,36.0,Standard,0
4218,5,70400.89672,14080.179344,0.0,3.2,59,33.0,Standard,1
4219,1,3973.8794,3973.8794,1.0,4.0,28,31.0,Standard,1
4220,1,1481.44902,1481.44902,0.0,3.0,835,19.0,Standard,1
4221,2,14027.588919999998,7013.794459999999,0.0,5.5,165,33.0,Gold,1
4222,4,123463.65228,30865.91307,0.0,4.5,165,34.0,Silver,0
4225,1,9527.7852,9527.7852,0.0,5.0,322,18.0,Gold,0
4226,1,607.9357200000001,607.9357200000001,0.0,4.0,55,31.0,Gold,1
4227,14,41602.12596,2971.5804257142854,0.07142857142857142,3.357142857142857,9,40.0,Standard,0
4228,15,227765.52333999999,15184.368222666666,0.06666666666666667,4.0,19,22.0,Standard,0
4230,4,31246.63185,7811.6579625,0.0,2.5,56,38.0,Standard,0
4231,1,108220.82294,108220.82294,0.0,2.0,444,37.0,Gold,1
4232,16,283140.17048,17696.260655,0.0,4.4375,33,40.0,Standard,0
4233,8,26917.8594,3364.732425,0.0,2.875,96,18.0,Silver,1
4234,10,80918.96731,8091.896731000001,0.2,3.0,4,33.0,Standard,1
4235,5,9074.40911,1814.881822,0.2,3.2,158,28.0,Silver,1
4236,2,3311.28982,1655.64491,0.5,2.0,54,34.0,Standard,1
4237,5,24092.911050000002,4818.5822100000005,0.0,3.8,54,24.0,Standard,1
4238,45,528400.07573,11742.223905111112,0.044444444444444446,3.3333333333333335,1,22.0,Gold,0
4239,2,4729.62797,2364.813985,0.0,4.0,253,20.0,Standard,1
4240,2,2847.97401,1423.987005,0.5,2.5,50,37.0,Silver,0
4241,1,858.8353200000001,858.8353200000001,0.0,5.0,168,39.0,Premium,1
4242,38,1340143.90251,35266.94480289474,0.02631578947368421,3.236842105263158,25,29.0,Standard,0
4243,3,28837.237169999997,9612.41239,0.0,4.333333333333333,47,34.0,Standard,1
4244,1,2450.2895399999998,2450.2895399999998,0.0,1.0,108,46.0,Standard,1
4245,2,2203.59582,1101.79791,0.5,2.0,166,40.0,Standard,1
4246,7,58665.87227,8380.838895714285,0.0,3.857142857142857,22,18.0,Silver,1
4247,3,3652.17814,1217.3927133333334,0.0,3.0,37,28.0,Silver,1
4250,3,112738.98249000001,37579.66083,0.0,3.3333333333333335,0,36.0,Standard,0
4251,1,635.81682,635.81682,0.0,3.0,339,38.0,Standard,1
4252,1,26250.7458,26250.7458,0.0,5.0,291,18.0,Silver,1
4253,3,76551.00978000001,25517.00326,0.0,3.3333333333333335,606,21.0,Standard,1
4254,24,428683.26746,17861.802810833335,0.125,4.625,2,32.0,Standard,0
4255,2,12925.295900000001,6462.6479500000005,0.0,3.5,339,40.0,Standard,0
4257,2,3975.72073,1987.860365,0.0,2.5,54,36.0,Standard,1
4258,1,2188.4147000000003,2188.4147000000003,0.0,4.0,329,41.0,Standard,1
4260,22,122175.35036,5553.425016363636,0.0,3.409090909090909,13,40.0,Silver,0
4261,1,6970.32108,6970.32108,0.0,3.0,142,27.0,Gold,0
4263,2,1638.02938,819.01469,0.0,3.0,399,18.0,Gold,0
4265,1,22083.725599999998,22083.725599999998,0.0,3.0,70,37.0,Standard,1
4267,1,1973.5491599999998,1973.5491599999998,0.0,3.0,48,29.0,Standard,0
4270,1,1125.5059199999998,1125.5059199999998,0.0,2.0,98,25.0,Standard,1
4271,2,7827.57677,3913.788385,0.0,2.5,146,40.0,Standard,1
4272,15,497834.8130999999,33188.987539999995,0.2,2.8666666666666667,21,37.0,Premium,1
4273,7,13489.25125,1927.0358928571427,0.14285714285714285,3.2857142857142856,0,26.0,Silver,0
4274,1,3214.0686600000004,3214.0686600000004,0.0,6.0,63,19.0,Silver,1
4275,4,58328.16724,14582.04181,0.0,3.0,119,34.0,Premium,1
4276,1,12485.48064,12485.48064,0.0,4.0,15,36.0,Gold,0
4277,4,148483.9081,37120.977025,0.0,1.5,12,22.0,Standard,0
4278,9,174091.29466,19343.477184444448,0.1111111111111111,2.888888888888889,33,34.0,Silver,1
4280,1,4907.28504,4907.28504,0.0,3.0,733,24.0,Gold,1
4281,1,1530.6719999999998,1530.6719999999998,0.0,3.0,242,39.0,Standard,1
4282,3,11136.17948,3712.059826666667,0.0,3.3333333333333335,18,43.0,Silver,0
4283,25,488592.71312,19543.7085248,0.04,2.96,8,26.0,Premium,0
4285,1,21394.814879999998,21394.814879999998,1.0,4.0,187,24.0,Standard,1
4286,1,70868.26890000001,70868.26890000001,0.0,4.0,103,35.0,Silver,1
4288,36,712490.47907,19791.402196388888,0.0,4.055555555555555,9,26.0,Silver,0
4289,30,355553.95488000003,11851.798496000001,0.03333333333333333,3.1333333333333333,16,27.0,Standard,0
4290,1,42691.06504,42691.06504,0.0,5.0,381,39.0,Premium,1
4291,42,669616.91691,15943.259926428573,0.047619047619047616,3.880952380952381,36,30.0,Silver,0
4292,5,87636.16993999999,17527.233988,0.2,4.0,63,32.0,Standard,0
4293,1,1345.6885200000002,1345.6885200000002,0.0,4.0,0,21.0,Silver,0
4294,1,2231.6451,2231.6451,0.0,5.0,310,37.0,Standard,0
4295,30,508353.21948,16945.107316,0.0,2.933333333333333,82,37.0,Standard,0
4297,5,40886.568020000006,8177.313604000001,0.2,4.0,57,38.0,Standard,0
4300,36,355487.09692000004,9874.641581111113,0.0,3.2777777777777777,20,37.0,Silver,0
4301,4,268309.68308,67077.42077,0.25,4.0,58,21.0,Silver,1
4302,2,4934.09568,2467.04784,0.0,4.5,50,30.0,Gold,0
4303,8,53805.782510000005,6725.722813750001,0.0,3.75,5,28.0,Standard,0
4304,4,10123.68653,2530.9216325,0.0,3.5,3,23.0,Standard,1
4305,1,4982.0353000000005,4982.0353000000005,0.0,4.0,26,45.0,Silver,0
4306,2,107657.96927999999,53828.984639999995,0.0,3.0,5,48.0,Premium,1
4307,1,8326.90056,8326.90056,0.0,5.0,463,33.0,Standard,1
4308,1,9706.23675,9706.23675,0.0,2.0,775,45.0,Standard,1
4309,36,744441.0772999999,20678.918813888886,0.027777777777777776,4.25,18,31.0,Standard,0
4310,1,2370.4832,2370.4832,0.0,5.0,689,20.0,Standard,1
4311,3,397379.68738,132459.89579333333,0.0,3.3333333333333335,21,34.0,Silver,0
4312,3,3346.541,1115.5136666666667,0.0,2.6666666666666665,203,23.0,Silver,1
4313,37,650008.74916,17567.804031351352,0.05405405405405406,3.1621621621621623,6,23.0,Standard,0
4314,31,123853.82499000001,3995.2846770967744,0.03225806451612903,4.096774193548387,30,31.0,Gold,0
4315,3,25156.6894,8385.563133333333,0.0,2.0,28,43.0,Standard,0
4318,1,238.69256000000001,238.69256000000001,0.0,3.0,787,33.0,Silver,1
4319,4,153629.05952,38407.26488,0.0,3.75,61,28.0,Silver,0
4320,3,39104.515080000005,13034.838360000002,0.0,3.0,106,18.0,Gold,1
4321,2,2997.26822,1498.63411,0.0,3.0,47,38.0,Standard,1
4322,5,68836.28664,13767.257328000002,0.0,4.2,411,37.0,Silver,1
4323,5,67099.63022000002,13419.926044000003,0.0,3.6,13,41.0,Gold,0
4325,1,212.52743,212.52743,0.0,5.0,429,46.0,Silver,0
4326,6,110480.35453,18413.392421666667,0.0,2.8333333333333335,132,38.0,Standard,1
4327,2,18733.145669999998,9366.572834999999,0.0,4.0,32,34.0,Silver,1
4328,7,122836.96674,17548.138105714286,0.0,2.857142857142857,275,35.0,Standard,0
4329,5,39774.501359999995,7954.900271999999,0.0,4.6,147,24.0,Silver,0
4330,20,312113.17695,15605.658847499999,0.15,3.2,3,35.0,Standard,0
4331,5,32096.34543,6419.269086,0.0,5.6,42,25.0,Silver,0
4332,1,4298.526030000001,4298.526030000001,0.0,2.0,183,34.0,Silver,1
4333,3,57150.612,19050.204,0.0,4.333333333333333,93,27.0,Standard,1
4334,3,12469.389110000002,4156.463036666667,0.0,4.333333333333333,16,27.0,Gold,1
4335,22,294186.48994,13372.11317909091,0.09090909090909091,3.5,1,22.0,Standard,0
4337,1,6942.3146,6942.3146,0.0,6.0,273,38.0,Silver,1
4338,32,722950.59185,22592.2059953125,0.09375,4.375,3,31.0,Silver,0
4339,1,4293.95764,4293.95764,0.0,2.0,74,29.0,Silver,1
4340,2,21807.377220000002,10903.688610000001,0.0,4.0,16,37.0,Standard,1
4341,5,40317.23308,8063.446615999999,0.0,2.4,7,26.0,Premium,0
4342,4,15128.048139999999,3782.0120349999997,0.0,3.0,5,33.0,Standard,0
4343,9,19650.745329999998,2183.4161477777775,0.0,3.2222222222222223,60,21.0,Silver,0
4344,4,37829.64896,9457.41224,0.5,4.75,65,40.0,Gold,0
4346,4,9263.86967,2315.9674175,0.0,3.0,180,43.0,Standard,1
4347,3,10673.15402,3557.7180066666665,0.0,3.0,21,21.0,Premium,1
4348,3,8557.78182,2852.59394,0.0,6.0,99,42.0,Silver,1
4349,3,12721.099729999998,4240.366576666666,0.3333333333333333,5.0,24,35.0,Standard,1
4350,3,4698.30981,1566.1032699999998,0.0,3.3333333333333335,26,43.0,Standard,1
4351,1,2126.31698,2126.31698,0.0,5.0,492,51.0,Premium,1
4352,2,23140.83783,11570.418915,0.0,2.5,468,38.0,Premium,1
4353,3,4601.15942,1533.7198066666667,0.3333333333333333,4.333333333333333,623,27.0,Premium,1
4354,5,18765.33941,3753.0678820000003,0.0,3.6,45,35.0,Silver,1
4356,3,21654.00758,7218.002526666667,0.0,3.6666666666666665,69,44.0,Standard,0
4357,2,8344.6706,4172.3353,0.0,4.0,225,37.0,Silver,0
4358,4,190843.64163,47710.9104075,0.25,4.0,304,18.0,Standard,1
4359,1,2653.3206,2653.3206,0.0,6.0,153,20.0,Standard,1
4360,1,349.70814,349.70814,0.0,2.0,339,23.0,Silver,1
4361,6,31850.644800000002,5308.4408,0.16666666666666666,3.6666666666666665,112,18.0,Premium,1
4362,3,20031.89832,6677.29944,0.3333333333333333,4.0,31,20.0,Silver,1
4363,48,717218.1368600001,14942.044517916669,0.08333333333333333,3.0416666666666665,2,33.0,Standard,0
4365,10,118860.971,11886.0971,0.2,3.4,44,29.0,Gold,0
4366,2,86559.07785999999,43279.538929999995,0.5,2.5,221,29.0,Gold,1
4367,2,54086.55683,27043.278415,0.0,3.5,52,29.0,Gold,0
4368,5,123433.64113,24686.728226,0.0,3.8,4,39.0,Standard,0
4369,1,1020.90933,1020.90933,0.0,4.0,121,21.0,Standard,0
4370,1,2021.1677599999998,2021.1677599999998,0.0,2.0,168,27.0,Standard,0
4371,21,119711.30963,5700.538553809524,0.0,3.4285714285714284,48,24.0,Silver,0
4372,7,111511.75304000001,15930.250434285716,0.14285714285714285,2.5714285714285716,5,24.0,Standard,0
4373,2,11913.72305,5956.861525,0.0,5.5,84,37.0,Silver,1
4374,1,11887.27694,11887.27694,0.0,1.0,143,27.0,Gold,1
4376,2,16149.97406,8074.98703,0.0,3.0,32,38.0,Silver,1
4377,30,493073.97135999997,16435.799045333333,0.0,3.1333333333333333,68,30.0,Standard,0
4378,4,123834.31138,30958.577845,0.0,3.75,22,42.0,Silver,0
4379,5,87325.90413000001,17465.180826000003,0.0,5.0,0,48.0,Silver,0
4380,2,8308.54722,4154.27361,0.0,3.0,217,18.0,Silver,1
4381,3,1613.43228,537.81076,0.0,5.333333333333333,40,31.0,Standard,1
4382,2,22028.52335,11014.261675,0.0,3.0,493,34.0,Gold,1
4384,10,227728.73822000006,22772.873822000005,0.0,3.0,19,41.0,Standard,1
4385,40,1459639.2568100002,36490.981420250006,0.05,3.15,48,28.0,Premium,0
4386,6,75438.1542,12573.0257,0.0,3.3333333333333335,35,27.0,Gold,0
4387,8,29854.6758,3731.834475,0.0,3.375,16,44.0,Gold,0
4388,2,1683.52356,841.76178,0.0,5.5,322,38.0,Standard,0
4389,2,15671.61224,7835.80612,0.0,4.5,156,32.0,Standard,0
4390,2,26158.3306,13079.1653,0.0,6.5,96,40.0,Standard,1
4391,38,451827.86744,11890.207037894737,0.13157894736842105,4.2105263157894735,29,48.0,Silver,0
4392,4,77302.08098,19325.520245,0.25,4.25,135,38.0,Silver,1
4393,28,781303.40132,27903.692904285712,0.03571428571428571,4.142857142857143,8,18.0,Standard,0
4394,20,300089.63193,15004.481596499998,0.0,3.7,56,22.0,Standard,0
4395,4,22928.60105,5732.1502625,0.0,2.25,26,25.0,Silver,0
4396,2,3699.3445599999995,1849.6722799999998,0.0,4.0,307,32.0,Silver,1
4397,33,402510.63456000003,12197.291956363637,0.0,3.6363636363636362,38,27.0,Silver,0
4398,12,533362.19339,44446.84944916667,0.08333333333333333,4.083333333333333,19,30.0,Gold,0
4399,1,3115.14349,3115.14349,0.0,3.0,249,46.0,Gold,1
4400,3,25062.26434,8354.088113333333,0.0,2.3333333333333335,332,19.0,Silver,1
4401,5,9416.96726,1883.3934519999998,0.0,3.2,73,28.0,Standard,1
4402,1,4981.761240000001,4981.761240000001,0.0,2.0,64,25.0,Silver,1
4403,1,54873.71604000001,54873.71604000001,0.0,2.0,793,22.0,Standard,1
4404,3,2442.0982000000004,814.0327333333335,0.0,3.3333333333333335,12,32.0,Standard,1
4405,1,493.8696,493.8696,0.0,6.0,46,42.0,Standard,0
4406,10,242391.10857,24239.110857,0.2,4.5,16,28.0,Standard,1
4407,35,1053939.98419,30112.570976857143,0.05714285714285714,3.4571428571428573,10,43.0,Standard,0
4408,19,445324.09421999997,23438.11022210526,0.05263157894736842,3.6315789473684212,93,40.0,Premium,1
4411,1,41926.39785,41926.39785,0.0,8.0,17,18.0,Standard,0
4412,8,43089.96627,5386.24578375,0.0,3.375,6,46.0,Silver,0
4413,6,23386.34671,3897.724451666667,0.0,3.1666666666666665,191,48.0,Standard,0
4414,2,5058.16797,2529.083985,0.0,3.5,40,25.0,Premium,0
4415,5,53229.24109,10645.848218000001,0.0,3.0,6,36.0,Premium,0
4416,2,11464.68952,5732.34476,0.0,4.5,167,45.0,Silver,0
4417,1,1238.23784,1238.23784,1.0,6.0,27,29.0,Standard,1
4418,3,322981.71410999994,107660.57136999998,0.0,4.666666666666667,42,39.0,Standard,1
4420,3,20396.36054,6798.786846666667,0.0,4.0,48,19.0,Standard,1
4421,9,176586.78011,19620.753345555553,0.2222222222222222,4.222222222222222,23,38.0,Standard,0
4422,28,299305.47702,10689.481322142858,0.0,4.107142857142857,28,21.0,Silver,0
4423,2,13896.947919999999,6948.473959999999,0.0,4.5,138,29.0,Silver,1
4424,3,122592.86914,40864.28971333333,0.0,4.333333333333333,10,32.0,Standard,0
4425,1,1571.2791,1571.2791,0.0,2.0,72,28.0,Gold,0
4426,4,14750.03512,3687.50878,0.0,3.5,119,23.0,Standard,0
4427,10,70164.46947,7016.446946999999,0.1,5.3,35,24.0,Standard,0
4428,33,433943.71701,13149.809606363637,0.030303030303030304,3.393939393939394,2,18.0,Standard,0
4429,3,163549.66916,54516.55638666666,0.3333333333333333,5.0,40,46.0,Standard,0
4430,2,1784.2516600000001,892.1258300000001,0.0,5.5,267,27.0,Silver,1
4432,1,2508.0616800000003,2508.0616800000003,0.0,2.0,133,18.0,Gold,0
4433,1,658.40012,658.40012,0.0,3.0,69,21.0,Standard,1
4434,2,138182.04345,69091.021725,0.0,5.5,118,36.0,Standard,1
4435,7,55033.85478,7861.979254285715,0.0,2.4285714285714284,20,19.0,Silver,0
4437,8,41301.00616,5162.62577,0.125,2.875,12,21.0,Standard,1
4438,1,149.23662,149.23662,0.0,2.0,358,26.0,Standard,0
4439,37,429889.22711,11618.627759729728,0.05405405405405406,2.945945945945946,2,23.0,Premium,0
4440,9,158612.26724999998,17623.585249999996,0.1111111111111111,2.888888888888889,3,26.0,Premium,0
4441,3,3547.06563,1182.35521,0.0,3.6666666666666665,43,32.0,Gold,0
4442,1,3267.39994,3267.39994,0.0,3.0,149,37.0,Standard,0
4443,7,58531.67116,8361.667308571428,0.0,2.857142857142857,24,27.0,Standard,0
4444,6,8331.356679999999,1388.5594466666664,0.16666666666666666,3.3333333333333335,29,19.0,Standard,0
4445,23,298896.92953,12995.518675217392,0.08695652173913043,3.0,2,35.0,Standard,0
4447,2,9822.90638,4911.45319,0.0,5.0,59,23.0,Silver,1
4448,1,929.2094999999999,929.2094999999999,0.0,6.0,96,33.0,Silver,0
4449,8,123841.75631999999,15480.219539999998,0.0,3.0,24,34.0,Silver,0
4450,28,270251.39896,9651.835677142857,0.14285714285714285,2.7857142857142856,6,18.0,Silver,0
4451,2,9617.632440000001,4808.816220000001,0.5,3.0,172,33.0,Standard,0
4453,27,224755.75658,8324.28728074074,0.1111111111111111,2.8518518518518516,28,31.0,Standard,0
4455,6,10541.28282,1756.88047,0.0,3.0,113,33.0,Standard,0
4457,3,5284.5136600000005,1761.5045533333334,0.0,3.3333333333333335,93,37.0,Premium,1
4458,1,14066.865440000001,14066.865440000001,0.0,4.0,13,32.0,Silver,0
4459,5,54164.096,10832.8192,0.2,1.8,20,18.0,Standard,0
4463,2,4358.962320000001,2179.4811600000003,0.0,4.0,168,31.0,Standard,1
4464,1,396.45638999999994,396.45638999999994,0.0,2.0,348,38.0,Standard,1
4465,1,5721.807,5721.807,0.0,4.0,22,28.0,Silver,1
4466,2,295.8465,147.92325,0.0,2.0,20,28.0,Standard,0
4467,1,105.23720000000002,105.23720000000002,0.0,3.0,104,25.0,Silver,1
4469,36,357785.73894999997,9938.49274861111,0.05555555555555555,3.5277777777777777,35,34.0,Silver,0
4470,2,875.1583700000001,437.57918500000005,0.0,3.5,9,18.0,Standard,1
4471,3,112995.80699,37665.268996666666,0.0,4.0,50,36.0,Standard,1
4472,22,83119.19393000001,3778.145178636364,0.045454545454545456,4.363636363636363,3,36.0,Premium,0
4474,1,1555.295,1555.295,0.0,4.0,25,20.0,Standard,0
4475,2,9957.01453,4978.507265,0.5,1.5,113,38.0,Standard,1
4476,12,34533.68256,2877.80688,0.0,4.666666666666667,3,27.0,Premium,1
4477,2,30437.401490000004,15218.700745000002,0.0,4.0,165,37.0,Standard,0
4479,44,493393.86066,11213.496833181818,0.11363636363636363,4.090909090909091,7,31.0,Silver,0
4480,13,118715.88265,9131.990973076923,0.07692307692307693,3.3846153846153846,171,26.0,Standard,0
4481,9,209334.47309,23259.38589888889,0.2222222222222222,4.777777777777778,34,19.0,Standard,1
4483,3,15589.483230000002,5196.49441,0.0,3.6666666666666665,108,55.0,Gold,0
4484,3,17095.101410000003,5698.367136666668,0.0,4.333333333333333,39,18.0,Standard,0
4486,2,2998.8498600000003,1499.4249300000001,0.0,3.0,229,35.0,Standard,1
4487,8,272938.75419999997,34117.344274999996,0.125,3.875,13,28.0,Standard,0
4488,1,966.85376,966.85376,0.0,3.0,188,22.0,Gold,1
4489,3,9334.758240000001,3111.5860800000005,0.0,4.666666666666667,27,37.0,Standard,0
4490,2,3438.1342600000003,1719.0671300000001,0.0,3.5,381,42.0,Standard,1
4491,11,87565.21525,7960.474113636363,0.0,3.5454545454545454,10,38.0,Standard,0
4492,11,144925.02281,13175.002073636364,0.09090909090909091,2.727272727272727,43,30.0,Premium,0
4493,1,533.3216400000001,533.3216400000001,0.0,3.0,193,43.0,Silver,1
4496,1,4192.784879999999,4192.784879999999,0.0,5.0,1172,20.0,Silver,1
4497,1,608.2067000000001,608.2067000000001,0.0,3.0,633,38.0,Standard,1
4498,1,134.41619,134.41619,0.0,5.0,139,22.0,Silver,1
4499,2,21221.63822,10610.81911,0.0,3.5,102,18.0,Standard,1
4500,2,7186.17111,3593.085555,0.0,4.5,70,33.0,Premium,0
4501,8,41655.04865,5206.88108125,0.125,4.625,10,30.0,Standard,0
4502,2,848.18684,424.09342,0.5,2.5,21,32.0,Premium,1
4503,1,608.47234,608.47234,0.0,2.0,94,23.0,Standard,0
4504,17,77807.18222,4576.893071764706,0.11764705882352941,3.235294117647059,10,31.0,Gold,0
4508,4,11662.3923,2915.598075,0.25,4.25,1,36.0,Premium,1
4509,1,2183.02575,2183.02575,0.0,2.0,50,41.0,Silver,1
4510,24,410471.51383999997,17102.979743333333,0.08333333333333333,3.1666666666666665,14,27.0,Standard,0
4512,3,16876.93661,5625.645536666667,0.0,5.333333333333333,98,37.0,Standard,1
4513,4,51060.41283,12765.1032075,0.25,5.0,57,30.0,Standard,0
4514,4,11049.010440000002,2762.2526100000005,0.0,3.25,0,30.0,Standard,1
4517,3,11104.70301,3701.56767,0.0,3.6666666666666665,109,29.0,Standard,0
4518,3,558969.77671,186323.25890333334,0.0,4.0,23,40.0,Silver,0
4519,4,122943.54269,30735.8856725,0.0,3.0,273,43.0,Standard,0
4520,19,99228.0011,5222.52637368421,0.10526315789473684,4.631578947368421,0,35.0,Standard,0
4521,13,305568.71214,23505.28554923077,0.15384615384615385,2.923076923076923,41,39.0,Standard,0
4522,2,42796.52966,21398.26483,0.0,3.0,342,37.0,Standard,0
4523,12,128121.79843,10676.816535833334,0.0,2.3333333333333335,17,31.0,Standard,0
4525,4,207478.06096,51869.51524,0.5,3.75,71,35.0,Gold,1
4526,2,8488.529590000002,4244.264795000001,0.0,1.5,35,32.0,Standard,0
4527,1,755.7396,755.7396,0.0,1.0,439,18.0,Gold,1
4528,6,16287.77555,2714.6292583333334,0.0,2.6666666666666665,40,22.0,Standard,0
4529,8,171604.65702,21450.5821275,0.0,2.625,93,28.0,Silver,0
4530,3,24270.236020000004,8090.078673333334,0.0,3.0,24,44.0,Silver,1
4531,40,902877.98499,22571.94962475,0.075,3.325,7,24.0,Gold,0
4532,7,25945.44184,3706.4916914285714,0.0,3.7142857142857144,104,24.0,Standard,0
4534,7,27876.94632,3982.4209028571427,0.14285714285714285,4.428571428571429,3,49.0,Standard,1
4535,2,4275.48769,2137.743845,0.0,4.0,100,28.0,Silver,1
4536,1,395.49528,395.49528,0.0,5.0,257,25.0,Standard,1
4537,3,15146.145439999998,5048.715146666666,0.0,1.6666666666666667,32,18.0,Standard,0
4538,4,109654.19592000001,27413.548980000003,0.25,3.25,154,18.0,Standard,0
4539,28,280225.96573,10008.070204642858,0.07142857142857142,3.0714285714285716,8,27.0,Silver,0
4541,9,141851.81211,15761.312456666667,0.1111111111111111,3.888888888888889,275,31.0,Gold,1
4542,2,247833.04308999996,123916.52154499998,0.5,4.5,262,19.0,Standard,1
4543,2,15291.75466,7645.87733,0.0,4.5,527,34.0,Standard,1
4544,2,30101.860529999998,15050.930264999999,0.0,2.5,153,28.0,Standard,1
4545,2,19651.61769,9825.808845,0.5,2.5,249,18.0,Gold,0
4546,1,126719.71162000002,126719.71162000002,0.0,4.0,628,19.0,Silver,1
4547,4,121601.6767,30400.419175,0.0,4.5,145,46.0,Gold,1
4548,1,3204.55645,3204.55645,0.0,5.0,110,38.0,Silver,1
4549,1,2092.50492,2092.50492,0.0,5.0,25,23.0,Silver,0
4550,2,14174.8044,7087.4022,0.0,4.0,40,46.0,Standard,1
4551,21,638161.8871800001,30388.661294285717,0.09523809523809523,3.761904761904762,1,43.0,Standard,0
4553,9,59065.522489999996,6562.835832222222,0.0,3.0,22,23.0,Gold,0
4554,1,731.54076,731.54076,0.0,2.0,10,39.0,Standard,0
4555,2,2485.3878,1242.6939,0.0,3.0,115,35.0,Gold,0
4556,2,8879.505109999998,4439.752554999999,0.0,2.5,57,19.0,Standard,0
4558,28,298683.0859,10667.253067857144,0.07142857142857142,4.214285714285714,65,30.0,Standard,0
4559,11,70867.14873,6442.468066363636,0.09090909090909091,3.727272727272727,8,26.0,Standard,0
4560,1,1339.95376,1339.95376,0.0,2.0,106,21.0,Silver,1
4561,40,813000.35238,20325.008809500003,0.05,3.25,5,44.0,Standard,0
4562,2,4101.96136,2050.98068,0.0,2.5,409,28.0,Standard,1
4563,4,263921.85682,65980.464205,0.0,3.0,40,45.0,Standard,1
4564,2,148692.36560000002,74346.18280000001,0.0,2.5,281,30.0,Gold,1
4565,1,1472.32536,1472.32536,0.0,5.0,181,38.0,Standard,1
4566,15,100335.23488,6689.015658666667,0.13333333333333333,3.2666666666666666,29,38.0,Standard,1
4567,3,51352.10301,17117.36767,0.0,3.6666666666666665,13,45.0,Standard,1
4569,1,894.1536,894.1536,0.0,3.0,124,38.0,Silver,1
4571,2,2542.82978,1271.41489,0.0,2.0,393,43.0,Silver,1
4572,3,55916.305909999995,18638.768636666664,0.0,2.3333333333333335,100,24.0,Silver,0
4573,7,10874.21915,1553.4598785714286,0.0,3.857142857142857,118,18.0,Standard,1
4574,1,24514.973749999997,24514.973749999997,0.0,2.0,60,32.0,Silver,0
4575,1,28309.769309999996,28309.769309999996,0.0,3.0,201,22.0,Gold,1
4576,2,23196.153419999995,11598.076709999998,0.0,2.5,18,47.0,Silver,1
4577,2,14696.552310000001,7348.2761550000005,0.5,1.5,129,28.0,Standard,1
4578,4,36561.91068,9140.47767,0.25,2.75,129,21.0,Standard,1
4579,1,7860.96058,7860.96058,0.0,3.0,284,33.0,Standard,1
4580,2,8849.33814,4424.66907,0.0,4.0,631,41.0,Standard,1
4581,1,21333.84572,21333.84572,0.0,1.0,69,26.0,Gold,0
4582,32,611357.02722,19104.907100625,0.03125,4.28125,64,47.0,Standard,0
4583,6,97591.74041,16265.290068333334,0.0,3.0,483,43.0,Standard,1
4584,3,30123.226560000003,10041.07552,0.0,3.3333333333333335,207,18.0,Gold,1
4585,43,418782.13868,9739.119504186046,0.046511627906976744,3.372093023255814,28,41.0,Standard,0
4587,1,2848.7508399999997,2848.7508399999997,0.0,5.0,55,37.0,Standard,0
4588,3,4807.89428,1602.6314266666668,0.0,4.0,90,18.0,Standard,0
4589,4,77470.24035000001,19367.560087500002,0.25,3.75,4,25.0,Standard,0
4590,4,32862.13399,8215.5334975,0.0,5.0,204,29.0,Standard,0
4591,3,8431.55513,2810.518376666667,0.0,3.3333333333333335,124,21.0,Silver,1
4593,2,192125.19852,96062.59926,0.0,5.0,37,18.0,Standard,0
4594,6,27614.92586,4602.487643333333,0.0,3.5,49,19.0,Standard,1
4596,2,8103.6709,4051.83545,0.0,1.5,378,18.0,Silver,1
4597,3,5925.97929,1975.32643,0.0,2.6666666666666665,326,30.0,Standard,1
4598,27,249958.54499,9257.723888518518,0.07407407407407407,3.740740740740741,52,49.0,Standard,1
4600,6,22993.22595,3832.204325,0.3333333333333333,2.6666666666666665,222,40.0,Standard,1
4601,24,325418.92014999996,13559.121672916664,0.125,4.875,0,36.0,Premium,0
4602,1,4762.488960000001,4762.488960000001,0.0,5.0,1010,33.0,Standard,1
4603,2,8999.16099,4499.580495,0.0,2.0,2,33.0,Standard,1
4604,4,15490.41597,3872.6039925,0.0,4.5,166,31.0,Standard,1
4605,2,15333.28056,7666.64028,0.0,4.5,16,21.0,Standard,0
4606,14,81563.66773,5825.976266428572,0.07142857142857142,4.428571428571429,0,20.0,Standard,0
4607,26,243010.24855999998,9346.548021538461,0.07692307692307693,3.3076923076923075,6,31.0,Standard,0
4608,1,551.91904,551.91904,0.0,4.0,13,34.0,Silver,1
4610,1,44564.64966,44564.64966,0.0,4.0,122,27.0,Silver,0
4612,31,395359.1217,12753.520054838711,0.0967741935483871,4.0,12,64.0,Standard,0
4613,5,109637.31542,21927.463084,0.2,3.6,242,34.0,Standard,0
4615,4,157581.55094,39395.387735,0.0,3.5,1,31.0,Standard,0
4616,1,582.0232,582.0232,0.0,3.0,645,29.0,Standard,1
4617,5,58655.40837,11731.081674,0.0,4.2,156,40.0,Standard,0
4618,1,1559.8418000000001,1559.8418000000001,0.0,2.0,52,24.0,Standard,0
4619,2,9743.66501,4871.832505,0.0,4.0,309,18.0,Standard,0
4620,45,278927.03229,6198.378495333333,0.022222222222222223,4.688888888888889,14,39.0,Silver,0
4621,1,11069.983680000001,11069.983680000001,0.0,5.0,689,33.0,Standard,1
4622,23,662299.72227,28795.640098695654,0.17391304347826086,3.4347826086956523,67,18.0,Standard,0
4624,2,51968.563239999996,25984.281619999998,0.0,4.5,221,34.0,Standard,1
4625,1,6372.3136,6372.3136,0.0,3.0,289,23.0,Standard,0
4627,1,6193.57015,6193.57015,0.0,3.0,86,39.0,Standard,0
4628,19,382726.7547200001,20143.513406315793,0.05263157894736842,4.473684210526316,15,39.0,Silver,0
4629,2,2656.3158900000003,1328.1579450000002,0.0,3.5,243,49.0,Silver,0
4630,2,8289.52746,4144.76373,0.0,3.5,17,36.0,Standard,0
4631,3,7332.74618,2444.2487266666667,0.0,2.0,5,28.0,Standard,1
4632,1,627.0513000000001,627.0513000000001,0.0,4.0,169,29.0,Silver,1
4633,21,647771.36207,30846.25533666667,0.0,2.5714285714285716,22,34.0,Premium,0
4634,5,13355.281350000001,2671.05627,0.0,3.0,40,20.0,Gold,0
4635,21,260623.40648,12410.638403809524,0.0,3.7142857142857144,19,23.0,Gold,0
4638,2,3616.0276499999995,1808.0138249999998,0.0,5.0,2,24.0,Standard,0
4639,2,14667.980819999999,7333.990409999999,0.0,4.0,239,24.0,Standard,0
4640,33,241246.37835,7310.496313636364,0.09090909090909091,3.8181818181818183,51,28.0,Gold,0
4642,33,315364.5235,9556.500712121213,0.15151515151515152,4.2727272727272725,47,18.0,Standard,0
4643,30,168623.51041,5620.783680333333,0.06666666666666667,3.7333333333333334,0,23.0,Silver,0
4645,3,7409.866599999999,2469.9555333333333,0.0,4.333333333333333,51,34.0,Standard,1
4646,3,8256.50575,2752.1685833333336,0.3333333333333333,2.6666666666666665,28,31.0,Standard,1
4647,2,13578.29742,6789.14871,0.0,4.5,900,45.0,Silver,1
4648,4,17852.48164,4463.12041,0.0,3.25,53,18.0,Premium,0
4649,2,72346.85600999999,36173.428004999994,0.0,2.5,27,28.0,Standard,1
4650,3,103235.80665000001,34411.93555,0.0,4.333333333333333,246,31.0,Gold,1
4651,3,2440.80936,813.6031200000001,0.0,3.6666666666666665,77,32.0,Silver,0
4652,39,632817.4808499999,16226.089252564101,0.15384615384615385,3.3076923076923075,27,27.0,Gold,0
4653,3,13154.328860000001,4384.776286666667,0.0,4.666666666666667,86,34.0,Standard,1
4654,16,104814.23133,6550.889458125,0.1875,3.3125,0,35.0,Standard,0
4655,10,106290.19024,10629.019024,0.1,3.7,121,41.0,Standard,1
4656,44,541668.26537,12310.642394772729,0.045454545454545456,3.090909090909091,4,30.0,Silver,0
4657,9,13950.523809999999,1550.058201111111,0.0,5.333333333333333,11,31.0,Standard,0
4658,1,1921.0594899999999,1921.0594899999999,0.0,3.0,555,36.0,Gold,1
4659,3,19126.77534,6375.59178,0.0,2.6666666666666665,52,26.0,Silver,1
4660,45,891297.7718300001,19806.61715177778,0.022222222222222223,3.1777777777777776,5,18.0,Silver,0
4661,27,676521.20813,25056.341041851854,0.037037037037037035,3.4074074074074074,1,34.0,Standard,0
4662,22,311463.18476,14157.417489090907,0.09090909090909091,3.0,8,25.0,Standard,0
4663,4,104053.87138999999,26013.467847499996,0.0,4.25,648,33.0,Silver,1
4664,32,216786.3657,6774.573928125,0.03125,3.34375,7,35.0,Standard,0
4665,31,402586.54886,12986.662866451612,0.0967741935483871,3.3870967741935485,0,34.0,Standard,0
4666,17,84930.66996,4995.921762352941,0.058823529411764705,3.411764705882353,8,49.0,Standard,0
4667,1,6639.4706400000005,6639.4706400000005,0.0,4.0,30,33.0,Standard,1
4670,5,49934.418770000004,9986.883754,0.0,2.8,36,40.0,Standard,0
4672,2,2982.80663,1491.403315,0.0,5.5,9,44.0,Standard,1
4674,2,6734.766519999999,3367.3832599999996,0.0,3.0,95,48.0,Standard,1
4675,3,8948.98705,2982.995683333333,0.0,1.3333333333333333,559,21.0,Standard,1
4676,2,50781.37961,25390.689805,0.5,4.0,35,47.0,Silver,1
4677,1,2035.4292,2035.4292,0.0,3.0,540,19.0,Silver,1
4679,3,20072.86388,6690.954626666667,0.3333333333333333,3.0,174,18.0,Standard,1
4680,2,2657.2964899999997,1328.6482449999999,0.0,3.0,33,32.0,Silver,1
4681,11,93667.86106,8515.260096363636,0.0,3.1818181818181817,221,46.0,Standard,0
4682,4,45628.16258999999,11407.040647499998,0.0,3.75,15,20.0,Standard,1
4683,1,2786.9371,2786.9371,0.0,5.0,22,29.0,Silver,1
4684,32,384784.53947,12024.5168584375,0.09375,4.40625,1,28.0,Gold,0
4685,19,120672.86072,6351.203195789473,0.15789473684210525,3.9473684210526314,31,37.0,Standard,0
4687,20,248989.60367,12449.4801835,0.05,3.05,95,23.0,Silver,0
4688,20,260399.5259,13019.976295,0.05,3.8,8,30.0,Standard,0
4690,10,71966.22643,7196.622643,0.0,3.8,62,22.0,Standard,0
4691,2,14349.083999999999,7174.5419999999995,0.0,3.5,519,27.0,Standard,1
4692,15,172091.01919,11472.734612666665,0.0,4.466666666666667,9,29.0,Standard,0
4693,2,7601.631409999999,3800.8157049999995,0.0,4.5,86,30.0,Silver,1
4694,1,4191.19014,4191.19014,0.0,4.0,103,19.0,Standard,0
4695,17,296514.33782,17442.019871764707,0.058823529411764705,2.6470588235294117,5,18.0,Standard,0
4697,7,242440.74119,34634.39159857143,0.0,4.571428571428571,47,32.0,Standard,0
4698,2,5681.75664,2840.87832,0.0,2.5,23,34.0,Gold,1
4699,6,114287.70615,19047.951025,0.0,2.0,24,27.0,Gold,0
4701,3,119576.33403000001,39858.77801,0.0,4.0,88,36.0,Standard,1
4702,4,24285.732509999998,6071.4331274999995,0.25,2.75,41,33.0,Standard,0
4703,2,7900.102500000001,3950.0512500000004,0.0,5.0,143,45.0,Standard,1
4704,6,31676.254220000003,5279.375703333334,0.0,2.1666666666666665,173,42.0,Standard,0
4706,1,3576.5847599999997,3576.5847599999997,0.0,8.0,222,18.0,Silver,1
4707,18,612334.23488,34018.568604444445,0.16666666666666666,3.388888888888889,10,25.0,Standard,0
4708,1,2792.7855999999997,2792.7855999999997,0.0,6.0,209,25.0,Standard,1
4709,2,10472.53318,5236.26659,0.5,4.0,38,43.0,Standard,1
4710,5,30055.60191,6011.120382,0.0,3.6,102,28.0,Gold,0
4711,1,3134.32523,3134.32523,0.0,3.0,165,18.0,Standard,1
4712,1,20932.82316,20932.82316,0.0,4.0,309,27.0,Standard,0
4714,4,78489.59763,19622.3994075,0.0,3.5,14,39.0,Standard,1
4715,3,5839.48376,1946.4945866666667,0.3333333333333333,4.0,100,35.0,Standard,1
4718,2,2922.3160799999996,1461.1580399999998,0.0,4.5,10,27.0,Premium,0
4720,1,8539.83354,8539.83354,1.0,3.0,37,31.0,Standard,0
4721,10,135320.08677999998,13532.008677999998,0.2,3.3,12,26.0,Standard,0
4722,28,331724.0465,11847.287375,0.14285714285714285,2.5,5,18.0,Premium,0
4723,4,108725.37954999998,27181.344887499996,0.0,3.5,130,22.0,Gold,0
4724,1,4829.4411,4829.4411,0.0,3.0,22,22.0,Gold,0
4726,10,48128.179449999996,4812.817945,0.1,3.5,1,24.0,Gold,0
4728,4,17277.94605,4319.4865125,0.0,5.75,205,43.0,Standard,0
4729,1,3418.00424,3418.00424,0.0,1.0,395,39.0,Silver,1
4730,3,8978.36826,2992.7894199999996,0.3333333333333333,3.3333333333333335,17,19.0,Standard,0
4732,2,19247.858809999998,9623.929404999999,0.0,3.0,130,39.0,Standard,0
4734,4,113220.24865000001,28305.062162500002,0.0,2.5,65,34.0,Gold,1
4735,6,16344.72258,2724.12043,0.0,5.0,8,25.0,Silver,0
4736,13,233284.46184,17944.958603076924,0.0,2.923076923076923,149,27.0,Silver,0
4737,3,3079.9198699999997,1026.6399566666666,0.0,2.3333333333333335,402,41.0,Silver,0
4738,1,354.1873,354.1873,0.0,5.0,1,26.0,Premium,0
4739,4,16134.01677,4033.5041925,0.0,3.25,178,26.0,Gold,0
4740,9,160185.97102,17798.441224444443,0.1111111111111111,3.111111111111111,7,18.0,Standard,0
4741,3,180935.54936000003,60311.84978666668,0.3333333333333333,3.6666666666666665,109,18.0,Standard,1
4742,31,886268.64116,28589.31100516129,0.0,4.225806451612903,13,33.0,Gold,0
4743,1,71.06266,71.06266,0.0,4.0,1,28.0,Premium,0
4744,15,300709.80424,20047.320282666667,0.0,4.0,3,42.0,Premium,0
4745,37,465591.44740999996,12583.552632702702,0.05405405405405406,3.2432432432432434,1,29.0,Standard,0
4746,4,12423.229060000001,3105.8072650000004,0.0,3.5,15,31.0,Standard,0
4747,3,109998.37137000001,36666.123790000005,0.0,4.666666666666667,57,49.0,Standard,0
4748,2,4544.82901,2272.414505,0.0,2.5,335,44.0,Standard,0
4749,3,57487.770110000005,19162.59003666667,0.0,4.333333333333333,433,42.0,Gold,1
4750,20,70064.18038,3503.2090190000004,0.05,4.3,15,18.0,Standard,0
4751,1,1552.68684,1552.68684,0.0,4.0,22,22.0,Gold,0
4752,1,499.7419499999999,499.7419499999999,0.0,5.0,70,29.0,Standard,0
4753,5,16775.03783,3355.007566,0.0,3.8,143,25.0,Gold,0
4754,1,2074.8055999999997,2074.8055999999997,0.0,8.0,180,46.0,Standard,0
4755,3,399073.31983000005,133024.43994333336,0.0,2.0,699,37.0,Silver,1
4758,6,123163.54976000001,20527.258293333336,0.16666666666666666,3.8333333333333335,148,18.0,Standard,0
4759,5,11251.422990000001,2250.284598,0.2,3.8,15,23.0,Silver,1
4760,1,6584.26626,6584.26626,0.0,5.0,919,18.0,Gold,1
4761,14,35895.26576,2563.9475542857144,0.0,4.857142857142857,77,22.0,Standard,0
4762,2,14961.21274,7480.60637,0.0,4.0,205,22.0,Standard,1
4763,2,9626.89036,4813.44518,0.0,5.0,150,31.0,Silver,1
4764,1,7175.085050000001,7175.085050000001,0.0,4.0,49,33.0,Standard,1
4765,6,116882.5862,19480.431033333334,0.0,3.3333333333333335,16,31.0,Standard,1
4766,1,5771.094,5771.094,0.0,4.0,51,31.0,Standard,1
4767,1,5177.10285,5177.10285,0.0,3.0,61,30.0,Standard,1
4768,2,8327.88134,4163.94067,0.0,2.0,405,39.0,Standard,1
4769,33,212848.64403,6449.95891,0.12121212121212122,3.0606060606060606,15,34.0,Standard,0
4770,4,7930.47076,1982.61769,0.0,3.75,24,42.0,Standard,1
4771,2,17884.67235,8942.336175,0.0,3.5,181,42.0,Standard,0
4772,1,8577.21919,8577.21919,0.0,5.0,316,30.0,Standard,1
4773,28,286844.62421000004,10244.450864642859,0.14285714285714285,3.9642857142857144,15,45.0,Standard,0
4774,32,473578.84572,14799.33892875,0.09375,3.4375,3,37.0,Standard,0
4775,8,43208.13281,5401.01660125,0.0,2.875,0,24.0,Standard,1
4777,5,79266.85827000001,15853.371654000002,0.2,3.8,247,24.0,Premium,1
4778,13,155104.92568000001,11931.14812923077,0.15384615384615385,3.3846153846153846,25,25.0,Standard,1
4779,10,132654.30444,13265.430444000001,0.0,3.9,35,18.0,Standard,1
4780,2,97970.87709999998,48985.43854999999,0.0,3.5,392,30.0,Standard,0
4782,12,45130.68917,3760.8907641666665,0.0,3.25,36,30.0,Silver,0
4783,3,16123.020010000002,5374.340003333334,0.0,3.6666666666666665,246,37.0,Premium,1
4784,2,125082.05201,62541.026005,0.5,3.0,162,42.0,Silver,1
4785,1,5518.0674500000005,5518.0674500000005,0.0,1.0,692,32.0,Standard,0
4786,29,243678.17276999998,8402.69561275862,0.034482758620689655,3.310344827586207,15,38.0,Silver,0
4787,1,2881.76944,2881.76944,0.0,4.0,9,25.0,Standard,1
4788,5,90425.99369999999,18085.19874,0.0,3.6,35,33.0,Silver,1
4789,2,134970.05696000002,67485.02848000001,0.0,3.0,85,47.0,Standard,1
4790,4,30331.323540000005,7582.830885000001,0.0,4.5,208,37.0,Standard,0
4791,2,16925.19858,8462.59929,0.0,3.0,0,36.0,Silver,0
4793,11,77667.64479,7060.694980909091,0.09090909090909091,3.272727272727273,4,24.0,Standard,0
4794,4,15800.42771,3950.1069275,0.0,2.5,261,20.0,Standard,1
4795,23,94796.01663,4121.5659404347825,0.08695652173913043,4.869565217391305,132,57.0,Standard,0
4796,8,141616.6875,17702.0859375,0.125,3.125,206,42.0,Standard,0
4797,6,56403.51479,9400.585798333334,0.0,5.0,1,35.0,Gold,0
4798,2,142892.33675999998,71446.16837999999,0.0,4.0,86,30.0,Silver,0
4801,15,350401.24196,23360.082797333333,0.13333333333333333,4.133333333333334,53,27.0,Standard,0
4802,2,7034.9347800000005,3517.4673900000003,0.0,3.0,152,24.0,Gold,1
4804,1,513.73631,513.73631,0.0,5.0,10,45.0,Premium,0
4805,1,69757.588,69757.588,1.0,3.0,1,38.0,Standard,0
4806,7,121801.51715000001,17400.216735714286,0.2857142857142857,4.714285714285714,87,35.0,Standard,1
4807,1,15896.97366,15896.97366,0.0,5.0,338,28.0,Standard,1
4808,1,186.47057999999998,186.47057999999998,0.0,5.0,75,25.0,Gold,1
4810,1,36223.92231,36223.92231,0.0,4.0,844,44.0,Gold,1
4814,3,13002.47622,4334.15874,0.3333333333333333,3.0,14,24.0,Standard,1
4815,5,13465.21019,2693.042038,0.0,2.8,54,27.0,Standard,0
4816,4,194775.04792,48693.76198,0.0,4.75,156,21.0,Standard,1
4817,9,249339.31779,27704.368643333335,0.0,3.4444444444444446,6,18.0,Standard,0
4818,2,16837.62936,8418.81468,0.0,2.5,196,34.0,Standard,0
4819,9,96813.12328,10757.013697777778,0.1111111111111111,4.222222222222222,60,18.0,Premium,1
4821,2,3969.03978,1984.51989,0.0,4.0,44,32.0,Silver,1
4822,7,109685.53318,15669.361882857143,0.14285714285714285,3.4285714285714284,21,34.0,Gold,0
4823,2,29184.86816,14592.43408,0.5,3.0,187,27.0,Standard,1
4824,2,8103.10588,4051.55294,0.0,4.5,51,18.0,Standard,1
4825,12,95928.05445000001,7994.004537500001,0.08333333333333333,3.0833333333333335,21,41.0,Premium,0
4826,4,5914.61701,1478.6542525,0.0,3.0,3,29.0,Gold,0
4827,2,3266.55578,1633.27789,0.0,3.0,14,36.0,Standard,1
4828,3,8796.062880000001,2932.0209600000003,0.0,3.3333333333333335,278,31.0,Standard,1
4829,3,22683.247600000002,7561.082533333334,0.3333333333333333,4.0,215,34.0,Silver,1
4830,29,565841.82768,19511.78716137931,0.06896551724137931,4.137931034482759,1,28.0,Premium,0
4832,2,41161.63719,20580.818595,0.0,1.0,163,19.0,Silver,1
4834,2,33645.376580000004,16822.688290000002,0.0,5.0,4,20.0,Standard,0
4835,7,89522.30032000001,12788.900045714287,0.14285714285714285,3.4285714285714284,78,24.0,Gold,1
4836,3,48091.26249,16030.420830000001,0.0,4.666666666666667,7,42.0,Standard,0
4837,30,574628.43704,19154.281234666665,0.0,3.1666666666666665,0,33.0,Gold,0
4838,1,7826.770370000001,7826.770370000001,0.0,3.0,154,23.0,Standard,0
4839,2,2208.9673599999996,1104.4836799999998,0.0,4.0,119,38.0,Standard,0
4840,3,129705.30798,43235.10266,0.0,3.0,189,40.0,Gold,0
4841,3,27243.22324,9081.074413333334,0.0,5.666666666666667,83,35.0,Silver,1
4842,1,529.49414,529.49414,0.0,4.0,211,42.0,Standard,1
4845,3,18075.01549,6025.005163333334,0.3333333333333333,5.0,57,28.0,Standard,1
4846,1,897.3203200000002,897.3203200000002,0.0,1.0,299,50.0,Standard,1
4847,12,153682.51949,12806.876624166667,0.0,2.8333333333333335,2,29.0,Standard,0
4848,2,10203.29818,5101.64909,0.0,4.0,165,48.0,Standard,1
4849,1,12155.51986,12155.51986,0.0,3.0,25,52.0,Premium,0
4852,1,107.7076,107.7076,0.0,6.0,333,31.0,Standard,1
4853,3,11576.45973,3858.81991,0.3333333333333333,3.3333333333333335,86,26.0,Standard,1
4854,18,286317.08186000003,15906.50454777778,0.0,3.388888888888889,39,31.0,Premium,0
4855,1,13075.517919999998,13075.517919999998,0.0,2.0,8,32.0,Standard,0
4856,10,159593.51616,15959.351616,0.0,2.2,19,18.0,Premium,1
4857,4,84743.05146,21185.762865,0.0,3.0,381,33.0,Gold,0
4859,1,25665.38514,25665.38514,0.0,2.0,295,50.0,Standard,1
4860,2,18084.848680000003,9042.424340000001,0.0,1.5,155,32.0,Standard,1
4861,8,276217.41148,34527.176435,0.25,2.75,5,34.0,Standard,0
4862,8,82927.87758999999,10365.984698749999,0.0,3.75,56,29.0,Standard,0
4864,17,74451.94345,4379.526085294118,0.058823529411764705,3.2941176470588234,90,29.0,Gold,0
4865,2,9322.49342,4661.24671,0.0,4.5,16,37.0,Standard,0
4866,1,783.37839,783.37839,0.0,3.0,648,25.0,Standard,0
4867,43,891589.61174,20734.64213348837,0.06976744186046512,4.093023255813954,11,37.0,Silver,0
4868,2,120431.73720000002,60215.86860000001,0.0,1.5,92,34.0,Standard,0
4869,34,485772.01509,14287.412208529411,0.08823529411764706,3.3529411764705883,30,30.0,Silver,0
4870,5,7560.2995200000005,1512.0599040000002,0.0,3.8,176,27.0,Standard,0
4871,3,11954.59272,3984.8642400000003,0.0,3.6666666666666665,239,21.0,Gold,0
4875,1,118240.19679999999,118240.19679999999,0.0,2.0,90,40.0,Gold,0
4876,1,1295.26615,1295.26615,0.0,4.0,374,35.0,Standard,1
4879,2,5635.48496,2817.74248,0.0,2.0,232,29.0,Gold,1
4881,1,80509.45715,80509.45715,0.0,4.0,48,42.0,Silver,1
4882,1,804.6414000000001,804.6414000000001,0.0,6.0,170,22.0,Silver,1
4883,2,4644.9375,2322.46875,0.0,2.5,212,28.0,Standard,0
4884,41,444446.55426999996,10840.1598602439,0.07317073170731707,3.1219512195121952,9,35.0,Standard,0
4885,5,242474.03808,48494.807616,0.2,3.4,300,27.0,Gold,1
4886,38,381785.95498000004,10046.99881526316,0.13157894736842105,4.7631578947368425,7,33.0,Standard,0
4887,45,501503.33414,11144.518536444444,0.15555555555555556,3.488888888888889,9,48.0,Silver,0
4888,3,17381.82043,5793.940143333333,0.0,3.0,369,30.0,Standard,1
4889,1,31032.715470000003,31032.715470000003,0.0,3.0,83,26.0,Silver,0
4890,4,252220.41146,63055.102865,0.25,4.0,243,18.0,Standard,1
4891,47,552223.13622,11749.428430212765,0.1276595744680851,3.1702127659574466,41,36.0,Standard,0
4892,4,244478.25650999998,61119.564127499994,0.0,4.25,11,31.0,Standard,1
4894,1,1928.1263300000003,1928.1263300000003,0.0,5.0,343,18.0,Silver,0
4895,1,102.79467000000001,102.79467000000001,0.0,4.0,159,35.0,Standard,1
4896,1,1298.00864,1298.00864,0.0,1.0,412,27.0,Silver,1
4897,1,268.59248,268.59248,0.0,1.0,136,27.0,Standard,1
4900,1,9254.65155,9254.65155,0.0,4.0,353,21.0,Silver,1
4901,2,18865.14914,9432.57457,0.0,3.5,537,31.0,Standard,1
4902,2,6270.34302,3135.17151,0.0,2.5,261,27.0,Standard,1
4903,1,690.9480000000001,690.9480000000001,0.0,5.0,27,41.0,Standard,0
4904,1,1417.45319,1417.45319,0.0,1.0,7,32.0,Standard,1
4906,2,2252.0278799999996,1126.0139399999998,0.0,4.0,6,40.0,Standard,0
4907,3,65088.71957,21696.239856666667,0.3333333333333333,4.0,4,30.0,Standard,1
4908,8,308392.37906,38549.0473825,0.0,3.875,97,30.0,Standard,1
4909,1,3299.8843400000005,3299.8843400000005,0.0,4.0,593,25.0,Standard,0
4910,1,63984.530960000004,63984.530960000004,0.0,3.0,263,39.0,Gold,0
4911,2,136190.25768,68095.12884,0.0,3.5,833,42.0,Standard,1
4913,2,28792.234360000002,14396.117180000001,0.0,2.0,316,30.0,Silver,1
4914,17,367877.50044000003,21639.852967058825,0.11764705882352941,3.5294117647058822,1,24.0,Silver,0
4915,5,210193.64299,42038.728598,0.0,3.0,6,34.0,Standard,0
4916,37,624511.6036,16878.69198918919,0.02702702702702703,4.162162162162162,22,23.0,Standard,0
4917,12,152145.12802,12678.760668333334,0.0,4.083333333333333,19,28.0,Standard,0
4918,4,26574.78037,6643.6950925,0.0,2.5,110,20.0,Standard,1
4919,2,19796.958450000002,9898.479225000001,0.0,4.5,105,35.0,Standard,1
4920,1,9888.87444,9888.87444,0.0,2.0,45,35.0,Silver,1
4921,1,1460.35794,1460.35794,0.0,6.0,713,30.0,Silver,1
4924,3,12466.84209,4155.61403,0.0,3.3333333333333335,141,43.0,Standard,1
4925,2,6640.77031,3320.385155,0.0,5.0,142,31.0,Standard,0
4926,2,11307.66217,5653.831085,0.0,3.0,249,35.0,Silver,1
4927,2,2428.0053000000003,1214.0026500000001,0.5,2.0,97,32.0,Silver,1
4930,4,9514.06286,2378.515715,0.25,4.0,90,32.0,Silver,1
4931,20,384979.96113,19248.9980565,0.0,3.4,23,24.0,Standard,0
4932,2,39831.19768,19915.59884,0.0,3.0,644,45.0,Standard,1
4933,36,329098.70045,9141.630568055556,0.1111111111111111,3.2777777777777777,9,31.0,Standard,0
4934,9,149042.15674,16560.239637777777,0.0,3.6666666666666665,210,19.0,Standard,0
4935,6,383563.24396999995,63927.20732833332,0.16666666666666666,3.8333333333333335,122,43.0,Gold,1
4936,2,2618.0924800000003,1309.0462400000001,0.0,4.0,171,33.0,Standard,0
4937,25,143939.08873,5757.563549199999,0.0,3.2,60,40.0,Standard,0
4939,26,727180.44817,27968.478775769232,0.038461538461538464,2.8076923076923075,8,30.0,Silver,0
4940,5,100120.56424,20024.112848,0.0,3.8,49,27.0,Standard,0
4941,25,828538.0159700001,33141.5206388,0.04,4.44,21,27.0,Gold,0
4943,2,47349.25576,23674.62788,0.0,2.5,127,23.0,Silver,1
4945,3,21912.00232,7304.000773333333,0.0,2.6666666666666665,91,41.0,Standard,1
4946,6,24390.35423,4065.0590383333333,0.0,3.1666666666666665,16,27.0,Premium,0
4947,1,1181.11729,1181.11729,0.0,5.0,146,26.0,Silver,1
4949,1,2551.4097199999997,2551.4097199999997,0.0,1.0,98,28.0,Standard,1
4950,1,3595.1260100000004,3595.1260100000004,0.0,2.0,44,24.0,Standard,1
4952,1,487.242,487.242,0.0,4.0,292,39.0,Standard,1
4953,1,1180.69292,1180.69292,0.0,4.0,734,35.0,Silver,1
4954,4,220232.14799,55058.0369975,0.0,3.25,105,20.0,Silver,1
4955,2,14709.176150000001,7354.588075000001,0.0,4.5,19,24.0,Silver,1
4957,1,475.97450000000003,475.97450000000003,0.0,3.0,322,23.0,Premium,1
4958,37,684640.7789299999,18503.804835945943,0.05405405405405406,3.27027027027027,19,29.0,Standard,0
4960,4,16794.56246,4198.640615,0.0,3.0,20,20.0,Gold,0
4961,4,118364.89438,29591.223595,0.0,3.75,3,30.0,Standard,0
4963,3,103146.08389,34382.027963333334,0.0,4.666666666666667,296,44.0,Standard,1
4964,2,13396.75155,6698.375775,0.0,4.0,32,44.0,Standard,1
4965,11,268006.54729,24364.23157181818,0.09090909090909091,4.545454545454546,38,21.0,Silver,0
4966,12,74717.80767,6226.483972499999,0.0,4.833333333333333,134,18.0,Gold,0
4967,31,309832.55251,9994.598468064516,0.06451612903225806,3.129032258064516,13,29.0,Standard,0
4969,1,1974.42672,1974.42672,0.0,2.0,459,18.0,Standard,1
4971,1,5625.773099999999,5625.773099999999,0.0,4.0,40,18.0,Gold,1
4973,43,406741.00176,9459.093064186047,0.09302325581395349,4.186046511627907,38,25.0,Standard,0
4974,2,24683.195419999996,12341.597709999998,0.0,3.0,410,29.0,Standard,1
4975,3,123259.00236,41086.33412,0.0,5.666666666666667,86,36.0,Silver,0
4976,39,481734.71983,12352.172303333335,0.07692307692307693,3.358974358974359,6,18.0,Gold,0
4978,4,7303.2235,1825.805875,0.0,4.75,41,23.0,Gold,0
4979,1,2115.06756,2115.06756,0.0,5.0,389,28.0,Standard,1
4981,7,14073.34586,2010.47798,0.0,3.0,132,37.0,Gold,1
4982,2,12567.35015,6283.675075,0.0,5.0,129,23.0,Standard,0
4983,2,3437.73095,1718.865475,0.0,4.5,93,33.0,Standard,0
4984,6,23995.81007,3999.3016783333333,0.16666666666666666,3.0,19,46.0,Premium,0
4985,27,672379.6931,24902.951596296298,0.1111111111111111,3.037037037037037,9,32.0,Gold,0
4986,1,315949.68134999997,315949.68134999997,0.0,4.0,393,32.0,Silver,0
4987,9,76174.32453000001,8463.813836666668,0.1111111111111111,3.4444444444444446,48,31.0,Standard,0
4988,33,465418.80228,14103.60006909091,0.06060606060606061,2.9696969696969697,24,32.0,Silver,0
4989,12,79022.29147,6585.190955833333,0.08333333333333333,2.5833333333333335,29,33.0,Gold,0
4991,1,1592.2853099999998,1592.2853099999998,0.0,5.0,249,33.0,Standard,1
4992,13,229946.34611,17688.18047,0.07692307692307693,3.4615384615384617,22,18.0,Standard,1
4994,19,173336.63101,9122.980579473684,0.0,3.5789473684210527,34,63.0,Standard,0
4995,2,8829.06637,4414.533185,0.0,4.0,43,26.0,Silver,1
4996,4,86263.51652,21565.87913,0.0,3.5,2,33.0,Silver,0
4997,4,53843.53905,13460.8847625,0.0,2.25,18,38.0,Silver,0
4998,2,5835.84966,2917.92483,0.0,1.5,160,39.0,Gold,1
5000,4,26480.89497,6620.2237425,0.0,3.5,170,23.0,Premium,1
5001,17,197398.94863,11611.702860588235,0.0,3.3529411764705883,57,18.0,Standard,0
5003,4,35972.27134000001,8993.067835000002,0.0,4.75,60,36.0,Silver,0
5004,2,9578.169559999998,4789.084779999999,0.0,3.5,114,33.0,Standard,0
5006,2,23344.775840000002,11672.387920000001,0.0,5.0,468,39.0,Gold,1
5008,6,128553.14972999999,21425.524954999997,0.0,4.166666666666667,178,36.0,Standard,0
5009,27,610976.37248,22628.754536296296,0.037037037037037035,3.2222222222222223,11,40.0,Standard,0
5010,2,21256.65092,10628.32546,0.0,4.0,273,42.0,Standard,1
5011,3,66661.9894,22220.663133333335,0.0,2.3333333333333335,119,18.0,Standard,0
5012,2,23775.110099999998,11887.555049999999,0.0,5.5,1,30.0,Premium,0
5013,2,8051.33226,4025.66613,0.0,2.0,60,32.0,Silver,0
5014,13,145046.21060000002,11157.400815384617,0.0,3.769230769230769,57,22.0,Silver,0
5015,15,289501.09372,19300.072914666667,0.06666666666666667,5.0,14,27.0,Standard,0
5017,11,78119.83744,7101.803403636364,0.0,4.0,6,36.0,Gold,0
5018,4,101091.92975000001,25272.982437500003,0.25,3.75,180,38.0,Gold,1
5019,4,75138.13097,18784.5327425,0.0,4.25,5,32.0,Standard,0
5020,1,587.95442,587.95442,0.0,2.0,0,42.0,Standard,1
5021,1,9801.231479999999,9801.231479999999,0.0,2.0,19,25.0,Gold,1
5022,1,3570.37362,3570.37362,0.0,4.0,504,27.0,Standard,1
5023,1,112116.47903999999,112116.47903999999,0.0,1.0,609,44.0,Standard,1
5026,8,70587.1006,8823.387575,0.0,3.5,17,52.0,Silver,0
5028,4,61926.214159999996,15481.553539999999,0.0,3.25,125,32.0,Standard,0
5030,1,120111.2094,120111.2094,0.0,3.0,9,25.0,Premium,0
5031,1,5373.33306,5373.33306,0.0,1.0,184,34.0,Standard,1
5032,3,5001.51838,1667.1727933333334,0.0,2.0,18,36.0,Gold,1
5033,2,264.31224,132.15612,0.0,2.5,88,45.0,Standard,1
5034,1,1467.96936,1467.96936,0.0,3.0,59,23.0,Standard,0
5035,2,2427.9637700000003,1213.9818850000001,0.0,4.5,1,22.0,Gold,1
5036,33,728497.53036,22075.68273818182,0.0,2.9393939393939394,0,30.0,Standard,0
5037,1,14920.48332,14920.48332,0.0,5.0,643,31.0,Gold,1
5038,2,6834.36273,3417.181365,0.0,3.0,368,40.0,Standard,1
5039,4,412124.80762000004,103031.20190500001,0.0,4.5,309,18.0,Standard,1
5040,1,35448.255750000004,35448.255750000004,0.0,5.0,124,35.0,Standard,0
5041,2,35018.06313,17509.031565,0.0,2.5,606,27.0,Silver,1
5042,1,17708.63374,17708.63374,0.0,8.0,232,33.0,Standard,0
5043,2,11226.25185,5613.125925,0.0,4.0,293,25.0,Standard,1
5044,16,40961.42734,2560.08920875,0.125,3.875,20,35.0,Gold,0
5045,30,373063.26011000003,12435.442003666667,0.0,2.933333333333333,7,21.0,Standard,0
5046,2,170962.53364999997,85481.26682499998,0.0,4.5,3,36.0,Standard,1
5047,6,59516.25334,9919.375556666668,0.16666666666666666,3.3333333333333335,12,44.0,Silver,0
5048,2,24981.71879,12490.859395,0.0,5.0,54,29.0,Standard,0
5050,2,35242.16228,17621.08114,0.0,2.5,50,24.0,Silver,0
5051,1,587.4606399999999,587.4606399999999,0.0,5.0,231,20.0,Standard,1
5052,1,2319.0371499999997,2319.0371499999997,0.0,5.0,300,26.0,Gold,1
5053,10,89962.02918000001,8996.202918,0.1,3.1,73,42.0,Gold,1
5054,7,180801.10993,25828.72999,0.14285714285714285,2.5714285714285716,7,25.0,Gold,0
5055,3,10240.49886,3413.49962,0.0,1.6666666666666667,8,40.0,Silver,1
5057,6,19358.856649999998,3226.476108333333,0.3333333333333333,2.1666666666666665,23,55.0,Standard,0
5058,2,4780.843760000001,2390.4218800000003,0.0,3.0,19,42.0,Standard,1
5059,24,330514.83798,13771.4515825,0.041666666666666664,3.125,3,33.0,Gold,0
5060,7,18553.35833,2650.4797614285712,0.0,2.7142857142857144,198,35.0,Premium,0
5061,37,801600.05499,21664.86635108108,0.08108108108108109,4.378378378378378,20,18.0,Standard,0
5062,13,149294.68736,11484.20672,0.07692307692307693,3.8461538461538463,0,26.0,Standard,0
5063,2,13988.612589999999,6994.306294999999,0.0,5.5,636,18.0,Standard,0
5064,6,44664.04983,7444.008305,0.0,2.6666666666666665,208,35.0,Standard,1
5065,1,2234.8911399999997,2234.8911399999997,0.0,4.0,426,45.0,Standard,1
5066,2,6872.194460000001,3436.0972300000003,0.0,2.5,18,34.0,Silver,0
5068,43,839236.65015,19517.13139883721,0.023255813953488372,2.883720930232558,45,29.0,Premium,1
5069,13,48169.03503,3705.3103869230767,0.07692307692307693,3.230769230769231,0,26.0,Standard,0
5070,1,238.39294999999998,238.39294999999998,0.0,3.0,173,43.0,Standard,0
5071,4,20899.822480000003,5224.955620000001,0.25,3.75,424,34.0,Standard,1
5072,32,376894.36552000005,11777.948922500002,0.03125,2.875,28,31.0,Gold,0
5073,1,125878.7822,125878.7822,0.0,1.0,76,49.0,Silver,0
5074,2,2900.61545,1450.307725,0.0,4.5,117,43.0,Standard,1
5075,2,14557.260970000001,7278.630485000001,0.0,5.0,43,26.0,Silver,0
5076,1,2507.8273599999998,2507.8273599999998,0.0,2.0,686,31.0,Standard,0
5077,17,135720.21652,7983.542148235293,0.0,3.3529411764705883,76,23.0,Standard,0
5079,1,7802.63575,7802.63575,0.0,5.0,72,23.0,Premium,0
5080,4,215199.40917,53799.8522925,0.0,3.75,7,32.0,Silver,1
5081,10,48657.78861,4865.778861000001,0.1,3.4,135,29.0,Standard,0
5082,3,9092.862959999999,3030.9543199999994,0.0,3.3333333333333335,23,27.0,Standard,0
5083,2,673.23992,336.61996,0.0,4.5,320,21.0,Silver,0
5084,2,109878.24936,54939.12468,0.0,3.0,682,18.0,Standard,1
5085,2,65218.479880000006,32609.239940000003,0.0,5.5,200,18.0,Standard,1
5087,3,32997.72357,10999.24119,0.0,4.0,117,26.0,Standard,1
5088,5,38922.182499999995,7784.436499999999,0.0,2.6,72,32.0,Standard,1
5089,3,12660.359830000001,4220.119943333334,0.0,2.6666666666666665,21,32.0,Silver,1
5090,1,1079.54964,1079.54964,0.0,5.0,891,47.0,Gold,0
5091,11,573056.41972,52096.03815636364,0.0,2.8181818181818183,85,31.0,Standard,0
5092,3,21654.025,7218.008333333334,0.0,2.6666666666666665,99,33.0,Silver,0
5093,2,6420.353639999999,3210.1768199999997,0.0,3.5,45,30.0,Silver,0
5094,1,1355.283,1355.283,0.0,4.0,106,22.0,Standard,1
5095,4,569139.5671900001,142284.89179750002,0.0,3.0,113,38.0,Standard,0
5096,6,29666.951100000002,4944.49185,0.16666666666666666,3.8333333333333335,271,32.0,Silver,0
5097,1,108884.1735,108884.1735,0.0,6.0,410,34.0,Standard,0
5099,1,19101.69,19101.69,0.0,4.0,310,35.0,Silver,1
5100,2,8983.287919999999,4491.643959999999,0.0,2.5,203,27.0,Standard,0
5102,15,60860.290310000004,4057.3526873333335,0.0,3.6666666666666665,59,42.0,Standard,0
5103,23,312072.69931,13568.378230869565,0.043478260869565216,3.0434782608695654,38,31.0,Standard,0
5104,1,12377.601600000002,12377.601600000002,0.0,4.0,30,32.0,Standard,1
5105,2,509.2989,254.64945,0.0,5.0,194,29.0,Standard,1
5106,5,21800.48238,4360.096476000001,0.0,3.4,3,30.0,Gold,0
5107,1,103.56444,103.56444,0.0,3.0,9,40.0,Standard,1
5109,1,4827.25336,4827.25336,0.0,3.0,354,35.0,Silver,1
5110,2,1674.33144,837.16572,0.0,4.0,47,36.0,Standard,0
5111,1,4278.28122,4278.28122,0.0,7.0,447,37.0,Silver,1
5112,1,964.9483799999999,964.9483799999999,0.0,1.0,32,48.0,Standard,0
5113,1,25023.075999999997,25023.075999999997,0.0,3.0,395,41.0,Standard,1
5114,2,4068.81276,2034.40638,0.0,4.0,208,40.0,Silver,1
5115,5,174018.81743,34803.763485999996,0.4,4.4,126,30.0,Gold,1
5116,1,1225.8310900000001,1225.8310900000001,0.0,5.0,275,35.0,Silver,1
5117,1,3556.45752,3556.45752,0.0,1.0,176,29.0,Premium,1
5118,4,22350.997930000005,5587.749482500001,0.25,3.0,64,33.0,Standard,1
5119,6,15719.64029,2619.9400483333334,0.16666666666666666,5.0,87,18.0,Gold,0
5120,3,16609.890320000002,5536.630106666667,0.0,3.0,199,38.0,Silver,1
5121,1,1594.6348,1594.6348,1.0,2.0,133,19.0,Standard,1
5122,2,22793.01522,11396.50761,0.0,5.5,405,18.0,Silver,1
5123,2,7786.902719999999,3893.4513599999996,0.0,2.5,13,42.0,Standard,0
5124,2,1270.9153,635.45765,0.0,3.0,16,25.0,Standard,1
5125,1,13667.193600000002,13667.193600000002,0.0,3.0,296,32.0,Premium,1
5126,5,18575.605929999998,3715.1211859999994,0.2,2.4,62,38.0,Standard,1
5127,1,1398.8664,1398.8664,0.0,2.0,563,43.0,Premium,1
5128,2,23186.219859999997,11593.109929999999,0.0,4.5,2,33.0,Standard,0
5131,1,552.34374,552.34374,0.0,3.0,3,46.0,Premium,0
5132,2,6915.139350000001,3457.5696750000006,0.5,3.0,27,38.0,Standard,1
5133,1,6125.09415,6125.09415,0.0,3.0,229,45.0,Silver,1
5135,13,190597.09192,14661.314763076924,0.0,4.538461538461538,1,29.0,Silver,0
5136,12,131948.9971,10995.749758333333,0.0,3.5833333333333335,57,31.0,Gold,0
5137,3,107325.82513000003,35775.27504333334,0.0,4.0,29,21.0,Standard,1
5138,2,20740.402499999997,10370.201249999998,0.0,5.0,103,52.0,Standard,1
5139,15,83565.74171,5571.049447333334,0.0,4.2,0,26.0,Standard,0
5140,2,1144.12316,572.06158,0.0,4.5,117,23.0,Standard,1
5143,1,11973.0438,11973.0438,0.0,4.0,151,22.0,Standard,1
5145,1,531.4578,531.4578,0.0,4.0,39,36.0,Silver,0
5146,11,122975.38856,11179.580778181818,0.09090909090909091,4.818181818181818,4,27.0,Standard,0
5147,1,6111.87714,6111.87714,0.0,4.0,302,28.0,Standard,0
5148,43,486307.5815,11309.478639534884,0.06976744186046512,3.5813953488372094,0,33.0,Standard,0
5149,12,45656.77518,3804.731265,0.0,4.666666666666667,110,27.0,Standard,1
5150,24,677006.5606800001,28208.606695000006,0.08333333333333333,4.375,41,21.0,Premium,0
5152,4,11022.38547,2755.5963675,0.25,3.75,80,30.0,Silver,0
5153,11,125059.17193999999,11369.015630909089,0.09090909090909091,4.2727272727272725,38,30.0,Standard,1
5154,3,2870.6546999999996,956.8848999999999,0.0,2.6666666666666665,39,29.0,Standard,1
5155,1,3372.07212,3372.07212,0.0,5.0,310,18.0,Standard,1
5156,6,23152.84996,3858.8083266666667,0.16666666666666666,3.3333333333333335,24,31.0,Gold,1
5157,5,42326.948990000004,8465.389798,0.0,4.2,20,23.0,Premium,0
5160,3,27943.427340000002,9314.47578,0.0,4.666666666666667,6,24.0,Standard,0
5161,20,87507.11115,4375.3555575,0.0,3.95,3,26.0,Standard,0
5162,1,131856.60516,131856.60516,0.0,2.0,491,55.0,Standard,1
5163,17,262357.99856,15432.82344470588,0.0,3.176470588235294,3,20.0,Standard,0
5164,4,31457.249200000002,7864.3123000000005,0.0,3.5,107,28.0,Standard,1
5165,1,2684.3620800000003,2684.3620800000003,0.0,4.0,103,18.0,Gold,1
5168,5,14739.12327,2947.824654,0.0,3.2,77,34.0,Silver,1
5170,4,173021.06527,43255.2663175,0.0,4.0,0,25.0,Standard,1
5171,2,9709.42425,4854.712125,0.0,4.5,940,27.0,Standard,1
5172,1,1243.96389,1243.96389,0.0,3.0,43,29.0,Standard,0
5173,9,42160.19147,4684.465718888889,0.0,2.5555555555555554,28,36.0,Standard,0
5174,1,4790.41572,4790.41572,0.0,2.0,86,18.0,Silver,0
5175,6,72292.91242,12048.818736666666,0.0,3.6666666666666665,2,38.0,Standard,0
5176,8,190111.96622,23763.9957775,0.0,3.375,140,39.0,Silver,1
5177,4,68934.63829,17233.6595725,0.0,4.0,73,35.0,Standard,0
5178,19,152512.58041999998,8026.977916842105,0.15789473684210525,3.1578947368421053,15,34.0,Standard,0
5179,1,2757.98055,2757.98055,0.0,3.0,34,38.0,Silver,1
5182,10,161784.31453,16178.431453000001,0.0,4.2,5,37.0,Standard,0
5183,2,91350.28756,45675.14378,0.0,4.0,121,32.0,Standard,1
5184,41,674191.84763,16443.703600731707,0.0975609756097561,4.902439024390244,34,26.0,Standard,0
5185,9,235062.36246,26118.040273333332,0.0,3.0,64,36.0,Standard,0
5186,1,3157.37433,3157.37433,0.0,3.0,170,34.0,Standard,1
5187,8,74682.90426000001,9335.363032500001,0.0,2.875,27,28.0,Gold,0
5188,1,4444.31916,4444.31916,0.0,3.0,290,42.0,Gold,1
5190,7,34720.646120000005,4960.092302857143,0.0,3.2857142857142856,206,36.0,Standard,1
5191,4,48561.763020000006,12140.440755000001,0.25,3.75,76,42.0,Gold,0
5193,5,43974.04019,8794.808038,0.0,3.8,14,30.0,Standard,0
5196,39,996756.10898,25557.84894820513,0.05128205128205128,3.3076923076923075,1,37.0,Standard,0
5197,2,253486.87732,126743.43866,0.0,2.5,228,23.0,Standard,1
5198,1,7352.16,7352.16,0.0,6.0,131,48.0,Standard,0
5199,2,65651.40046,32825.70023,0.0,2.5,10,48.0,Standard,0
5200,10,64611.03137,6461.103137,0.1,3.1,10,23.0,Silver,0
5201,1,6109.6536,6109.6536,0.0,2.0,13,49.0,Standard,0
5204,5,376143.68768,75228.737536,0.0,3.2,9,39.0,Standard,1
5205,4,198937.35501,49734.3387525,0.25,4.25,177,18.0,Standard,1
5206,8,119723.90508,14965.488135,0.125,3.5,94,26.0,Gold,0
5207,24,137991.11239,5749.629682916667,0.041666666666666664,3.2083333333333335,22,29.0,Premium,0
5208,3,10031.54663,3343.848876666667,0.0,2.3333333333333335,467,22.0,Silver,0
5210,2,7995.6505099999995,3997.8252549999997,0.0,3.0,135,41.0,Standard,1
5212,1,2482.14512,2482.14512,0.0,4.0,471,38.0,Standard,0
5213,16,385033.12242,24064.57015125,0.0625,2.625,0,30.0,Standard,0
5214,6,185133.67020000002,30855.611700000005,0.16666666666666666,3.6666666666666665,260,39.0,Standard,1
5217,2,246399.33222,123199.66611,0.0,2.5,629,21.0,Standard,0
5218,1,6051.2876,6051.2876,0.0,2.0,1372,34.0,Standard,1
5219,6,240411.61396,40068.60232666667,0.0,2.5,48,23.0,Silver,0
5220,3,30059.26499,10019.754996666667,0.0,4.666666666666667,237,31.0,Standard,1
5222,2,7470.86484,3735.43242,0.5,3.0,28,48.0,Standard,1
5223,46,699655.6873,15209.906245652173,0.043478260869565216,3.5217391304347827,5,32.0,Standard,0
5224,3,15388.86645,5129.62215,0.0,1.6666666666666667,143,26.0,Standard,1
5225,3,97911.59143999999,32637.197146666662,0.0,3.6666666666666665,202,29.0,Silver,1
5226,2,8089.58206,4044.79103,0.0,2.5,26,30.0,Gold,0
5227,16,420705.71306999994,26294.107066874996,0.125,4.3125,11,18.0,Gold,1
5228,40,445656.17208,11141.404301999999,0.125,3.25,2,28.0,Silver,0
5229,1,11372.10594,11372.10594,0.0,2.0,79,23.0,Standard,0
5230,3,51507.354739999995,17169.118246666665,0.0,3.0,59,39.0,Silver,0
5231,2,36348.28443,18174.142215,0.0,3.0,207,32.0,Silver,1
5232,38,427725.82859000005,11255.94285763158,0.07894736842105263,4.578947368421052,62,35.0,Standard,0
5233,3,5120.07843,1706.6928099999998,0.0,4.333333333333333,56,30.0,Standard,1
5234,2,4817.54076,2408.77038,0.0,3.0,165,33.0,Silver,0
5235,6,43143.03061,7190.505101666667,0.0,3.8333333333333335,29,21.0,Silver,1
5237,1,7719.487010000001,7719.487010000001,0.0,3.0,68,31.0,Premium,0
5238,3,2934.04427,978.0147566666666,0.0,4.333333333333333,244,28.0,Gold,1
5239,2,15661.851470000001,7830.925735000001,0.5,5.0,121,37.0,Standard,1
5240,2,8991.72821,4495.864105,0.0,5.5,236,27.0,Premium,1
5243,2,3871.0001199999997,1935.5000599999998,0.0,2.5,183,25.0,Standard,1
5244,1,32919.67424,32919.67424,0.0,4.0,270,35.0,Gold,0
5245,1,14977.69734,14977.69734,0.0,4.0,32,27.0,Standard,0
5246,29,250017.07116,8621.27831586207,0.06896551724137931,3.310344827586207,9,38.0,Standard,0
5249,34,494504.04008999997,14544.236473235293,0.058823529411764705,3.5588235294117645,26,36.0,Silver,0
5251,6,31255.596540000002,5209.26609,0.0,4.5,99,28.0,Gold,1
5253,8,55646.193620000005,6955.774202500001,0.0,3.625,7,18.0,Silver,0
5254,2,3488.8807399999996,1744.4403699999998,0.0,5.0,61,20.0,Silver,1
5256,4,4338.43423,1084.6085575,0.25,4.0,173,49.0,Silver,1
5257,1,874.1105799999999,874.1105799999999,0.0,3.0,60,18.0,Standard,1
5258,1,940.43852,940.43852,0.0,2.0,67,27.0,Standard,0
5259,1,5973.661050000001,5973.661050000001,0.0,5.0,6,28.0,Silver,0
5260,9,154056.19117,17117.354574444445,0.1111111111111111,2.5555555555555554,14,48.0,Silver,0
5261,5,15460.64607,3092.129214,0.0,4.2,264,20.0,Standard,1
5262,29,293918.57738000003,10135.123357931036,0.034482758620689655,3.310344827586207,57,41.0,Premium,0
5263,1,122407.84296000001,122407.84296000001,0.0,1.0,67,31.0,Gold,0
5265,1,2378.45472,2378.45472,0.0,3.0,386,34.0,Gold,1
5266,10,334987.34008,33498.734008,0.0,3.5,112,43.0,Standard,0
5269,1,4728.525479999999,4728.525479999999,0.0,6.0,68,23.0,Standard,0
5270,21,521523.00658999995,24834.428885238092,0.047619047619047616,3.238095238095238,51,19.0,Standard,0
5271,1,1478.63648,1478.63648,1.0,4.0,550,41.0,Gold,1
5272,4,4321.14575,1080.2864375,0.0,4.5,254,21.0,Gold,0
5273,1,2990.3341,2990.3341,0.0,2.0,75,44.0,Standard,1
5275,7,11957.602630000001,1708.2289471428574,0.0,2.0,7,37.0,Standard,0
5276,1,56196.652,56196.652,0.0,4.0,199,20.0,Gold,1
5277,6,131151.00296,21858.500493333337,0.0,4.333333333333333,116,24.0,Premium,0
5278,28,232538.39544999998,8304.942694642856,0.07142857142857142,4.142857142857143,0,27.0,Silver,0
5279,1,22630.29174,22630.29174,0.0,5.0,940,37.0,Standard,1
5280,6,174205.44008,29034.240013333332,0.0,3.3333333333333335,114,24.0,Silver,1
5282,1,5062.146720000001,5062.146720000001,0.0,3.0,36,43.0,Silver,0
5283,16,150041.42928999997,9377.589330624998,0.0,3.4375,3,33.0,Standard,0
5284,6,69019.12086,11503.18681,0.0,4.166666666666667,412,27.0,Standard,0
5285,1,110032.61304000001,110032.61304000001,0.0,5.0,164,45.0,Silver,1
5286,25,150282.77240000002,6011.310896000001,0.08,4.16,67,29.0,Gold,0
5287,1,15930.316799999999,15930.316799999999,0.0,3.0,411,29.0,Standard,1
5288,6,96315.50539,16052.584231666668,0.0,5.0,79,37.0,Premium,1
5289,2,6848.9628,3424.4814,0.0,2.5,78,40.0,Standard,0
5290,1,20992.388339999998,20992.388339999998,0.0,4.0,2,18.0,Standard,0
5292,1,471.92748,471.92748,0.0,2.0,169,28.0,Standard,0
5294,5,109698.88701000002,21939.777402000003,0.2,2.8,94,22.0,Standard,1
5295,2,4265.9785600000005,2132.9892800000002,0.0,4.0,713,29.0,Silver,1
5296,2,13954.3506,6977.1753,0.0,2.5,121,20.0,Standard,1
5297,5,174869.42799999999,34973.885599999994,0.0,4.0,124,34.0,Silver,0
5298,1,2599.1793599999996,2599.1793599999996,1.0,2.0,6,38.0,Standard,0
5299,3,5988.6927,1996.2308999999998,0.0,2.0,195,25.0,Silver,1
5300,37,320379.00822,8658.892114054055,0.05405405405405406,4.45945945945946,26,18.0,Silver,0
5301,1,3332.8099199999997,3332.8099199999997,0.0,5.0,439,40.0,Standard,1
5302,2,144401.05316,72200.52658,0.0,5.0,266,38.0,Gold,1
5303,7,167439.34795999998,23919.90685142857,0.0,2.857142857142857,36,29.0,Standard,0
5304,4,74980.27367000001,18745.068417500002,0.0,3.0,71,31.0,Standard,0
5305,2,17972.53066,8986.26533,0.0,4.5,524,39.0,Standard,1
5306,3,135401.55745,45133.85248333333,0.0,4.666666666666667,53,27.0,Silver,1
5307,16,86110.23178,5381.88948625,0.0,3.375,22,28.0,Standard,0
5308,39,294425.69745,7549.376857692308,0.02564102564102564,3.3333333333333335,3,26.0,Premium,0
5309,12,62871.7382,5239.311516666667,0.08333333333333333,2.8333333333333335,3,25.0,Gold,0
5310,3,8311.132599999999,2770.377533333333,0.0,2.3333333333333335,66,45.0,Standard,1
5311,2,3041.06994,1520.53497,0.0,4.0,54,31.0,Gold,0
5314,37,251848.12637,6806.706118108108,0.13513513513513514,3.5135135135135136,12,43.0,Silver,0
5315,1,21164.16808,21164.16808,0.0,4.0,8,31.0,Standard,0
5318,10,35916.297699999996,3591.6297699999996,0.1,3.6,0,36.0,Standard,0
5319,4,86502.49479999999,21625.623699999996,0.0,4.25,72,24.0,Standard,1
5321,1,1283.2819,1283.2819,0.0,5.0,235,33.0,Gold,0
5322,20,103122.98405999999,5156.149202999999,0.05,4.25,29,39.0,Standard,0
5323,1,1706.4808,1706.4808,1.0,1.0,860,46.0,Standard,1
5324,3,125230.57971,41743.52657,0.0,3.6666666666666665,50,35.0,Silver,0
5325,1,68990.14981999999,68990.14981999999,0.0,5.0,50,25.0,Standard,0
5326,7,30827.48774,4403.92682,0.14285714285714285,3.2857142857142856,40,27.0,Standard,0
5327,3,5613.6128,1871.2042666666666,0.0,3.3333333333333335,91,45.0,Gold,0
5328,31,385122.99319999997,12423.322361290322,0.06451612903225806,3.129032258064516,0,33.0,Silver,0
5329,40,356061.07357999997,8901.526839499998,0.075,4.125,16,40.0,Standard,0
5330,8,17566.62201,2195.82775125,0.125,4.125,76,39.0,Premium,1
5333,5,27410.03223,5482.006446,0.0,2.6,5,39.0,Silver,0
5334,1,1355.9788800000001,1355.9788800000001,0.0,6.0,536,37.0,Standard,1
5335,1,4889.0281,4889.0281,0.0,4.0,422,23.0,Gold,1
5336,2,96208.47154,48104.23577,0.0,3.5,81,33.0,Gold,1
5337,39,339302.51849,8700.064576666666,0.02564102564102564,3.0,10,32.0,Standard,0
5338,29,878820.26121,30304.146938275862,0.06896551724137931,4.068965517241379,6,32.0,Standard,0
5339,1,5845.07721,5845.07721,0.0,5.0,14,33.0,Standard,0
5340,2,10042.757060000002,5021.378530000001,0.5,3.0,60,31.0,Gold,1
5341,4,107211.74472000002,26802.936180000004,0.0,2.75,95,21.0,Standard,1
5342,4,37177.728500000005,9294.432125000001,0.0,4.25,130,20.0,Standard,1
5343,1,5903.08896,5903.08896,0.0,2.0,132,32.0,Standard,1
5344,1,29534.997600000002,29534.997600000002,0.0,5.0,10,36.0,Standard,0
5345,12,170632.77763,14219.398135833333,0.0,2.5833333333333335,17,18.0,Standard,0
5346,37,278719.35683999996,7532.95559027027,0.08108108108108109,2.8378378378378377,21,37.0,Standard,0
5347,3,136257.71850999998,45419.23950333332,0.0,3.3333333333333335,77,27.0,Silver,1
5348,48,557906.5628399999,11623.053392499998,0.10416666666666667,3.2083333333333335,25,40.0,Standard,0
5349,27,541670.23619,20061.86059962963,0.1111111111111111,3.4074074074074074,2,28.0,Standard,0
5350,14,218491.62173999997,15606.544409999999,0.07142857142857142,2.857142857142857,17,29.0,Silver,1
5351,22,466328.53953999997,21196.751797272726,0.0,3.6363636363636362,39,20.0,Standard,0
5352,1,1446.54046,1446.54046,0.0,2.0,160,35.0,Silver,0
5353,8,53440.20916,6680.026145,0.0,4.375,1,39.0,Silver,0
5354,1,3411.44288,3411.44288,0.0,2.0,30,21.0,Standard,1
5355,7,299643.0316,42806.14737142857,0.0,2.7142857142857144,2,25.0,Standard,1
5356,1,82271.89432,82271.89432,0.0,2.0,563,38.0,Silver,1
5357,13,307556.82295,23658.21715,0.15384615384615385,3.3846153846153846,1,28.0,Gold,0
5360,9,35210.56398,3912.2848866666664,0.0,2.6666666666666665,41,23.0,Gold,1
5361,2,3881.0273199999997,1940.5136599999998,0.0,3.5,8,18.0,Standard,0
5362,18,266838.64424,14824.369124444444,0.16666666666666666,4.5,131,33.0,Standard,0
5363,3,90878.88464,30292.96154666667,0.0,3.6666666666666665,36,42.0,Standard,1
5364,2,16232.482619999999,8116.241309999999,0.0,2.0,50,38.0,Silver,0
5365,42,798651.14577,19015.503470714284,0.07142857142857142,3.119047619047619,11,27.0,Standard,0
5366,1,18516.83568,18516.83568,0.0,4.0,142,26.0,Silver,1
5367,12,343266.18432,28605.51536,0.0,3.3333333333333335,0,23.0,Premium,0
5369,1,1532.6399999999999,1532.6399999999999,0.0,1.0,301,28.0,Standard,1
5370,4,21355.16013,5338.7900325,0.0,3.5,7,18.0,Standard,0
5371,4,507861.08522,126965.271305,0.0,2.25,37,23.0,Gold,1
5372,3,18172.180999999997,6057.393666666666,0.3333333333333333,2.3333333333333335,7,34.0,Standard,1
5373,9,191671.05784999998,21296.784205555552,0.0,3.7777777777777777,348,18.0,Standard,1
5374,1,13633.545,13633.545,0.0,4.0,258,36.0,Standard,0
5377,48,714219.57057,14879.574386875,0.020833333333333332,3.3541666666666665,5,44.0,Silver,0
5378,1,4484.48805,4484.48805,0.0,5.0,262,35.0,Standard,0
5379,3,2764.3794000000003,921.4598000000001,0.0,2.6666666666666665,181,28.0,Gold,0
5380,2,2861.37608,1430.68804,1.0,5.5,239,24.0,Standard,1
5381,26,675461.3902499999,25979.28424038461,0.11538461538461539,3.4615384615384617,10,29.0,Standard,0
5382,3,36889.40378,12296.467926666666,0.3333333333333333,3.0,320,33.0,Standard,1
5385,2,72042.76641000001,36021.383205000006,0.0,3.0,41,23.0,Gold,0
5386,2,18424.193079999997,9212.096539999999,0.0,4.5,113,28.0,Standard,1
5387,3,16552.0444,5517.348133333333,0.0,3.3333333333333335,12,42.0,Silver,0
5388,2,17340.382999999998,8670.191499999999,0.0,4.5,389,39.0,Standard,1
5389,1,877.2947399999999,877.2947399999999,1.0,2.0,792,24.0,Silver,1
5390,33,932159.72342,28247.26434606061,0.18181818181818182,4.242424242424242,4,28.0,Standard,0
5391,1,65232.339210000006,65232.339210000006,0.0,3.0,245,19.0,Standard,1
5392,1,315376.86303999997,315376.86303999997,0.0,4.0,59,32.0,Standard,0
5394,4,49344.91589,12336.2289725,0.0,5.0,272,34.0,Standard,1
5396,2,9520.7017,4760.35085,0.0,3.0,67,25.0,Standard,1
5397,1,81763.47246,81763.47246,0.0,3.0,540,40.0,Silver,1
5398,2,106429.3652,53214.6826,0.0,3.0,190,25.0,Gold,1
5399,3,32232.546500000004,10744.182166666667,0.0,3.3333333333333335,316,42.0,Silver,0
5401,29,174978.69831,6033.748217586207,0.10344827586206896,3.0344827586206895,8,40.0,Silver,0
5403,2,10062.228340000001,5031.114170000001,0.5,4.5,326,40.0,Standard,1
5404,2,9905.85384,4952.92692,0.0,3.5,139,34.0,Standard,0
5405,5,9457.516930000002,1891.5033860000003,0.0,3.0,133,26.0,Standard,1
5407,11,81740.47009,7430.951826363636,0.09090909090909091,3.272727272727273,93,37.0,Silver,0
5409,2,11746.934359999997,5873.467179999999,0.5,3.0,36,23.0,Silver,0
5410,7,32087.22087,4583.888695714286,0.2857142857142857,2.5714285714285716,310,31.0,Standard,1
5411,1,1173.77736,1173.77736,0.0,4.0,19,29.0,Standard,1
5412,32,321921.30294,10060.040716875,0.09375,2.96875,2,30.0,Standard,0
5413,3,141163.88243,47054.62747666667,0.3333333333333333,3.3333333333333335,132,30.0,Standard,0
5414,32,461842.95687000005,14432.592402187502,0.03125,3.53125,12,37.0,Standard,0
5415,2,16270.572559999999,8135.286279999999,0.0,2.5,274,41.0,Standard,1
5416,10,40571.421619999994,4057.142161999999,0.1,2.8,152,26.0,Silver,1
5417,1,9643.841409999999,9643.841409999999,0.0,6.0,267,32.0,Silver,0
5418,12,208006.58114,17333.881761666667,0.0,3.0,20,18.0,Standard,0
5419,15,232522.89058999997,15501.526039333332,0.06666666666666667,4.0,37,24.0,Standard,1
5420,2,27372.7278,13686.3639,0.0,2.5,65,30.0,Silver,1
5421,4,7939.896900000001,1984.9742250000002,0.0,4.25,63,30.0,Silver,1
5422,9,171321.4883,19035.720922222223,0.0,3.5555555555555554,12,22.0,Standard,0
5424,2,25715.78648,12857.89324,0.5,3.0,254,40.0,Standard,1
5425,7,218368.72059,31195.531512857146,0.0,2.2857142857142856,44,36.0,Standard,0
5426,3,6023.6917300000005,2007.8972433333336,0.0,5.0,58,44.0,Standard,0
5427,13,325966.21630000003,25074.324330769232,0.15384615384615385,2.076923076923077,23,22.0,Premium,0
5428,3,10182.771560000001,3394.257186666667,0.3333333333333333,4.333333333333333,240,32.0,Standard,1
5429,1,9533.4225,9533.4225,0.0,3.0,310,51.0,Standard,1
5430,1,1540.1444,1540.1444,0.0,4.0,73,28.0,Standard,0
5431,19,401676.00626,21140.842434736842,0.0,3.1052631578947367,14,31.0,Premium,0
5433,6,32202.0363,5367.00605,0.16666666666666666,3.3333333333333335,36,26.0,Standard,1
5434,31,303673.69808,9795.92574451613,0.0,4.096774193548387,10,33.0,Silver,0
5435,3,44931.78458,14977.261526666667,0.0,2.6666666666666665,241,38.0,Standard,1
5437,6,406720.16446999996,67786.69407833333,0.16666666666666666,2.8333333333333335,24,41.0,Standard,0
5438,1,640.45845,640.45845,0.0,5.0,187,44.0,Standard,0
5439,3,28715.535859999996,9571.845286666665,0.0,4.0,61,30.0,Standard,1
5440,6,90750.38847,15125.064745000001,0.16666666666666666,3.6666666666666665,6,35.0,Standard,1
5441,1,26338.831490000004,26338.831490000004,0.0,1.0,30,37.0,Standard,1
5442,3,137248.86867999999,45749.622893333326,0.0,1.6666666666666667,67,36.0,Standard,1
5443,1,1084.45296,1084.45296,0.0,6.0,0,18.0,Standard,0
5444,1,7024.1292,7024.1292,0.0,4.0,150,47.0,Standard,1
5446,2,73551.72929999999,36775.864649999996,0.0,4.0,264,34.0,Premium,1
5447,43,1024422.26562,23823.773619069765,0.0,2.7906976744186047,1,23.0,Standard,0
5448,8,227355.08587,28419.38573375,0.0,3.625,12,35.0,Standard,0
5449,6,60673.782960000004,10112.29716,0.0,4.0,69,38.0,Gold,0
5450,3,8895.05295,2965.01765,0.0,3.3333333333333335,185,31.0,Premium,1
5452,5,31209.46224,6241.8924480000005,0.0,3.8,1,24.0,Standard,1
5453,5,14709.62696,2941.925392,0.0,2.8,123,28.0,Standard,1
5454,2,9073.07141,4536.535705,0.0,4.0,17,18.0,Gold,1
5456,2,4134.66858,2067.33429,0.0,5.0,5,20.0,Standard,0
5457,1,2683.86,2683.86,0.0,3.0,211,32.0,Gold,1
5458,1,9520.704,9520.704,0.0,2.0,288,38.0,Standard,0
5459,2,2789.24616,1394.62308,0.0,4.5,68,29.0,Gold,1
5461,1,11849.6175,11849.6175,0.0,1.0,151,31.0,Silver,1
5462,1,2186.8876800000003,2186.8876800000003,0.0,1.0,897,30.0,Silver,1
5463,2,3593.4682199999997,1796.7341099999999,0.0,5.0,0,26.0,Premium,1
5464,3,109334.31382,36444.77127333333,0.0,6.0,5,29.0,Gold,0
5465,10,406590.65581,40659.065581,0.1,3.4,32,36.0,Gold,0
5467,6,15142.060440000001,2523.6767400000003,0.0,4.666666666666667,85,41.0,Standard,0
5468,26,167071.42362000002,6425.823985384616,0.07692307692307693,4.115384615384615,3,21.0,Standard,0
5469,12,109262.84775,9105.2373125,0.0,3.0,58,25.0,Silver,0
5470,3,90275.43126000001,30091.810420000005,0.0,3.0,208,25.0,Standard,1
5473,1,515.99605,515.99605,0.0,4.0,156,46.0,Standard,1
5474,1,5571.74592,5571.74592,1.0,3.0,233,45.0,Standard,1
5475,2,13133.731450000001,6566.865725000001,0.0,4.0,102,42.0,Gold,0
5477,2,7261.8003,3630.90015,0.0,4.0,57,43.0,Silver,0
5478,12,78529.80142999999,6544.150119166666,0.16666666666666666,4.0,0,32.0,Silver,0
5479,8,213771.53578,26721.4419725,0.0,4.0,14,36.0,Standard,1
5480,1,1380.0010399999999,1380.0010399999999,0.0,4.0,852,47.0,Standard,1
5481,4,36217.959220000004,9054.489805000001,0.0,3.75,40,54.0,Silver,1
5482,1,1632.71295,1632.71295,0.0,5.0,241,33.0,Gold,1
5483,1,108348.35508000001,108348.35508000001,0.0,3.0,121,53.0,Standard,0
5485,33,1155553.07313,35016.75979181818,0.06060606060606061,4.333333333333333,81,24.0,Standard,0
5486,2,1253.85318,626.92659,0.5,5.0,360,24.0,Silver,1
5487,2,23740.704930000004,11870.352465000002,0.0,2.5,518,48.0,Premium,1
5489,1,1580.35062,1580.35062,0.0,3.0,203,26.0,Standard,1
5490,8,127434.28851999999,15929.286064999998,0.0,3.125,15,26.0,Standard,0
5491,2,22949.97558,11474.98779,0.0,6.5,51,28.0,Standard,0
5492,1,1402.8417000000002,1402.8417000000002,0.0,4.0,77,40.0,Standard,1
5493,1,836.1945599999999,836.1945599999999,0.0,4.0,419,21.0,Premium,1
5494,2,4921.25947,2460.629735,0.0,5.0,137,22.0,Gold,1
5495,3,30056.935979999995,10018.978659999999,0.0,3.6666666666666665,23,46.0,Standard,0
5496,3,5046.95862,1682.3195400000002,0.0,3.6666666666666665,149,20.0,Standard,1
5497,21,216080.45771,10289.545605238094,0.19047619047619047,3.761904761904762,6,30.0,Gold,0
5498,5,10825.78277,2165.156554,0.0,4.2,113,23.0,Silver,0
5499,3,5037.25114,1679.0837133333334,0.0,3.0,129,31.0,Standard,0
5500,2,4721.29096,2360.64548,0.0,4.0,166,24.0,Standard,1
5501,2,117742.133,58871.0665,0.0,3.0,332,21.0,Standard,0
5502,4,10723.37381,2680.8434525,0.0,4.0,38,22.0,Silver,0
5503,11,566611.32999,51510.120908181816,0.2727272727272727,4.181818181818182,7,27.0,Silver,1
5504,1,100104.99786,100104.99786,0.0,4.0,527,30.0,Gold,0
5505,2,6857.22345,3428.611725,0.5,3.5,291,18.0,Gold,1
5506,3,213324.23272000003,71108.07757333334,0.0,3.0,89,18.0,Standard,1
5507,1,1467.6542100000001,1467.6542100000001,0.0,5.0,793,41.0,Standard,0
5508,5,385581.80696,77116.361392,0.2,3.8,132,40.0,Standard,1
5509,10,34429.89856,3442.989856,0.0,3.7,19,31.0,Premium,0
5510,2,70809.29305000001,35404.646525000004,0.0,3.0,410,31.0,Standard,1
5511,1,5216.29392,5216.29392,0.0,5.0,161,27.0,Premium,1
5512,5,32542.857000000004,6508.571400000001,0.0,4.6,68,30.0,Standard,1
5514,1,17556.178200000002,17556.178200000002,0.0,4.0,195,28.0,Gold,1
5515,2,16032.45795,8016.228975,0.5,3.0,84,42.0,Standard,1
5516,17,107366.22399,6315.660234705882,0.11764705882352941,4.352941176470588,1,31.0,Premium,0
5517,2,25603.015760000002,12801.507880000001,0.0,1.5,404,31.0,Standard,1
5518,2,69479.01043,34739.505215,0.0,3.5,219,41.0,Silver,1
5519,1,819.59577,819.59577,0.0,5.0,55,31.0,Standard,1
5520,3,94873.13268000001,31624.377560000004,0.0,4.0,3,33.0,Standard,0
5522,13,103035.63823000001,7925.818325384616,0.07692307692307693,3.923076923076923,25,24.0,Silver,0
5523,10,62787.70316999999,6278.7703169999995,0.2,4.5,133,32.0,Silver,1
5524,2,124166.91463999999,62083.457319999994,0.0,4.5,50,18.0,Silver,0
5528,2,15516.12796,7758.06398,0.0,6.0,27,18.0,Premium,1
5529,2,16054.55632,8027.27816,0.0,4.0,513,24.0,Silver,1
5530,31,781123.25986,25197.524511612904,0.03225806451612903,3.064516129032258,34,21.0,Gold,0
5531,2,1287.19855,643.599275,0.0,2.0,54,18.0,Standard,0
5533,5,118670.24467999999,23734.048936,0.0,4.6,56,37.0,Premium,0
5534,28,692216.5737300001,24722.020490357147,0.07142857142857142,3.642857142857143,36,37.0,Gold,0
5535,5,24562.14139,4912.428278,0.0,3.4,189,22.0,Standard,1
5536,3,18815.55071,6271.850236666666,0.0,3.6666666666666665,75,21.0,Gold,0
5537,1,531.45135,531.45135,0.0,6.0,13,41.0,Gold,0
5538,11,46693.467300000004,4244.860663636364,0.09090909090909091,3.1818181818181817,10,33.0,Standard,0
5539,1,1545.74829,1545.74829,0.0,5.0,1198,30.0,Standard,0
5540,36,509396.1246,14149.89235,0.05555555555555555,3.9444444444444446,20,29.0,Standard,0
5541,45,617634.51215,13725.21138111111,0.022222222222222223,3.466666666666667,4,38.0,Gold,0
5542,4,22362.332039999998,5590.583009999999,0.25,3.5,80,34.0,Standard,1
5543,3,40625.91134,13541.970446666666,0.0,4.666666666666667,11,44.0,Silver,1
5545,37,1096379.99121,29631.89165432432,0.08108108108108109,4.27027027027027,30,36.0,Standard,0
5546,4,11732.394189999999,2933.0985474999998,0.0,4.0,72,26.0,Standard,1
5547,4,238592.62638999996,59648.15659749999,0.0,3.5,91,19.0,Standard,1
5548,3,22909.72937,7636.576456666667,0.0,3.0,52,32.0,Gold,0
5549,3,201658.59813999996,67219.53271333332,0.3333333333333333,3.3333333333333335,56,44.0,Standard,1
5552,19,185692.54134999998,9773.29165,0.10526315789473684,2.9473684210526314,5,45.0,Standard,0
5553,5,139627.85632000002,27925.571264000006,0.0,2.6,262,24.0,Standard,0
5554,3,5258.21679,1752.7389300000002,0.0,4.0,755,36.0,Gold,1
5555,20,455087.47141,22754.3735705,0.1,3.85,39,35.0,Standard,0
5556,2,2671.24602,1335.62301,0.0,3.5,256,33.0,Silver,1
5557,1,8979.329759999999,8979.329759999999,0.0,3.0,407,30.0,Standard,1
5558,41,447287.323,10909.446902439024,0.12195121951219512,3.5365853658536586,37,34.0,Silver,0
5559,2,80863.39248000001,40431.696240000005,0.0,3.0,6,39.0,Gold,0
5560,39,386896.30381,9920.418046410257,0.05128205128205128,4.410256410256411,5,35.0,Gold,1
5562,2,13406.551730000001,6703.2758650000005,0.0,3.5,70,21.0,Standard,1
5564,3,14887.32048,4962.44016,0.0,4.333333333333333,318,43.0,Standard,0
5565,9,417216.69999,46357.41111,0.0,3.888888888888889,14,24.0,Silver,0
5566,2,135304.35566,67652.17783,0.0,4.0,27,18.0,Standard,0
5568,35,382991.09386,10942.602681714287,0.14285714285714285,3.0,11,31.0,Gold,0
5569,2,22369.011479999997,11184.505739999999,0.0,3.5,15,28.0,Silver,0
5570,21,300323.32037000003,14301.110493809525,0.14285714285714285,4.0,4,38.0,Standard,0
5572,2,5798.3290799999995,2899.1645399999998,0.0,3.5,300,25.0,Premium,1
5573,1,953.4233599999999,953.4233599999999,0.0,4.0,279,29.0,Standard,1
5575,1,4224.44928,4224.44928,0.0,3.0,120,20.0,Standard,0
5577,24,563126.0711299999,23463.58629708333,0.20833333333333334,4.166666666666667,75,30.0,Standard,0
5578,2,55447.3832,27723.6916,0.0,3.0,222,28.0,Standard,1
5579,9,273904.94615000003,30433.882905555558,0.1111111111111111,4.111111111111111,66,30.0,Standard,0
5580,4,193896.06636,48474.01659,0.0,3.5,160,30.0,Standard,1
5581,1,1108.992,1108.992,0.0,6.0,22,38.0,Standard,0
5582,35,891149.0256200001,25461.400732000002,0.05714285714285714,3.1714285714285713,15,25.0,Silver,0
5583,1,8786.463360000002,8786.463360000002,0.0,3.0,61,37.0,Gold,1
5584,1,699.70098,699.70098,0.0,4.0,72,39.0,Standard,0
5585,1,11673.71181,11673.71181,1.0,3.0,4,53.0,Silver,0
5586,1,2420.30632,2420.30632,0.0,3.0,559,31.0,Standard,1
5587,35,652617.04207,18646.201202,0.0,3.342857142857143,11,34.0,Standard,0
5588,7,43343.25593,6191.893704285714,0.0,4.428571428571429,8,28.0,Standard,0
5589,2,2377.07064,1188.53532,0.0,5.0,264,18.0,Standard,1
5590,1,4652.3248,4652.3248,0.0,3.0,26,33.0,Premium,0
5591,1,981.29675,981.29675,0.0,2.0,559,42.0,Standard,1
5593,6,9076.88349,1512.813915,0.0,3.6666666666666665,29,21.0,Standard,1
5594,11,374271.37312,34024.67028363636,0.0,2.909090909090909,9,25.0,Gold,0
5596,1,1048.46929,1048.46929,0.0,6.0,352,25.0,Gold,0
5597,1,28367.92207,28367.92207,0.0,1.0,1014,48.0,Standard,1
5598,6,134563.93509,22427.322515000003,0.0,3.8333333333333335,78,20.0,Gold,0
5599,12,71913.33611999999,5992.778009999999,0.08333333333333333,3.75,9,39.0,Standard,0
5600,37,309769.03332,8372.136035675676,0.10810810810810811,2.810810810810811,0,32.0,Standard,0
5601,32,365101.00418,11409.406380625,0.0625,3.34375,15,39.0,Standard,0
5602,9,108259.82646,12028.869606666667,0.1111111111111111,4.444444444444445,160,28.0,Standard,1
5603,2,121557.09565,60778.547825,0.0,4.0,81,28.0,Standard,1
5605,27,651274.91544,24121.293164444443,0.037037037037037035,2.8518518518518516,4,30.0,Premium,0
5607,33,525029.68389,15909.990420909091,0.030303030303030304,3.303030303030303,83,18.0,Standard,0
5608,8,461691.28906,57711.4111325,0.125,2.875,133,36.0,Standard,1
5609,10,128350.68301000001,12835.068301000001,0.1,2.9,7,31.0,Silver,0
5610,3,72447.08795,24149.029316666667,0.0,4.666666666666667,324,36.0,Silver,0
5611,4,5074.34627,1268.5865675,0.5,4.25,317,27.0,Standard,1
5613,1,1740.8299000000002,1740.8299000000002,0.0,4.0,107,30.0,Silver,1
5614,2,24544.90808,12272.45404,0.0,3.0,26,23.0,Standard,1
5615,33,260595.56994999998,7896.835453030302,0.030303030303030304,3.1515151515151514,15,33.0,Standard,0
5616,24,686866.89923,28619.45413458333,0.0,4.583333333333333,0,28.0,Standard,0
5617,4,103024.86796000002,25756.216990000004,0.25,5.0,160,23.0,Standard,0
5618,46,861287.7803399999,18723.64739869565,0.06521739130434782,3.260869565217391,5,40.0,Standard,0
5619,2,120484.27243,60242.136215,0.0,5.0,394,31.0,Standard,1
5622,2,16829.03284,8414.51642,0.0,3.0,82,43.0,Silver,1
5623,3,19957.504699999994,6652.501566666665,0.0,3.6666666666666665,42,28.0,Standard,1
5624,1,394916.60280000005,394916.60280000005,0.0,3.0,57,18.0,Standard,1
5626,2,2410.21803,1205.109015,0.0,3.0,125,38.0,Silver,1
5627,43,222445.22149,5173.144685813953,0.11627906976744186,4.1395348837209305,7,31.0,Standard,0
5629,1,621.9284700000001,621.9284700000001,0.0,5.0,492,35.0,Silver,1
5632,2,8413.568369999999,4206.7841849999995,0.0,1.0,447,26.0,Standard,1
5633,2,21244.44101,10622.220505,0.0,3.5,58,25.0,Silver,1
5635,1,754.707,754.707,0.0,1.0,350,31.0,Gold,1
5636,1,32003.437439999998,32003.437439999998,1.0,6.0,234,27.0,Silver,1
5637,1,1503.7232000000001,1503.7232000000001,0.0,5.0,82,18.0,Silver,1
5638,2,860.7693999999999,430.38469999999995,0.0,1.5,17,34.0,Gold,1
5639,1,419.938,419.938,0.0,5.0,267,18.0,Standard,1
5640,2,3540.69554,1770.34777,0.5,2.0,93,33.0,Premium,1
5641,6,123638.94528,20606.49088,0.0,4.666666666666667,44,38.0,Standard,1
5642,7,47161.81873,6737.402675714286,0.2857142857142857,3.0,35,35.0,Standard,0
5643,2,2591.2423599999997,1295.6211799999999,0.0,3.0,348,47.0,Standard,1
5645,2,6730.685880000001,3365.3429400000005,0.0,1.5,107,29.0,Standard,1
5646,54,1346581.07999,24936.68666648148,0.07407407407407407,3.2222222222222223,8,46.0,Standard,0
5647,1,10987.6998,10987.6998,1.0,4.0,450,34.0,Gold,0
5648,6,209374.96576999998,34895.82762833333,0.0,2.3333333333333335,214,36.0,Standard,1
5649,1,1089.1318899999999,1089.1318899999999,0.0,4.0,429,29.0,Standard,1
5650,4,14900.162919999999,3725.0407299999997,0.0,4.5,42,34.0,Silver,1
5651,30,902008.5851799999,30066.95283933333,0.03333333333333333,2.8666666666666667,19,20.0,Standard,0
5654,4,22326.060299999997,5581.515074999999,0.0,3.0,56,49.0,Standard,1
5655,5,19594.469289999997,3918.8938579999995,0.2,4.6,300,24.0,Standard,0
5657,2,1139.95049,569.975245,0.0,1.5,157,43.0,Premium,1
5658,4,216109.00825999997,54027.25206499999,0.0,3.75,140,42.0,Standard,1
5659,1,496.4531600000001,496.4531600000001,0.0,4.0,92,38.0,Premium,1
5661,1,3372.6612,3372.6612,0.0,5.0,108,30.0,Standard,1
5663,3,347753.8043300001,115917.93477666669,0.0,4.0,38,25.0,Silver,1
5664,3,8713.39352,2904.4645066666667,0.0,3.6666666666666665,262,29.0,Standard,1
5665,2,3506.6571700000004,1753.3285850000002,0.0,2.5,207,18.0,Silver,0
5666,18,212373.97277,11798.554042777778,0.0,3.0555555555555554,30,37.0,Standard,0
5667,3,3072.0181900000002,1024.0060633333335,0.0,2.3333333333333335,118,34.0,Silver,1
5668,9,38746.795320000005,4305.19948,0.0,4.222222222222222,75,46.0,Silver,1
5669,10,44395.35574,4439.5355739999995,0.0,3.7,42,31.0,Standard,0
5670,1,391.9386,391.9386,0.0,4.0,220,30.0,Standard,0
5671,1,425.7693,425.7693,0.0,4.0,10,18.0,Standard,0
5672,2,3580.56184,1790.28092,0.0,4.0,474,26.0,Standard,1
5673,3,77847.18153,25949.06051,0.0,3.3333333333333335,101,36.0,Standard,1
5674,3,20799.99422,6933.331406666667,0.0,3.0,44,49.0,Gold,1
5675,1,16519.13256,16519.13256,0.0,4.0,326,32.0,Standard,1
5676,1,354.83367999999996,354.83367999999996,0.0,3.0,343,26.0,Silver,1
5677,1,294.3118,294.3118,0.0,6.0,117,20.0,Silver,0
5678,2,13256.58552,6628.29276,0.0,4.0,88,37.0,Standard,1
5679,4,97263.53100000002,24315.882750000004,0.0,3.0,135,48.0,Premium,0
5680,2,11867.215499999998,5933.607749999999,0.0,4.0,453,24.0,Standard,1
5681,1,3579.52562,3579.52562,0.0,5.0,420,27.0,Silver,1
5682,4,137665.36346999998,34416.340867499996,0.25,4.0,72,27.0,Standard,0
5684,2,17742.542520000003,8871.271260000001,0.0,3.0,2,35.0,Silver,0
5685,3,4673.44864,1557.8162133333333,0.0,2.0,14,41.0,Standard,0
5686,22,84092.13715,3822.3698704545454,0.0,4.181818181818182,24,33.0,Silver,0
5687,5,30169.363240000002,6033.8726480000005,0.0,3.4,279,21.0,Standard,0
5688,5,23001.30352,4600.260704,0.0,3.6,102,37.0,Silver,0
5690,1,439.37520000000006,439.37520000000006,0.0,4.0,167,42.0,Standard,1
5691,2,2979.97186,1489.98593,0.0,3.0,104,30.0,Gold,1
5692,2,11354.258600000001,5677.1293000000005,0.0,2.5,290,29.0,Premium,0
5693,12,207435.54185,17286.295154166666,0.08333333333333333,2.8333333333333335,15,38.0,Gold,0
5694,2,3607.52787,1803.763935,0.0,2.5,560,23.0,Standard,1
5696,8,36880.97639,4610.12204875,0.125,4.75,184,31.0,Silver,0
5698,3,12548.52622,4182.842073333333,0.0,2.6666666666666665,357,25.0,Standard,0
5701,6,25772.87993,4295.4799883333335,0.16666666666666666,5.0,140,28.0,Standard,0
5702,1,6017.77582,6017.77582,0.0,1.0,76,28.0,Standard,0
5703,3,18770.80428,6256.93476,0.0,2.6666666666666665,236,21.0,Standard,0
5704,21,338159.92778,16102.853703809526,0.14285714285714285,3.8095238095238093,12,27.0,Standard,1
5705,4,62530.960269999996,15632.740067499999,0.25,3.5,68,41.0,Standard,0
5706,4,57740.96473000001,14435.241182500002,0.25,2.5,556,39.0,Silver,0
5707,3,17956.493,5985.497666666666,0.0,4.0,79,33.0,Standard,1
5709,4,129973.83663999998,32493.459159999995,0.25,4.5,95,46.0,Standard,1
5710,23,271524.76392999996,11805.42451869565,0.043478260869565216,3.739130434782609,1,26.0,Standard,0
5711,33,514036.40261999995,15576.860685454543,0.09090909090909091,4.303030303030303,25,39.0,Standard,0
5712,2,16730.68006,8365.34003,0.0,4.5,4,27.0,Premium,1
5713,2,351493.18580000004,175746.59290000002,0.0,5.0,178,28.0,Standard,0
5714,1,18763.85862,18763.85862,0.0,4.0,18,27.0,Silver,1
5715,3,7103.23737,2367.74579,0.0,4.666666666666667,71,33.0,Premium,1
5717,11,97257.63329,8841.603026363637,0.0,4.0,4,18.0,Standard,1
5718,1,1967.0842,1967.0842,0.0,3.0,319,41.0,Standard,1
5719,5,83151.17423,16630.234846,0.0,3.2,358,40.0,Premium,1
5720,1,108.72507,108.72507,0.0,5.0,7,26.0,Standard,0
5721,8,199948.74633,24993.59329125,0.125,3.375,10,30.0,Standard,0
5722,1,949.00344,949.00344,0.0,3.0,172,35.0,Standard,1
5723,5,44013.638549999996,8802.72771,0.0,5.2,155,21.0,Standard,1
5724,17,94859.97796,5579.998703529412,0.17647058823529413,3.3529411764705883,0,34.0,Silver,0
5725,1,2022.70257,2022.70257,1.0,4.0,11,27.0,Gold,0
5728,3,26729.38556,8909.795186666666,0.0,4.333333333333333,79,18.0,Standard,0
5729,3,4941.221740000001,1647.0739133333336,0.0,5.0,42,27.0,Gold,1
5730,1,369.91476,369.91476,0.0,3.0,25,37.0,Premium,0
5732,2,4153.512720000001,2076.7563600000003,0.0,2.0,67,18.0,Gold,0
5733,2,96644.11653,48322.058265,0.0,4.0,110,31.0,Standard,1
5734,6,34630.89612,5771.816019999999,0.16666666666666666,2.5,113,25.0,Silver,0
5735,2,3056.6947999999998,1528.3473999999999,0.0,5.0,46,31.0,Standard,0
5736,7,91287.76548,13041.109354285714,0.2857142857142857,4.571428571428571,54,25.0,Silver,1
5737,1,5237.8623,5237.8623,0.0,5.0,1023,31.0,Standard,1
5738,2,13504.69269,6752.346345,0.0,5.0,143,46.0,Standard,1
5739,3,9631.415829999998,3210.4719433333325,0.0,5.0,13,18.0,Standard,0
5740,1,56844.821,56844.821,0.0,7.0,103,18.0,Standard,0
5741,6,47765.65492,7960.942486666667,0.0,2.5,84,44.0,Standard,1
5744,2,16660.3779,8330.18895,0.0,2.0,1,40.0,Standard,1
5746,2,1652.08518,826.04259,0.0,2.5,60,29.0,Standard,1
5747,24,563353.82051,23473.075854583334,0.08333333333333333,4.625,13,42.0,Standard,0
5748,1,2470.5054400000004,2470.5054400000004,0.0,4.0,448,29.0,Silver,1
5749,2,860.75388,430.37694,0.0,2.0,176,35.0,Silver,1
5750,2,23207.53008,11603.76504,0.0,4.0,113,37.0,Standard,0
5751,4,63936.929670000005,15984.232417500001,0.0,3.25,186,40.0,Premium,1
5752,15,222453.63091,14830.242060666667,0.0,3.066666666666667,0,49.0,Standard,0
5753,4,17231.3289,4307.832225,0.0,3.5,159,31.0,Standard,1
5754,8,35054.55296,4381.81912,0.0,3.125,45,34.0,Silver,0
5755,2,12307.957820000001,6153.978910000001,0.0,3.0,1,35.0,Standard,1
5757,1,2099.59102,2099.59102,0.0,7.0,84,23.0,Gold,1
5758,4,10428.423060000001,2607.1057650000002,0.0,2.5,59,42.0,Standard,1
5759,39,335086.14585000003,8591.952457692309,0.10256410256410256,4.17948717948718,2,34.0,Standard,0
5760,9,690412.08432,76712.45381333334,0.0,2.5555555555555554,221,31.0,Standard,0
5761,37,433080.45167000004,11704.877072162164,0.16216216216216217,4.486486486486487,2,34.0,Gold,0
5762,2,513.31642,256.65821,0.0,2.0,282,23.0,Premium,1
5763,28,331782.57512,11849.377682857143,0.07142857142857142,2.8214285714285716,0,37.0,Silver,0
5765,1,17634.27846,17634.27846,1.0,3.0,589,32.0,Standard,1
5767,6,30091.59993,5015.266655,0.16666666666666666,2.0,25,30.0,Standard,0
5768,10,93934.02154,9393.402154,0.0,4.4,105,28.0,Standard,0
5769,5,124743.45867,24948.691734,0.0,2.6,37,32.0,Standard,1
5770,21,103125.15891999999,4910.721853333333,0.14285714285714285,4.0476190476190474,28,19.0,Standard,0
5772,2,11243.692169999998,5621.846084999999,0.0,3.0,6,31.0,Silver,1
5774,2,2132.49356,1066.24678,0.0,3.0,104,32.0,Standard,0
5775,3,8894.420030000001,2964.806676666667,0.0,2.6666666666666665,155,35.0,Standard,0
5776,30,870940.41904,29031.34730133333,0.13333333333333333,3.2,29,23.0,Gold,0
5777,3,31148.001749999996,10382.667249999999,0.0,4.0,191,19.0,Silver,1
5778,26,347122.60293,13350.869343461538,0.07692307692307693,3.269230769230769,0,22.0,Silver,0
5780,1,239.38884,239.38884,0.0,5.0,578,28.0,Standard,1
5782,1,753.65708,753.65708,1.0,4.0,10,36.0,Standard,0
5783,3,9256.099229999998,3085.366409999999,0.0,4.0,79,25.0,Standard,1
5784,1,16567.22688,16567.22688,0.0,5.0,88,42.0,Standard,1
5785,20,527138.9440499999,26356.947202499996,0.15,3.8,22,39.0,Silver,0
5787,5,4487.33469,897.4669379999999,0.0,3.8,155,33.0,Standard,0
5788,4,26267.1109,6566.777725,0.0,2.75,112,44.0,Silver,1
5790,4,13366.139790000001,3341.5349475000003,0.25,3.0,12,28.0,Standard,1
5791,34,849859.08164,24995.85534235294,0.08823529411764706,3.0,4,31.0,Silver,0
5792,2,14097.30864,7048.65432,0.5,4.0,148,22.0,Standard,1
5795,1,333.63759,333.63759,0.0,2.0,219,34.0,Standard,0
5796,3,2776.56287,925.5209566666667,0.0,5.333333333333333,170,44.0,Silver,0
5797,3,4619.18541,1539.72847,0.0,4.0,179,39.0,Standard,0
5799,1,8031.577200000001,8031.577200000001,0.0,5.0,108,18.0,Gold,0
5800,1,11795.45952,11795.45952,0.0,5.0,22,36.0,Silver,1
5801,22,99416.78004000001,4518.9445472727275,0.09090909090909091,5.045454545454546,28,54.0,Standard,0
5803,1,1381.3135,1381.3135,0.0,3.0,16,28.0,Premium,0
5805,7,48027.96279,6861.137541428571,0.0,3.857142857142857,13,28.0,Silver,0
5806,3,17305.042370000003,5768.347456666667,0.3333333333333333,4.666666666666667,238,28.0,Standard,1
5808,4,53569.34781,13392.3369525,0.0,3.0,30,36.0,Standard,1
5811,6,21434.364999999998,3572.3941666666665,0.3333333333333333,3.1666666666666665,45,30.0,Silver,0
5812,1,564.99558,564.99558,0.0,4.0,230,18.0,Standard,1
5814,1,378.50715,378.50715,0.0,3.0,41,29.0,Standard,1
5815,3,70438.26714,23479.42238,0.0,2.3333333333333335,71,18.0,Standard,1
5817,6,157938.43605999998,26323.072676666663,0.0,5.0,14,18.0,Silver,1
5819,5,25794.326350000003,5158.86527,0.0,4.4,37,32.0,Standard,0
5820,2,2022.23518,1011.11759,0.0,3.5,33,19.0,Gold,1
5822,6,26014.74746,4335.791243333333,0.0,3.5,185,18.0,Silver,1
5824,36,967867.42708,26885.20630777778,0.08333333333333333,3.0,10,50.0,Standard,0
5825,3,21530.55826,7176.852753333334,0.0,3.0,63,21.0,Gold,1
5826,2,1760.75112,880.37556,0.0,5.0,240,23.0,Standard,1
5827,1,5709.9954,5709.9954,0.0,2.0,405,32.0,Standard,1
5828,2,143749.87716,71874.93858,0.5,3.0,22,56.0,Standard,1
5829,2,8005.065739999999,4002.5328699999995,0.0,2.5,11,35.0,Gold,1
5830,2,644.24307,322.121535,0.5,5.0,2,38.0,Standard,1
5831,1,2854.5301799999997,2854.5301799999997,0.0,4.0,277,41.0,Silver,1
5833,3,7150.03089,2383.34363,0.0,3.0,52,31.0,Standard,1
5834,2,62500.10033000001,31250.050165000004,0.0,2.0,90,35.0,Standard,1
5835,1,539.2234400000001,539.2234400000001,0.0,5.0,19,49.0,Standard,0
5838,1,2896.191,2896.191,0.0,2.0,135,21.0,Gold,1
5839,1,328.09562999999997,328.09562999999997,0.0,4.0,154,33.0,Silver,0
5840,8,131447.83200999998,16430.979001249998,0.0,4.75,68,18.0,Standard,1
5841,1,3604.3181999999997,3604.3181999999997,0.0,2.0,33,47.0,Premium,0
5842,31,356995.22954,11515.975146451612,0.0967741935483871,3.3548387096774195,5,26.0,Standard,0
5843,6,169756.5632,28292.760533333334,0.0,2.3333333333333335,15,18.0,Standard,0
5844,7,26038.68755,3719.812507142857,0.0,2.0,11,21.0,Standard,0
5845,1,17026.63872,17026.63872,0.0,4.0,69,32.0,Standard,0
5846,1,3145.0188,3145.0188,0.0,6.0,743,18.0,Standard,1
5847,3,24250.814830000003,8083.604943333335,0.0,4.0,87,24.0,Gold,1
5848,5,37096.85749,7419.371498,0.4,3.4,431,18.0,Standard,0
5850,2,32746.03124,16373.01562,0.0,3.0,22,26.0,Silver,1
5851,7,189526.49875000003,27075.21410714286,0.0,5.285714285714286,145,34.0,Gold,0
5852,8,106497.53729000001,13312.192161250001,0.25,2.75,107,45.0,Standard,0
5853,5,19891.28767,3978.2575340000003,0.2,4.0,34,28.0,Standard,1
5854,3,2932.28987,977.4299566666667,0.0,2.6666666666666665,48,38.0,Gold,0
5856,1,5966.88352,5966.88352,0.0,3.0,203,33.0,Premium,1
5857,3,3507.63023,1169.2100766666667,0.0,1.6666666666666667,9,38.0,Silver,0
5858,2,9723.42942,4861.71471,0.0,4.5,244,32.0,Silver,1
5859,2,5076.2133,2538.10665,0.0,3.5,13,31.0,Standard,1
5860,1,39077.7504,39077.7504,0.0,4.0,509,18.0,Gold,0
5861,1,2211.9300000000003,2211.9300000000003,0.0,5.0,344,18.0,Standard,1
5862,4,55617.094229999995,13904.273557499999,0.0,2.5,123,24.0,Silver,1
5864,2,9224.460259999998,4612.230129999999,0.0,2.0,548,20.0,Silver,1
5865,4,62809.61101,15702.4027525,0.0,3.25,12,25.0,Standard,1
5866,1,10021.39224,10021.39224,0.0,4.0,118,25.0,Standard,1
5867,1,14422.15539,14422.15539,0.0,4.0,169,31.0,Silver,0
5868,1,12617.724300000002,12617.724300000002,0.0,2.0,18,36.0,Silver,0
5870,1,140.98886,140.98886,0.0,5.0,9,45.0,Standard,1
5872,1,1428.4161600000002,1428.4161600000002,0.0,4.0,99,19.0,Silver,1
5873,2,7596.54064,3798.27032,0.5,4.0,91,44.0,Standard,0
5875,2,12830.88776,6415.44388,0.0,4.0,98,38.0,Standard,1
5876,19,295877.78232,15572.514858947368,0.05263157894736842,4.315789473684211,11,32.0,Standard,0
5877,2,26935.1117,13467.55585,0.0,5.0,30,40.0,Standard,1
5878,1,6170.7008000000005,6170.7008000000005,0.0,3.0,82,26.0,Standard,1
5879,3,1155.03856,385.01285333333334,0.0,3.0,187,30.0,Silver,1
5880,1,7231.00236,7231.00236,0.0,6.0,47,28.0,Standard,1
5881,2,6491.58836,3245.79418,0.0,4.5,108,25.0,Silver,1
5882,5,31581.102359999997,6316.220471999999,0.0,2.8,20,32.0,Standard,1
5883,12,506771.54214000003,42230.961845000005,0.16666666666666666,4.166666666666667,16,29.0,Silver,0
5884,8,252462.1281,31557.7660125,0.25,3.75,115,33.0,Silver,1
5885,1,467.98372,467.98372,0.0,5.0,355,44.0,Standard,1
5889,9,152310.92578,16923.436197777777,0.0,3.7777777777777777,127,25.0,Standard,0
5890,3,18876.983640000002,6292.327880000001,0.0,3.6666666666666665,114,18.0,Premium,0
5891,37,238515.66232,6446.369251891892,0.05405405405405406,4.162162162162162,14,21.0,Silver,0
5892,13,69796.80811,5368.985239230769,0.07692307692307693,3.5384615384615383,57,38.0,Silver,0
5893,22,123511.37048000001,5614.153203636364,0.13636363636363635,3.227272727272727,29,21.0,Silver,0
5894,13,252675.45777999997,19436.573675384614,0.0,3.3076923076923075,58,22.0,Standard,0
5895,4,2923.65306,730.913265,0.25,3.25,26,18.0,Standard,1
5896,3,6988.015620000001,2329.33854,0.0,3.6666666666666665,11,39.0,Premium,1
5897,18,262250.15687,14569.453159444445,0.05555555555555555,3.4444444444444446,48,23.0,Standard,1
5899,3,71332.2942,23777.4314,0.0,3.0,27,37.0,Standard,0
5900,1,1240.1704,1240.1704,0.0,3.0,69,22.0,Standard,1
5901,4,13175.765610000002,3293.9414025000005,0.0,3.5,322,19.0,Gold,1
5903,2,22282.20692,11141.10346,0.0,3.5,49,39.0,Silver,0
5904,1,1867.9920000000002,1867.9920000000002,0.0,2.0,309,30.0,Gold,0
5905,5,13823.01413,2764.602826,0.2,3.8,292,38.0,Silver,0
5906,9,52708.139859999996,5856.459984444444,0.0,3.5555555555555554,88,36.0,Standard,0
5907,1,1153.13667,1153.13667,0.0,2.0,66,26.0,Standard,0
5909,2,125655.50091,62827.750455,0.0,3.5,51,29.0,Standard,0
5910,7,68926.63352999999,9846.661932857141,0.0,3.142857142857143,31,31.0,Silver,1
5912,23,103895.10564,4517.178506086956,0.043478260869565216,3.3043478260869565,6,37.0,Gold,0
5913,24,837702.01031,34904.250429583335,0.08333333333333333,4.75,49,26.0,Standard,0
5914,2,2137.70365,1068.851825,0.0,3.5,555,41.0,Standard,1
5915,1,98.01264,98.01264,0.0,4.0,286,40.0,Silver,1
5916,3,15428.1681,5142.7227,0.0,3.3333333333333335,189,20.0,Standard,1
5917,8,34630.92912,4328.86614,0.125,3.625,27,18.0,Standard,1
5918,16,200508.03255,12531.752034375,0.0625,3.0625,27,36.0,Gold,0
5919,1,597.7408499999999,597.7408499999999,0.0,4.0,138,39.0,Standard,1
5920,1,1509.19032,1509.19032,0.0,1.0,15,18.0,Silver,0
5921,3,27639.302480000002,9213.100826666667,0.0,4.333333333333333,4,34.0,Standard,0
5922,1,460.34268,460.34268,0.0,3.0,43,37.0,Standard,1
5923,10,79900.99614,7990.099614000001,0.1,3.2,149,47.0,Silver,1
5924,1,797.3767500000001,797.3767500000001,0.0,4.0,49,22.0,Standard,0
5925,1,6166.1330800000005,6166.1330800000005,0.0,2.0,339,30.0,Silver,1
5927,3,65234.91316000001,21744.97105333334,0.0,5.333333333333333,609,26.0,Silver,0
5928,1,18345.94404,18345.94404,0.0,3.0,451,32.0,Gold,0
5929,28,173449.01508,6194.607681428572,0.07142857142857142,3.2857142857142856,51,28.0,Gold,0
5931,11,184118.39180999997,16738.035619090908,0.0,4.636363636363637,7,31.0,Gold,0
5933,1,1891.9912000000002,1891.9912000000002,1.0,3.0,113,29.0,Standard,1
5934,2,9682.84329,4841.421645,0.5,3.0,487,26.0,Standard,1
5938,5,41755.60948,8351.121896,0.0,2.2,98,30.0,Premium,0
5939,42,620906.2716,14783.482657142857,0.07142857142857142,3.0476190476190474,0,23.0,Standard,0
5940,1,16444.676040000002,16444.676040000002,0.0,2.0,291,46.0,Gold,0
5942,1,1189.60855,1189.60855,0.0,8.0,356,38.0,Gold,1
5944,1,2126.5948200000003,2126.5948200000003,1.0,6.0,53,34.0,Standard,0
5945,1,3117.14088,3117.14088,0.0,2.0,305,27.0,Standard,1
5946,16,99006.65395,6187.915871875,0.0,3.0625,19,38.0,Silver,1
5947,2,1958.6732,979.3366,0.0,3.0,45,31.0,Standard,1
5948,3,29164.61911,9721.539703333334,0.0,2.0,187,37.0,Standard,1
5949,1,3265.4377000000004,3265.4377000000004,0.0,3.0,114,24.0,Silver,0
5950,4,282849.26154000004,70712.31538500001,0.0,3.75,96,29.0,Silver,0
5951,1,10155.19624,10155.19624,0.0,4.0,515,35.0,Standard,1
5953,2,9036.67206,4518.33603,0.0,2.0,31,28.0,Silver,0
5954,15,344886.88707,22992.459138,0.06666666666666667,3.2,3,42.0,Standard,0
5956,21,225294.22801000002,10728.296571904762,0.09523809523809523,3.238095238095238,28,43.0,Standard,0
5957,5,26526.74954,5305.349908,0.0,3.0,146,19.0,Standard,0
5958,8,400321.53235,50040.19154375,0.125,4.0,23,36.0,Silver,1
5959,3,11429.91299,3809.970996666667,0.3333333333333333,4.333333333333333,336,31.0,Silver,1
5960,2,8158.21926,4079.10963,0.0,4.0,186,51.0,Silver,1
5961,4,268256.80686,67064.201715,0.25,3.75,40,24.0,Silver,0
5962,43,233831.58221999998,5437.943772558139,0.09302325581395349,2.813953488372093,16,23.0,Standard,0
5963,5,43140.11932,8628.023863999999,0.0,3.0,42,28.0,Silver,0
5964,2,4045.6938200000004,2022.8469100000002,0.0,4.5,3,43.0,Standard,0
5965,2,43905.7129,21952.85645,0.0,2.0,232,20.0,Standard,1
5967,22,173104.66916000002,7868.394052727273,0.0,2.9545454545454546,26,20.0,Standard,0
5968,9,110441.94750000001,12271.327500000001,0.1111111111111111,2.7777777777777777,101,36.0,Standard,0
5969,2,2984.96255,1492.481275,0.0,3.5,378,30.0,Silver,1
5970,1,2111.5086,2111.5086,0.0,1.0,176,31.0,Standard,0
5971,10,54839.74186,5483.974186,0.0,4.3,16,38.0,Silver,0
5972,6,10103.23788,1683.87298,0.0,4.833333333333333,10,29.0,Standard,0
5973,10,26154.5102,2615.45102,0.1,3.9,37,26.0,Standard,0
5974,2,840.6711599999999,420.33557999999994,0.0,3.0,78,37.0,Standard,1
5975,1,2509.26963,2509.26963,0.0,5.0,66,43.0,Standard,1
5976,1,562.3488,562.3488,0.0,4.0,394,34.0,Standard,1
5977,1,1031.8193999999999,1031.8193999999999,0.0,4.0,16,22.0,Standard,0
5978,3,11170.114800000001,3723.3716000000004,0.0,4.0,293,30.0,Standard,1
5980,43,1083780.61254,25204.200291627905,0.09302325581395349,3.9767441860465116,20,26.0,Silver,0
5981,3,131728.63652,43909.54550666667,0.0,2.3333333333333335,5,18.0,Standard,1
5982,4,6424.92196,1606.23049,0.0,4.5,23,35.0,Gold,0
5983,17,94561.59965,5562.447038235295,0.058823529411764705,4.235294117647059,10,27.0,Standard,0
5985,2,2463.97819,1231.989095,0.0,6.5,311,18.0,Standard,0
5986,3,16205.18014,5401.7267133333335,0.3333333333333333,4.666666666666667,51,21.0,Gold,0
5987,1,12355.35678,12355.35678,0.0,3.0,45,22.0,Standard,0
5988,8,172522.55874,21565.3198425,0.125,3.75,25,31.0,Standard,0
5989,4,19574.725940000004,4893.681485000001,0.0,4.0,76,23.0,Standard,1
5990,1,64947.3228,64947.3228,0.0,4.0,267,35.0,Standard,1
5991,2,31032.52779,15516.263895,0.0,2.0,81,44.0,Standard,1
5993,3,222921.26552,74307.08850666667,0.0,3.0,20,24.0,Standard,0
5994,1,32304.718709999997,32304.718709999997,0.0,4.0,452,31.0,Standard,1
5996,2,14716.76861,7358.384305,0.0,2.5,117,27.0,Standard,1
5997,8,183558.54013,22944.81751625,0.125,5.125,64,51.0,Silver,0
5999,4,118121.59826,29530.399565,0.0,3.25,315,51.0,Standard,1
6000,44,631239.84672,14346.360152727273,0.045454545454545456,3.2045454545454546,13,37.0,Standard,0
6001,1,628.0749199999999,628.0749199999999,0.0,6.0,67,27.0,Standard,1
6002,2,768.2760800000001,384.13804000000005,0.0,2.5,15,21.0,Silver,1
6003,5,42996.81143,8599.362286,0.0,4.6,70,25.0,Standard,1
6004,20,544601.79308,27230.089654,0.15,3.45,3,25.0,Standard,0
6007,5,6913.21934,1382.6438679999999,0.0,3.2,559,34.0,Standard,0
6008,42,517694.52181999997,12326.060043333333,0.047619047619047616,2.761904761904762,4,21.0,Standard,0
6009,15,97159.22744999999,6477.281829999999,0.06666666666666667,4.266666666666667,4,22.0,Premium,0
6011,10,331163.94999,33116.394999,0.0,3.8,42,35.0,Gold,1
6015,8,147801.262,18475.15775,0.0,3.375,19,20.0,Standard,0
6017,44,548064.11092,12456.00252090909,0.022727272727272728,3.2954545454545454,1,46.0,Silver,0
6018,1,1138.67418,1138.67418,0.0,5.0,604,22.0,Premium,1
6019,1,1083.49216,1083.49216,0.0,7.0,783,27.0,Gold,1
6020,32,717889.3412599999,22434.041914374997,0.03125,4.5625,8,34.0,Standard,0
6021,1,1107.4872,1107.4872,1.0,5.0,63,19.0,Silver,1
6023,4,136973.97254,34243.493135,0.0,3.75,3,61.0,Standard,0
6024,3,100287.23981999999,33429.079939999996,0.0,4.0,46,28.0,Standard,0
6025,29,344805.32215,11889.838694827587,0.0,4.137931034482759,1,34.0,Standard,0
6026,3,2264.45097,754.8169899999999,0.3333333333333333,2.6666666666666665,95,37.0,Standard,1
6027,1,4304.87484,4304.87484,0.0,2.0,546,34.0,Standard,1
6028,30,169702.29133,5656.743044333333,0.06666666666666667,4.5,23,25.0,Standard,0
6029,18,227115.06889,12617.503827222223,0.1111111111111111,4.611111111111111,9,18.0,Standard,0
6030,2,11463.37396,5731.68698,0.0,3.5,592,32.0,Silver,0
6031,2,3134.56338,1567.28169,0.0,2.0,489,28.0,Silver,1
6032,16,186293.15482,11643.32217625,0.125,3.8125,3,21.0,Standard,0
6033,1,2677.8023999999996,2677.8023999999996,0.0,2.0,210,37.0,Standard,1
6034,1,2520.47014,2520.47014,1.0,3.0,72,31.0,Standard,1
6035,1,147.42452,147.42452,0.0,6.0,599,21.0,Standard,1
6036,5,22897.66246,4579.532492,0.2,3.0,94,23.0,Standard,0
6037,2,47744.1014,23872.0507,0.0,3.0,11,37.0,Standard,0
6038,4,35053.56118,8763.390295,0.0,4.5,82,29.0,Standard,1
6039,5,10882.31325,2176.46265,0.0,3.8,29,28.0,Standard,0
6040,1,262145.46384,262145.46384,0.0,1.0,90,27.0,Standard,1
6041,50,599038.41507,11980.7683014,0.06,3.16,5,35.0,Silver,0
6042,34,390604.43592,11488.365762352942,0.058823529411764705,3.2941176470588234,33,38.0,Silver,0
6043,3,39980.185679999995,13326.728559999998,0.3333333333333333,5.0,197,39.0,Standard,1
6044,2,14237.008559999998,7118.504279999999,0.5,1.5,272,42.0,Standard,0
6045,4,3742.5062,935.62655,0.0,3.75,618,33.0,Standard,1
6046,1,1109.2384800000002,1109.2384800000002,0.0,1.0,239,30.0,Gold,1
6048,3,17440.52164,5813.507213333333,0.0,3.0,494,23.0,Standard,0
6050,17,177728.51067999998,10454.618275294117,0.0,3.588235294117647,18,44.0,Silver,1
6052,3,29675.35704,9891.785679999999,0.0,4.666666666666667,354,39.0,Gold,1
6053,44,602195.89459,13686.27033159091,0.045454545454545456,3.0,8,33.0,Standard,0
6054,1,15411.08238,15411.08238,0.0,1.0,926,24.0,Premium,1
6055,3,17892.583150000002,5964.194383333334,0.0,2.6666666666666665,35,22.0,Silver,1
6057,21,650839.68837,30992.366112857144,0.0,2.857142857142857,5,27.0,Premium,0
6058,2,413380.1360899999,206690.06804499996,0.0,4.5,23,20.0,Gold,1
6059,2,11051.17868,5525.58934,0.5,5.0,148,45.0,Standard,1
6060,2,5316.299319999999,2658.1496599999996,0.0,3.5,162,28.0,Standard,0
6061,7,320886.6482,45840.94974285714,0.0,4.571428571428571,49,31.0,Gold,0
6062,2,17105.510280000002,8552.755140000001,0.0,4.5,458,31.0,Standard,1
6063,1,6275.03034,6275.03034,0.0,8.0,57,24.0,Standard,0
6065,2,1595.6994,797.8497,0.5,5.0,81,31.0,Silver,1
6066,3,5621.501679999999,1873.8338933333332,0.0,3.3333333333333335,233,32.0,Standard,1
6067,28,485419.42466,17336.40802357143,0.14285714285714285,3.25,50,23.0,Premium,0
6069,1,5043.739680000001,5043.739680000001,1.0,5.0,47,34.0,Silver,0
6070,31,389912.81965,12577.832891935484,0.0967741935483871,3.193548387096774,19,29.0,Standard,0
6072,4,29360.715340000002,7340.178835000001,0.0,4.5,101,18.0,Standard,1
6073,7,119333.94458,17047.706368571427,0.14285714285714285,3.5714285714285716,118,29.0,Silver,0
6074,1,166.32,166.32,0.0,4.0,32,32.0,Gold,1
6075,4,17628.80606,4407.201515,0.0,2.0,146,34.0,Standard,1
6076,1,1173.7680300000002,1173.7680300000002,0.0,5.0,213,21.0,Standard,1
6078,3,33763.76852,11254.589506666665,0.3333333333333333,3.0,71,24.0,Standard,1
6080,9,110848.16148000001,12316.462386666668,0.1111111111111111,2.888888888888889,14,35.0,Standard,0
6081,1,1867.36416,1867.36416,0.0,4.0,109,22.0,Standard,0
6082,33,260445.08237,7892.275223333333,0.030303030303030304,2.8181818181818183,24,45.0,Standard,0
6084,2,11399.51628,5699.75814,0.0,5.5,134,18.0,Standard,1
6085,2,2007.15137,1003.575685,0.0,6.0,3,25.0,Silver,1
6086,9,87491.60556,9721.289506666666,0.2222222222222222,4.555555555555555,60,18.0,Silver,0
6087,1,28371.55296,28371.55296,0.0,4.0,958,36.0,Silver,1
6088,2,1879.4172600000002,939.7086300000001,0.0,3.5,500,18.0,Standard,0
6090,11,218698.26969,19881.66088090909,0.0,3.8181818181818183,72,24.0,Standard,0
6091,2,15585.15558,7792.57779,0.0,2.5,17,33.0,Standard,1
6092,5,17353.88235,3470.77647,0.0,3.4,145,36.0,Standard,1
6093,2,11046.56654,5523.28327,0.0,6.0,86,32.0,Standard,1
6095,1,772.7731200000001,772.7731200000001,0.0,3.0,422,24.0,Standard,1
6096,2,215585.48132000002,107792.74066000001,0.0,3.0,326,20.0,Standard,1
6097,1,41151.664670000006,41151.664670000006,0.0,4.0,522,37.0,Gold,1
6098,1,2818.18312,2818.18312,0.0,2.0,165,18.0,Silver,1
6099,1,3177.7444000000005,3177.7444000000005,0.0,2.0,753,18.0,Silver,1
6100,1,8732.13887,8732.13887,1.0,2.0,863,28.0,Standard,0
6101,32,347826.65512,10869.5829725,0.0625,4.0625,25,32.0,Standard,1
6102,26,141904.9019,5457.880842307693,0.07692307692307693,4.384615384615385,21,25.0,Standard,0
6103,4,34756.98073,8689.2451825,0.0,3.0,60,50.0,Silver,1
6104,1,7804.278600000001,7804.278600000001,0.0,2.0,1019,31.0,Standard,1
6105,7,33191.35767,4741.622524285714,0.14285714285714285,3.4285714285714284,27,27.0,Standard,0
6106,38,485331.1887,12771.873386842106,0.0,3.289473684210526,0,36.0,Standard,0
6107,2,6678.72266,3339.36133,0.0,4.0,152,18.0,Standard,1
6108,23,246185.5062,10703.717660869564,0.13043478260869565,4.217391304347826,13,26.0,Standard,0
6109,2,2032.28408,1016.14204,0.0,5.0,56,55.0,Silver,0
6111,4,13502.98168,3375.74542,0.0,1.75,331,26.0,Standard,1
6112,3,11869.06736,3956.3557866666665,0.0,4.0,117,18.0,Silver,0
6113,8,155656.27181,19457.03397625,0.0,2.75,15,37.0,Standard,0
6114,1,2375.85564,2375.85564,0.0,4.0,730,39.0,Silver,1
6115,2,1559.66289,779.831445,0.0,4.5,1,31.0,Standard,1
6116,5,20951.45482,4190.290964,0.0,3.6,256,30.0,Standard,1
6117,33,469495.88762,14227.14810969697,0.09090909090909091,3.8181818181818183,39,32.0,Standard,1
6118,2,15235.467399999998,7617.733699999999,0.5,2.5,16,32.0,Silver,0
6120,12,127739.22474,10644.935395,0.0,3.4166666666666665,13,23.0,Standard,0
6121,33,304153.68984,9216.77848,0.09090909090909091,4.454545454545454,16,27.0,Silver,0
6122,2,10667.186569999998,5333.593284999999,0.0,3.5,288,34.0,Standard,1
6123,3,4468.1233,1489.3744333333334,0.0,4.666666666666667,29,20.0,Standard,0
6124,1,1047.79559,1047.79559,0.0,5.0,448,18.0,Standard,1
6125,2,3165.4299600000004,1582.7149800000002,0.0,5.5,64,22.0,Gold,0
6126,1,2434.42114,2434.42114,1.0,5.0,347,40.0,Standard,0
6127,2,2161.18166,1080.59083,0.0,6.0,245,41.0,Premium,1
6128,33,242805.63721,7357.746582121212,0.12121212121212122,3.0606060606060606,49,32.0,Gold,0
6130,1,630.2303999999999,630.2303999999999,0.0,3.0,149,37.0,Standard,1
6131,41,501335.4486,12227.693868292683,0.0975609756097561,4.048780487804878,98,26.0,Premium,0
6132,3,13126.75702,4375.585673333333,0.0,5.333333333333333,0,30.0,Standard,1
6133,1,2823.81066,2823.81066,0.0,4.0,93,33.0,Silver,0
6134,1,2869.72036,2869.72036,1.0,1.0,380,18.0,Silver,1
6136,9,39093.14826,4343.68314,0.1111111111111111,3.3333333333333335,5,22.0,Standard,0
6137,4,56281.29853000001,14070.324632500002,0.0,3.5,182,30.0,Silver,1
6138,34,689936.68267,20292.255372647058,0.08823529411764706,4.176470588235294,10,21.0,Standard,0
6139,7,120188.05273000001,17169.72181857143,0.14285714285714285,3.0,24,25.0,Standard,0
6140,3,10369.21924,3456.4064133333336,0.3333333333333333,5.0,42,18.0,Standard,1
6141,4,27736.80795,6934.2019875,0.0,4.75,4,36.0,Silver,0
6142,1,89.59356,89.59356,0.0,2.0,29,37.0,Silver,1
6143,11,50536.207650000004,4594.200695454546,0.0,3.909090909090909,69,33.0,Standard,0
6144,4,125209.55686,31302.389215,0.25,3.0,125,25.0,Standard,0
6145,2,23991.31976,11995.65988,0.0,2.5,176,23.0,Premium,0
6146,4,8630.96611,2157.7415275,0.0,4.0,9,34.0,Premium,0
6147,2,8329.55012,4164.77506,0.5,3.5,191,40.0,Standard,1
6148,22,735008.39695,33409.47258863636,0.045454545454545456,3.3636363636363638,12,20.0,Standard,0
6149,2,21718.41156,10859.20578,0.0,5.0,257,18.0,Standard,0
6150,3,3646.60628,1215.5354266666666,0.3333333333333333,4.0,160,23.0,Standard,0
6151,2,64863.557199999996,32431.778599999998,0.0,5.5,728,31.0,Gold,1
6152,2,113895.68879999999,56947.844399999994,0.0,4.0,159,24.0,Gold,1
6153,28,457852.81442999997,16351.886229642856,0.10714285714285714,2.7142857142857144,2,24.0,Standard,0
6154,12,234193.85929999998,19516.154941666664,0.0,4.083333333333333,92,23.0,Standard,0
6155,8,132795.81735,16599.47716875,0.0,2.375,47,18.0,Premium,0
6156,3,20889.44898,6963.14966,0.0,3.3333333333333335,3,41.0,Standard,0
6157,47,815599.8206699999,17353.187673829787,0.0425531914893617,3.0,31,23.0,Silver,0
6158,2,6899.01407,3449.507035,0.0,3.0,2,18.0,Gold,1
6160,1,7981.155750000001,7981.155750000001,0.0,4.0,256,21.0,Standard,0
6161,31,480555.62522999995,15501.794362258062,0.0,4.548387096774194,0,44.0,Premium,0
6162,2,14584.38481,7292.192405,0.0,3.5,320,26.0,Silver,1
6163,40,348247.92153,8706.19803825,0.05,3.2,13,21.0,Standard,0
6165,1,4349.964900000001,4349.964900000001,0.0,4.0,454,28.0,Silver,1
6166,21,336196.78791,16009.370852857144,0.0,3.0,8,41.0,Standard,0
6167,10,80003.17901,8000.317901,0.1,3.7,11,18.0,Standard,0
6168,27,187561.0982,6946.707340740741,0.037037037037037035,3.4074074074074074,2,54.0,Gold,0
6169,3,13625.861229999999,4541.953743333333,0.0,5.0,173,37.0,Standard,1
6170,42,498655.19256,11872.74268,0.09523809523809523,4.119047619047619,5,45.0,Standard,0
6171,2,12610.62048,6305.31024,0.0,4.5,173,27.0,Standard,1
6172,3,198865.71602,66288.57200666667,0.0,3.0,369,43.0,Silver,1
6173,3,487859.20006,162619.73335333334,0.0,5.0,246,18.0,Standard,1
6174,1,452.69844,452.69844,0.0,7.0,178,23.0,Standard,0
6175,19,155390.13257000002,8178.428030000001,0.0,3.0,25,41.0,Silver,0
6176,33,807113.3004899999,24457.97880272727,0.09090909090909091,4.03030303030303,56,34.0,Standard,0
6177,2,1581.10603,790.553015,0.0,6.0,405,28.0,Standard,1
6180,23,231889.5209,10082.153082608696,0.13043478260869565,3.347826086956522,13,33.0,Standard,0
6182,9,102340.92494999999,11371.213883333332,0.0,3.5555555555555554,42,23.0,Standard,0
6183,5,8889.04754,1777.8095079999998,0.0,4.4,29,19.0,Silver,1
6184,2,12168.594979999998,6084.297489999999,0.0,5.0,180,43.0,Gold,1
6185,19,423010.72917999997,22263.72258842105,0.0,3.3684210526315788,15,25.0,Silver,0
6186,4,60890.16109999999,15222.540274999998,0.0,3.5,26,33.0,Standard,0
6187,2,335613.70086,167806.85043,0.0,3.5,230,33.0,Standard,1
6189,1,952.53111,952.53111,0.0,5.0,77,32.0,Standard,1
6192,2,2807.22191,1403.610955,0.0,3.0,166,23.0,Silver,0
6193,1,3932.2732,3932.2732,1.0,6.0,79,23.0,Silver,0
6194,3,122607.021,40869.007,0.3333333333333333,5.333333333333333,201,34.0,Standard,1
6195,1,3099.9507,3099.9507,0.0,6.0,118,40.0,Standard,1
6197,1,164662.72052,164662.72052,0.0,2.0,167,26.0,Silver,1
6198,1,75471.80487,75471.80487,0.0,5.0,398,29.0,Standard,1
6199,3,41237.99961,13745.99987,0.0,4.0,79,41.0,Gold,0
6200,1,7737.87071,7737.87071,0.0,3.0,682,23.0,Standard,1
6201,2,21669.93313,10834.966565,0.0,4.0,3,36.0,Silver,1
6203,1,987.4799999999999,987.4799999999999,0.0,4.0,191,39.0,Standard,1
6204,2,122350.69693,61175.348465,0.0,2.5,180,28.0,Standard,1
6205,28,240182.31411,8577.939789642858,0.10714285714285714,3.857142857142857,3,29.0,Silver,0
6206,37,689662.63217,18639.530599189187,0.08108108108108109,2.8378378378378377,16,40.0,Silver,0
6208,4,50946.47223,12736.6180575,0.0,4.5,18,34.0,Standard,1
6209,9,102231.92994,11359.103326666667,0.0,2.888888888888889,24,46.0,Standard,0
6210,1,1046.6670399999998,1046.6670399999998,0.0,2.0,190,28.0,Standard,0
6212,4,26903.671049999997,6725.917762499999,0.0,3.25,220,23.0,Standard,1
6213,5,24179.57556,4835.915112000001,0.2,3.0,114,36.0,Premium,1
6215,10,96468.34290999999,9646.834291,0.1,3.2,199,27.0,Silver,1
6216,1,620.9287199999999,620.9287199999999,1.0,2.0,570,24.0,Standard,1
6218,1,1279.0848,1279.0848,0.0,3.0,912,31.0,Standard,1
6219,1,1021.6966800000001,1021.6966800000001,0.0,2.0,494,29.0,Gold,1
6220,3,122355.92633,40785.308776666665,0.0,4.333333333333333,142,23.0,Standard,1
6221,7,47312.88144,6758.983062857143,0.0,4.857142857142857,67,34.0,Premium,1
6222,7,141462.32034,20208.902905714287,0.0,4.428571428571429,125,22.0,Standard,0
6223,5,178005.97436000002,35601.19487200001,0.0,2.2,52,28.0,Premium,1
6224,1,7817.55453,7817.55453,0.0,3.0,212,65.0,Standard,0
6225,2,17122.08063,8561.040315,0.0,5.5,17,26.0,Silver,1
6226,2,88917.05544000001,44458.527720000006,0.0,4.0,276,38.0,Gold,1
6227,13,44729.64278,3440.7417523076924,0.15384615384615385,3.8461538461538463,37,35.0,Gold,0
6228,21,464599.69448,22123.794975238096,0.047619047619047616,4.190476190476191,7,23.0,Standard,0
6229,1,6170.0408,6170.0408,0.0,2.0,5,22.0,Gold,0
6230,2,2775.0274200000003,1387.5137100000002,0.0,4.0,51,47.0,Standard,0
6231,14,377490.99466,26963.64247571429,0.21428571428571427,3.5,1,31.0,Silver,0
6234,33,393004.34941,11909.22270939394,0.030303030303030304,3.3333333333333335,5,42.0,Gold,0
6235,27,319266.59883000003,11824.688845555556,0.037037037037037035,3.2222222222222223,2,31.0,Silver,0
6236,2,937.92552,468.96276,0.0,3.5,0,27.0,Standard,1
6237,14,152990.84655,10927.917610714285,0.07142857142857142,4.571428571428571,6,31.0,Silver,0
6238,44,417915.68714,9498.083798636364,0.09090909090909091,2.8863636363636362,48,18.0,Standard,0
6239,20,156776.73087,7838.8365435,0.15,3.05,0,25.0,Standard,0
6241,1,410.74677,410.74677,0.0,3.0,849,38.0,Standard,1
6242,1,567.00294,567.00294,0.0,3.0,17,25.0,Premium,1
6243,32,729755.46872,22804.8583975,0.0625,4.84375,7,51.0,Silver,0
6245,18,91135.86267,5063.103481666667,0.0,3.4444444444444446,8,40.0,Standard,0
6246,1,31178.2179,31178.2179,0.0,1.0,148,42.0,Silver,0
6247,5,35500.73538,7100.147075999999,0.2,3.0,24,29.0,Standard,1
6248,5,39923.638020000006,7984.7276040000015,0.2,3.8,1,23.0,Standard,0
6249,2,3175.8552099999997,1587.9276049999999,0.5,5.0,248,37.0,Standard,1
6250,3,129506.87491999999,43168.95830666666,0.0,5.0,449,37.0,Gold,1
6251,32,523936.47255,16373.0147671875,0.0625,4.09375,21,39.0,Standard,0
6252,8,38740.293920000004,4842.5367400000005,0.125,3.5,114,18.0,Silver,1
6253,1,2504.27565,2504.27565,0.0,3.0,2,41.0,Standard,0
6254,5,45719.26104,9143.852208,0.0,2.2,167,51.0,Standard,1
6255,17,169974.99783,9998.529284117647,0.0,3.1176470588235294,44,31.0,Standard,0
6256,8,103669.68002999999,12958.710003749999,0.0,3.25,58,26.0,Standard,0
6257,8,161788.84702,20223.6058775,0.0,3.625,106,24.0,Standard,1
6258,3,1760.7978,586.9326,0.0,3.6666666666666665,3,33.0,Standard,0
6260,1,2347.5497100000002,2347.5497100000002,0.0,6.0,33,25.0,Premium,0
6261,4,103798.38701,25949.5967525,0.0,4.0,120,24.0,Silver,1
6263,4,27800.95035,6950.2375875,0.25,4.0,3,31.0,Standard,0
6264,1,5891.8104,5891.8104,0.0,5.0,87,31.0,Standard,0
6265,11,53069.245,4824.476818181818,0.45454545454545453,4.454545454545454,9,42.0,Standard,0
6266,4,34051.42714,8512.856785,0.0,3.75,8,36.0,Silver,1
6267,3,9743.13604,3247.7120133333333,0.0,2.0,44,28.0,Standard,1
6268,1,377.35880000000003,377.35880000000003,0.0,5.0,383,36.0,Silver,1
6270,1,398.13389,398.13389,0.0,2.0,324,25.0,Silver,0
6271,2,1578.3836399999998,789.1918199999999,0.0,4.0,139,35.0,Silver,0
6272,1,3641.6844000000006,3641.6844000000006,0.0,3.0,68,39.0,Standard,1
6274,2,4178.59936,2089.29968,0.0,3.0,916,41.0,Standard,1
6275,5,44628.10122,8925.620244,0.0,3.6,16,20.0,Standard,1
6276,3,7866.03206,2622.0106866666665,0.0,3.0,102,37.0,Gold,0
6277,4,39031.405230000004,9757.851307500001,0.0,2.5,12,27.0,Standard,1
6278,3,21226.45664,7075.485546666667,0.0,3.3333333333333335,47,31.0,Standard,1
6279,1,5724.44314,5724.44314,0.0,2.0,292,26.0,Standard,1
6280,1,1448.4328400000002,1448.4328400000002,0.0,4.0,60,24.0,Standard,0
6281,12,628870.46093,52405.87174416666,0.08333333333333333,4.25,15,32.0,Standard,0
6283,29,942708.7103299999,32507.196907931033,0.0,3.413793103448276,46,37.0,Standard,0
6284,11,262145.44892999995,23831.404448181813,0.0,3.090909090909091,143,35.0,Standard,1
6285,13,119386.77179000001,9183.59783,0.0,3.5384615384615383,41,25.0,Gold,0
6288,4,11441.62248,2860.40562,0.0,2.75,99,39.0,Standard,1
6289,3,36552.241140000006,12184.080380000001,0.0,3.0,365,25.0,Silver,1
6290,10,49542.267100000005,4954.226710000001,0.1,3.0,36,37.0,Standard,0
6291,9,34555.119510000004,3839.457723333334,0.0,3.4444444444444446,8,36.0,Standard,0
6292,41,253108.82295,6173.385925609756,0.07317073170731707,3.1463414634146343,30,47.0,Silver,0
6293,3,8187.68181,2729.22727,0.0,3.0,108,21.0,Standard,1
6294,3,102511.17337,34170.391123333335,0.0,2.6666666666666665,176,32.0,Gold,1
6295,2,4226.592479999999,2113.2962399999997,0.0,3.0,176,42.0,Silver,1
6296,1,2492.9120000000003,2492.9120000000003,0.0,3.0,43,24.0,Silver,1
6297,13,305829.03054,23525.31004153846,0.07692307692307693,3.8461538461538463,23,30.0,Standard,0
6298,38,365826.44405,9627.011685526315,0.07894736842105263,3.4210526315789473,6,33.0,Silver,0
6299,1,2837.8920000000003,2837.8920000000003,0.0,4.0,398,34.0,Silver,1
6300,2,6083.70831,3041.854155,0.0,3.5,568,39.0,Standard,1
6301,5,47665.05325999999,9533.010651999999,0.0,3.0,19,24.0,Standard,0
6302,1,1101.0636,1101.0636,0.0,4.0,112,43.0,Standard,1
6303,2,9605.51608,4802.75804,0.0,3.5,129,31.0,Gold,1
6304,15,60686.08601,4045.7390673333334,0.06666666666666667,3.8666666666666667,65,18.0,Silver,1
6305,3,141661.5699,47220.5233,0.0,2.3333333333333335,419,29.0,Gold,1
6306,2,122451.67107,61225.835535,0.0,6.5,392,18.0,Premium,1
6307,3,5832.572,1944.1906666666666,0.0,3.6666666666666665,127,28.0,Standard,1
6308,4,46622.165779999996,11655.541444999999,0.0,2.75,175,40.0,Premium,0
6309,29,373856.47954000003,12891.602742758621,0.10344827586206896,3.206896551724138,1,40.0,Standard,0
6310,3,22332.59092,7444.196973333333,0.0,3.0,76,33.0,Standard,1
6312,1,7969.420159999999,7969.420159999999,0.0,3.0,44,22.0,Silver,0
6313,11,93340.62291,8485.511173636363,0.09090909090909091,4.0,50,43.0,Silver,0
6315,18,192969.9915,10720.555083333333,0.1111111111111111,3.7222222222222223,3,21.0,Standard,0
6316,13,170128.99339,13086.845645384614,0.0,2.769230769230769,4,18.0,Standard,1
6317,2,20776.996619999998,10388.498309999999,0.0,1.5,54,42.0,Silver,0
6318,1,7403.2896,7403.2896,0.0,4.0,544,18.0,Standard,1
6319,6,17976.94408,2996.157346666667,0.0,2.1666666666666665,36,20.0,Silver,0
6320,6,8186.1217,1364.3536166666665,0.0,2.8333333333333335,485,37.0,Silver,1
6322,12,138083.93667999998,11506.994723333331,0.0,3.8333333333333335,73,36.0,Standard,0
6323,13,247011.71045999997,19000.900804615383,0.15384615384615385,4.153846153846154,17,35.0,Standard,0
6325,1,1565.2104,1565.2104,0.0,5.0,34,24.0,Standard,0
6326,1,12623.27152,12623.27152,0.0,5.0,393,30.0,Standard,1
6328,19,359575.60507,18925.031845789472,0.0,3.789473684210526,5,37.0,Silver,0
6329,2,10886.89848,5443.44924,0.0,4.5,11,40.0,Gold,0
6330,5,28193.15153,5638.630306,0.2,3.2,207,28.0,Standard,1
6331,9,79237.22085,8804.13565,0.1111111111111111,3.4444444444444446,11,24.0,Standard,1
6332,2,3161.35567,1580.677835,0.0,4.0,134,37.0,Silver,1
6333,2,1868.72401,934.362005,0.0,3.0,52,41.0,Standard,1
6334,5,13713.484639999999,2742.696928,0.0,4.0,28,33.0,Silver,1
6335,5,52806.881380000006,10561.376276,0.0,3.0,103,39.0,Standard,1
6336,3,42678.748620000006,14226.249540000003,0.0,3.3333333333333335,160,18.0,Silver,1
6338,5,42651.08279,8530.216558,0.2,3.8,80,33.0,Standard,1
6339,2,257.86325,128.931625,0.0,4.0,290,32.0,Premium,1
6341,4,37317.61026,9329.402565,0.0,3.5,181,38.0,Silver,0
6342,40,832255.65343,20806.39133575,0.125,2.825,7,25.0,Standard,0
6343,3,3532.25466,1177.41822,0.0,3.6666666666666665,382,18.0,Silver,1
6344,16,118448.61606,7403.03850375,0.0,4.4375,1,31.0,Standard,0
6345,3,3101.21616,1033.73872,0.3333333333333333,6.333333333333333,295,25.0,Standard,1
6346,5,82489.78976999999,16497.957953999998,0.0,2.8,19,32.0,Gold,0
6347,20,156291.17232,7814.558616,0.0,3.3,16,28.0,Premium,0
6349,1,66169.5995,66169.5995,0.0,4.0,48,29.0,Standard,0
6350,5,66144.38500000001,13228.877000000002,0.0,3.6,39,21.0,Standard,1
6353,2,7611.910390000001,3805.9551950000005,0.0,4.5,499,26.0,Silver,1
6354,3,4900.11129,1633.37043,0.0,2.0,97,34.0,Premium,0
6355,6,125667.03646,20944.50607666667,0.0,5.0,37,52.0,Standard,1
6356,6,260546.50445,43424.417408333335,0.0,4.0,431,30.0,Standard,1
6357,2,13375.326299999999,6687.663149999999,0.0,3.0,63,27.0,Standard,1
6358,1,103288.95563000001,103288.95563000001,0.0,5.0,455,30.0,Standard,1
6359,7,48299.68671,6899.955244285715,0.0,4.142857142857143,70,28.0,Standard,1
6360,42,311716.26563,7421.815848333333,0.09523809523809523,3.142857142857143,30,21.0,Standard,0
6361,2,2329.7125800000003,1164.8562900000002,0.0,2.5,111,31.0,Standard,1
6362,9,43796.74452,4866.304946666667,0.0,4.444444444444445,67,26.0,Silver,1
6364,1,8537.27646,8537.27646,0.0,3.0,130,20.0,Silver,1
6365,27,285838.30228,10586.603788148148,0.037037037037037035,3.5185185185185186,23,29.0,Gold,0
6366,3,13813.020639999999,4604.340213333333,0.3333333333333333,4.666666666666667,263,27.0,Standard,1
6367,2,35096.73062,17548.36531,0.0,4.0,47,25.0,Standard,1
6368,2,7992.3938,3996.1969,0.5,3.5,98,31.0,Standard,0
6369,43,877513.5481100001,20407.29181651163,0.11627906976744186,3.9069767441860463,46,22.0,Silver,0
6370,2,9786.90163,4893.450815,0.0,5.5,389,39.0,Standard,1
6371,11,41808.55811,3800.77801,0.0,3.1818181818181817,185,34.0,Premium,0
6375,3,17200.93232,5733.644106666667,0.0,3.0,218,19.0,Standard,1
6376,2,25922.3522,12961.1761,0.0,5.5,63,40.0,Standard,1
6377,1,592.63204,592.63204,0.0,5.0,264,31.0,Standard,1
6378,5,9938.9088,1987.7817599999998,0.0,4.2,131,18.0,Standard,0
6379,2,9380.90191,4690.450955,0.0,4.5,29,34.0,Standard,1
6380,2,14468.8562,7234.4281,0.0,5.5,92,24.0,Standard,1
6381,3,13922.19678,4640.73226,0.0,3.3333333333333335,108,32.0,Standard,0
6382,4,9150.57266,2287.643165,0.0,2.75,1,37.0,Standard,0
6383,14,70546.94497,5039.067497857142,0.14285714285714285,4.5,68,47.0,Standard,0
6384,2,1305.53042,652.76521,0.0,6.0,81,34.0,Standard,1
6385,2,5148.27842,2574.13921,0.0,2.5,649,19.0,Standard,1
6386,3,16450.513310000002,5483.504436666667,0.0,3.3333333333333335,35,44.0,Silver,0
6387,2,2399.3941999999997,1199.6970999999999,0.0,2.5,113,32.0,Standard,0
6388,9,74017.08929999999,8224.121033333333,0.3333333333333333,2.888888888888889,16,36.0,Standard,0
6389,2,161106.92235999997,80553.46117999998,0.0,2.5,53,40.0,Gold,0
6390,3,3540.67052,1180.2235066666667,0.0,4.0,262,27.0,Standard,1
6391,5,35111.054619999995,7022.210923999999,0.0,2.2,75,32.0,Standard,1
6392,2,15227.60416,7613.80208,0.0,1.0,337,28.0,Gold,1
6393,3,14399.710579999999,4799.903526666666,0.0,2.6666666666666665,296,29.0,Standard,0
6394,3,12479.31627,4159.7720899999995,0.0,3.3333333333333335,20,34.0,Standard,0
6395,12,496641.48099999997,41386.79008333333,0.16666666666666666,3.5,23,54.0,Standard,0
6396,2,17731.211,8865.6055,0.0,3.0,116,40.0,Standard,1
6399,1,22598.68964,22598.68964,0.0,5.0,40,18.0,Standard,1
6400,3,178426.93464,59475.64488,0.0,4.666666666666667,304,34.0,Standard,0
6401,6,176241.03822000002,29373.506370000003,0.0,2.5,21,33.0,Silver,1
6402,3,23397.389370000004,7799.129790000002,0.0,3.3333333333333335,21,25.0,Silver,1
6403,1,3040.57821,3040.57821,0.0,1.0,3,27.0,Gold,0
6404,28,394773.8075,14099.064553571428,0.10714285714285714,4.5,2,32.0,Gold,0
6405,1,2012.1132000000002,2012.1132000000002,1.0,5.0,557,34.0,Silver,1
6406,2,3859.82418,1929.91209,0.0,4.0,77,31.0,Standard,1
6407,13,120469.30971,9266.869977692308,0.07692307692307693,3.6153846153846154,9,29.0,Gold,0
6408,5,33997.61614,6799.523228,0.2,3.8,72,29.0,Silver,0
6410,4,24187.23904,6046.80976,0.25,1.5,13,32.0,Silver,0
6411,36,326879.1682,9079.976894444444,0.05555555555555555,4.222222222222222,2,30.0,Silver,0
6412,2,81827.44527000001,40913.722635000006,0.0,5.5,27,30.0,Premium,1
6413,3,69511.06862,23170.356206666667,0.6666666666666666,4.333333333333333,39,25.0,Silver,0
6414,43,683613.53463,15897.989177441861,0.046511627906976744,3.186046511627907,22,45.0,Standard,0
6416,1,116916.8377,116916.8377,0.0,3.0,858,35.0,Silver,1
6417,17,123076.29416,7239.782009411765,0.0,3.588235294117647,0,28.0,Standard,0
6419,2,1689.0841600000003,844.5420800000002,0.5,2.5,61,32.0,Standard,1
6420,11,48859.44479,4441.767708181818,0.09090909090909091,4.0,208,18.0,Standard,0
6421,19,137836.33338999999,7254.543862631578,0.0,4.421052631578948,43,18.0,Standard,0
6422,6,9950.99375,1658.4989583333333,0.3333333333333333,4.0,53,27.0,Gold,0
6423,3,9318.287980000001,3106.095993333334,0.3333333333333333,4.0,446,22.0,Silver,0
6424,2,60494.3262,30247.1631,0.0,1.5,23,34.0,Standard,0
6425,22,396856.2851,18038.922049999997,0.0,3.0454545454545454,12,35.0,Gold,0
6426,1,3073.43262,3073.43262,0.0,4.0,63,32.0,Standard,0
6427,2,1328.65746,664.32873,0.5,3.0,72,47.0,Standard,1
6428,3,10953.94288,3651.3142933333334,0.3333333333333333,2.3333333333333335,49,28.0,Standard,1
6430,3,24274.1739,8091.3913,0.3333333333333333,4.666666666666667,73,48.0,Standard,0
6431,1,1401.04925,1401.04925,0.0,3.0,35,33.0,Standard,0
6433,5,24471.463,4894.2926,0.0,3.4,39,27.0,Standard,1
6434,10,305398.61246000003,30539.861246000004,0.1,3.2,0,40.0,Gold,0
6435,3,111691.64929,37230.549763333336,0.0,3.0,157,47.0,Premium,0
6436,1,3536.06528,3536.06528,0.0,3.0,9,26.0,Standard,0
6437,4,4915.8613000000005,1228.9653250000001,0.0,4.0,56,25.0,Standard,1
6438,2,13779.499380000001,6889.749690000001,0.0,3.0,61,36.0,Silver,1
6441,3,73651.9421,24550.647366666668,0.0,3.0,116,18.0,Standard,0
6442,2,2050.67128,1025.33564,0.0,4.0,540,26.0,Standard,0
6443,1,2680.9909199999997,2680.9909199999997,0.0,3.0,115,21.0,Silver,1
6444,3,24066.52266,8022.17422,0.3333333333333333,3.3333333333333335,666,39.0,Silver,1
6446,27,581166.60615,21524.68911666667,0.1111111111111111,4.2592592592592595,29,26.0,Silver,0
6447,1,3150.66474,3150.66474,0.0,3.0,68,36.0,Standard,1
6448,8,67315.98798,8414.4984975,0.0,3.375,23,18.0,Standard,1
6449,36,295991.82112,8221.99503111111,0.1388888888888889,4.25,1,35.0,Standard,0
6450,15,126383.47432000001,8425.564954666666,0.13333333333333333,4.066666666666666,5,18.0,Gold,0
6451,8,209488.77321,26186.09665125,0.0,3.125,228,43.0,Standard,0
6452,2,4186.04101,2093.020505,0.0,3.5,733,25.0,Standard,1
6453,3,5221.04494,1740.3483133333332,0.0,3.6666666666666665,20,31.0,Standard,1
6454,4,7172.13884,1793.03471,0.25,3.0,11,46.0,Standard,0
6455,2,2664.9609600000003,1332.4804800000002,0.5,6.0,315,18.0,Standard,1
6456,3,19839.68355,6613.22785,0.3333333333333333,3.0,79,36.0,Silver,0
6457,2,141092.64849000002,70546.32424500001,0.0,3.5,57,23.0,Silver,0
6458,2,430.88845000000003,215.44422500000002,0.0,5.5,125,24.0,Silver,1
6459,2,10862.62498,5431.31249,0.5,3.0,3,18.0,Standard,0
6460,3,83678.21958,27892.73986,0.0,4.0,24,20.0,Gold,0
6461,21,294849.45473,14040.450225238095,0.14285714285714285,3.619047619047619,8,22.0,Silver,0
6462,8,184561.58521000002,23070.198151250002,0.25,3.625,3,23.0,Standard,0
6463,4,145367.9492,36341.9873,0.0,4.5,75,28.0,Standard,1
6464,2,22678.461639999998,11339.230819999999,0.0,5.0,24,31.0,Standard,1
6466,5,66705.57574,13341.115148,0.0,4.6,24,30.0,Silver,0
6467,1,597.24936,597.24936,0.0,3.0,14,40.0,Gold,0
6468,18,254881.45612000002,14160.080895555557,0.16666666666666666,3.1666666666666665,3,18.0,Standard,0
6469,1,450.36315,450.36315,0.0,4.0,154,18.0,Gold,0
6470,3,12033.035720000002,4011.011906666667,0.0,4.666666666666667,41,46.0,Standard,1
6471,5,67757.93043,13551.586086,0.0,4.4,134,20.0,Gold,0
6474,25,424779.43112,16991.1772448,0.08,3.52,7,47.0,Gold,0
6475,17,150559.70209,8856.453064117648,0.11764705882352941,3.588235294117647,28,26.0,Gold,1
6476,4,130663.69459000001,32665.923647500003,0.0,3.0,555,27.0,Standard,1
6478,15,47093.25581,3139.5503873333337,0.06666666666666667,3.933333333333333,8,29.0,Silver,0
6479,10,399503.12636999995,39950.312636999995,0.2,3.4,91,32.0,Standard,0
6480,25,333758.44333,13350.3377332,0.12,3.36,23,25.0,Standard,0
6481,1,351.89833999999996,351.89833999999996,1.0,4.0,113,33.0,Silver,1
6482,16,35927.00813,2245.438008125,0.0,4.0,44,42.0,Gold,0
6483,2,8051.012070000001,4025.5060350000003,0.5,2.5,204,45.0,Silver,1
6485,2,189273.55810000002,94636.77905000001,0.0,3.5,23,33.0,Gold,0
6486,4,20167.681389999998,5041.9203474999995,0.0,2.25,331,33.0,Silver,1
6487,2,19286.176320000002,9643.088160000001,0.0,2.0,16,25.0,Standard,1
6489,2,12747.369759999998,6373.684879999999,0.0,3.5,130,35.0,Standard,1
6490,4,14083.2365,3520.809125,0.0,2.75,70,34.0,Standard,0
6491,1,4300.14777,4300.14777,0.0,3.0,65,41.0,Standard,0
6492,29,238906.10813,8238.141659655173,0.034482758620689655,3.5517241379310347,5,36.0,Gold,0
6493,3,107113.09500000002,35704.365000000005,0.6666666666666666,3.3333333333333335,180,27.0,Standard,1
6494,5,72206.99723,14441.399446,0.0,3.0,137,29.0,Gold,0
6495,1,822.59712,822.59712,0.0,1.0,514,42.0,Gold,1
6496,2,46389.68406,23194.84203,0.0,2.0,141,20.0,Silver,1
6497,7,384499.51359,54928.50194142857,0.0,3.2857142857142856,366,35.0,Silver,1
6499,4,29412.44484,7353.11121,0.0,4.5,4,32.0,Standard,0
6500,1,630.6375,630.6375,0.0,3.0,375,33.0,Gold,1
6501,2,12151.618709999999,6075.809354999999,0.0,4.0,103,21.0,Standard,1
6502,2,180068.79486000002,90034.39743000001,0.0,3.5,46,49.0,Gold,1
6503,3,13686.163390000002,4562.054463333334,0.0,4.333333333333333,143,18.0,Gold,1
6504,6,141089.40232,23514.900386666664,0.0,4.333333333333333,2,33.0,Standard,1
6506,2,6463.21824,3231.60912,0.0,2.0,11,33.0,Standard,0
6507,9,177605.49224,19733.943582222222,0.1111111111111111,2.888888888888889,119,26.0,Silver,1
6508,1,1514.2773,1514.2773,0.0,3.0,508,28.0,Standard,1
6509,3,4578.620559999999,1526.2068533333331,0.3333333333333333,3.6666666666666665,306,28.0,Silver,1
6510,1,90174.70008,90174.70008,0.0,2.0,315,23.0,Silver,1
6511,2,115551.22352,57775.61176,0.5,3.5,147,30.0,Standard,0
6512,35,437556.53087,12501.615167714286,0.0,4.057142857142857,1,30.0,Standard,0
6513,2,9880.7941,4940.39705,0.0,4.0,329,41.0,Standard,0
6516,2,3431.5400099999997,1715.7700049999999,0.0,3.0,3,35.0,Standard,0
6518,1,470.22108000000003,470.22108000000003,0.0,3.0,314,18.0,Gold,1
6520,11,239522.94629000002,21774.81329909091,0.0,4.545454545454546,10,30.0,Standard,0
6521,6,64861.81589,10810.302648333332,0.16666666666666666,3.5,11,33.0,Standard,0
6522,1,2536.28544,2536.28544,0.0,6.0,130,34.0,Standard,0
6524,6,153368.36946000002,25561.394910000003,0.0,2.5,38,24.0,Standard,0
6525,3,30173.3856,10057.7952,0.0,5.0,56,28.0,Standard,1
6526,25,227008.67403000002,9080.3469612,0.04,3.28,0,30.0,Standard,0
6527,4,27883.310309999997,6970.827577499999,0.25,3.75,52,31.0,Silver,1
6528,2,6524.86287,3262.431435,0.5,3.0,80,36.0,Gold,1
6529,5,31789.34751,6357.869502,0.2,4.2,97,18.0,Silver,0
6530,6,29143.842319999996,4857.307053333333,0.0,4.0,27,22.0,Standard,1
6531,5,32725.09521,6545.019042,0.2,3.0,75,51.0,Standard,0
6532,34,440299.59695,12949.988145588235,0.11764705882352941,3.264705882352941,24,44.0,Standard,0
6534,3,4192.4433,1397.4811,0.0,2.3333333333333335,150,28.0,Standard,1
6535,1,14550.9261,14550.9261,0.0,6.0,45,38.0,Standard,1
6536,2,2675.24433,1337.622165,0.5,3.5,522,19.0,Premium,1
6538,35,340393.07221,9725.516348857143,0.02857142857142857,4.0,15,20.0,Standard,0
6539,2,5155.91616,2577.95808,0.0,3.0,756,33.0,Standard,1
6541,5,27064.137430000002,5412.827486,0.0,3.4,11,25.0,Standard,1
6542,31,468138.42411,15101.239487419356,0.0967741935483871,3.870967741935484,18,37.0,Silver,0
6543,1,2837.5438,2837.5438,0.0,2.0,27,45.0,Standard,1
6545,5,318429.01908,63685.803816,0.0,3.4,92,39.0,Standard,1
6546,21,350857.59462999995,16707.504506190475,0.047619047619047616,3.4285714285714284,10,41.0,Silver,0
6548,4,14708.49432,3677.12358,0.0,3.0,37,29.0,Gold,0
6549,3,17843.25528,5947.75176,0.0,1.3333333333333333,104,22.0,Standard,1
6551,38,379277.07566,9980.975675263157,0.07894736842105263,3.8421052631578947,12,53.0,Standard,0
6553,4,13913.05629,3478.2640725,0.0,4.75,92,24.0,Standard,1
6554,1,8211.00805,8211.00805,0.0,4.0,311,31.0,Silver,1
6555,2,417292.37878,208646.18939,0.0,3.5,152,20.0,Standard,1
6556,10,80646.83339,8064.683339,0.0,4.1,11,36.0,Silver,0
6558,5,81343.00878,16268.601756,0.0,3.8,229,27.0,Standard,0
6559,1,1336.6641599999998,1336.6641599999998,0.0,5.0,17,22.0,Standard,0
6561,44,1294523.46077,29420.987744772727,0.09090909090909091,3.272727272727273,78,18.0,Gold,0
6562,1,833.4837600000001,833.4837600000001,0.0,4.0,7,26.0,Premium,0
6563,1,33234.6034,33234.6034,0.0,5.0,18,18.0,Silver,0
6565,2,12030.296330000001,6015.1481650000005,0.0,4.5,78,37.0,Standard,1
6566,1,3120.2769399999997,3120.2769399999997,0.0,4.0,31,18.0,Standard,1
6567,22,195348.45976,8879.475443636364,0.13636363636363635,4.363636363636363,13,28.0,Standard,0
6568,2,10217.63538,5108.81769,0.0,4.0,58,18.0,Standard,0
6569,1,7359.828839999999,7359.828839999999,1.0,3.0,2,18.0,Silver,0
6570,1,522.70227,522.70227,0.0,5.0,58,18.0,Silver,1
6572,7,189085.708,27012.244000000002,0.14285714285714285,3.142857142857143,3,27.0,Silver,0
6573,37,528696.08904,14289.083487567568,0.02702702702702703,4.27027027027027,38,30.0,Standard,0
6574,4,22101.3158,5525.32895,0.25,4.0,97,20.0,Standard,0
6575,10,13805.6874,1380.5687400000002,0.0,2.8,26,29.0,Premium,0
6576,12,47366.5215,3947.210125,0.0,3.1666666666666665,2,27.0,Silver,0
6577,8,47125.32672,5890.66584,0.125,3.625,25,24.0,Standard,0
6578,1,1209.0259999999998,1209.0259999999998,0.0,4.0,84,25.0,Standard,1
6579,12,39252.56444,3271.047036666667,0.08333333333333333,3.5833333333333335,2,43.0,Standard,0
6580,5,22095.945799999998,4419.18916,0.2,2.6,11,26.0,Standard,0
6581,1,749.1338199999999,749.1338199999999,1.0,4.0,201,31.0,Standard,1
6585,22,272417.02724,12382.592147272728,0.045454545454545456,3.3181818181818183,6,30.0,Standard,0
6586,3,73250.51174,24416.837246666666,0.3333333333333333,2.0,279,30.0,Standard,1
6587,9,9241.580899999999,1026.842322222222,0.0,3.6666666666666665,38,29.0,Standard,0
6590,42,737320.15443,17555.241772142857,0.11904761904761904,4.142857142857143,2,24.0,Standard,0
6591,41,608217.36124,14834.569786341463,0.04878048780487805,3.1219512195121952,25,33.0,Gold,0
6592,1,14655.17664,14655.17664,0.0,4.0,30,27.0,Standard,1
6593,9,37705.57794,4189.50866,0.1111111111111111,3.6666666666666665,85,36.0,Standard,0
6594,2,13509.783599999999,6754.891799999999,0.0,2.0,39,50.0,Standard,1
6595,2,37320.93636,18660.46818,0.0,3.5,714,31.0,Standard,1
6596,1,934.0072,934.0072,0.0,5.0,367,18.0,Standard,1
6597,1,2446.8683399999995,2446.8683399999995,0.0,5.0,44,36.0,Standard,0
6598,3,16089.81829,5363.272763333333,0.0,5.333333333333333,300,24.0,Gold,1
6599,2,1189.89426,594.94713,0.0,3.0,160,38.0,Silver,1
6600,1,9850.187,9850.187,0.0,3.0,1125,21.0,Standard,1
6601,1,6142.125840000001,6142.125840000001,0.0,4.0,641,24.0,Standard,0
6603,4,122045.05079000001,30511.262697500002,0.25,4.5,61,39.0,Silver,0
6604,1,1743.26112,1743.26112,0.0,2.0,71,18.0,Standard,0
6605,2,14457.372339999998,7228.686169999999,0.0,3.5,37,21.0,Silver,0
6606,1,22929.4388,22929.4388,0.0,3.0,398,27.0,Standard,0
6607,3,5564.8494900000005,1854.9498300000002,0.0,3.6666666666666665,14,29.0,Silver,0
6609,1,239.83440000000002,239.83440000000002,0.0,1.0,596,43.0,Silver,1
6611,6,96357.34418,16059.557363333333,0.16666666666666666,3.1666666666666665,14,30.0,Premium,0
6612,1,238.06223999999995,238.06223999999995,0.0,6.0,67,33.0,Standard,0
6613,20,637898.03148,31894.901574,0.1,4.15,51,32.0,Standard,0
6615,1,26024.823780000002,26024.823780000002,0.0,4.0,110,21.0,Standard,1
6616,1,1477.26924,1477.26924,0.0,4.0,0,40.0,Gold,0
6617,1,1061.90013,1061.90013,0.0,6.0,198,18.0,Standard,0
6618,20,145316.32196,7265.816098,0.15,4.9,22,25.0,Silver,0
6620,6,24162.14139,4027.023565,0.0,3.0,5,26.0,Premium,0
6621,1,85569.08166,85569.08166,1.0,4.0,1061,34.0,Standard,0
6625,2,10867.31132,5433.65566,0.0,4.0,485,32.0,Premium,1
6626,5,19712.76868,3942.5537360000003,0.0,2.4,9,37.0,Premium,1
6629,12,250189.71170000004,20849.14264166667,0.16666666666666666,3.1666666666666665,30,26.0,Standard,0
6630,2,3637.0440799999997,1818.5220399999998,0.0,3.5,12,28.0,Standard,1
6633,2,15065.30648,7532.65324,0.0,1.5,1,35.0,Premium,0
6634,2,10566.288880000002,5283.144440000001,0.5,3.0,933,34.0,Standard,0
6635,1,1983.58739,1983.58739,0.0,4.0,10,26.0,Gold,0
6638,16,89903.25903999999,5618.953689999999,0.0,3.75,20,41.0,Standard,0
6639,3,139341.85575000002,46447.28525000001,0.0,4.0,212,32.0,Standard,1
6641,42,695249.4337,16553.557945238095,0.047619047619047616,4.142857142857143,12,35.0,Premium,0
6642,4,47202.86418,11800.716045,0.25,4.5,12,39.0,Gold,0
6643,4,2376.12341,594.0308525,0.0,3.75,20,24.0,Silver,1
6644,3,14869.47376,4956.491253333334,0.0,4.0,27,43.0,Gold,0
6645,1,1217.1242200000002,1217.1242200000002,0.0,5.0,28,31.0,Standard,1
6646,2,1151.4257,575.71285,0.0,3.0,329,27.0,Standard,0
6648,8,170678.70958999998,21334.838698749998,0.125,3.5,2,18.0,Silver,0
6649,3,12889.4036,4296.467866666667,0.0,1.0,192,28.0,Standard,1
6650,38,834704.03064,21965.895543157894,0.07894736842105263,2.973684210526316,38,45.0,Standard,0
6651,2,2114.79522,1057.39761,0.0,4.0,189,39.0,Standard,1
6652,3,18507.70693,6169.235643333333,0.0,2.6666666666666665,0,24.0,Standard,1
6655,2,11237.990120000002,5618.995060000001,0.0,5.0,162,31.0,Standard,1
6656,1,1501.6341599999998,1501.6341599999998,0.0,2.0,339,22.0,Standard,0
6658,4,56741.882079999996,14185.470519999999,0.0,3.0,90,43.0,Standard,1
6659,10,137988.94648,13798.894648000001,0.1,3.9,69,18.0,Silver,1
6661,2,3975.98985,1987.994925,0.0,4.5,188,18.0,Standard,1
6662,15,81764.35864,5450.957242666667,0.06666666666666667,4.466666666666667,24,32.0,Standard,0
6665,2,11389.52532,5694.76266,0.0,3.5,177,27.0,Gold,1
6666,3,2600.05362,866.6845400000001,0.0,4.666666666666667,13,29.0,Gold,0
6667,2,2553.68433,1276.842165,0.0,2.0,158,19.0,Standard,0
6668,2,12785.26028,6392.63014,0.5,4.0,549,32.0,Standard,0
6669,12,160954.89827,13412.908189166666,0.0,3.8333333333333335,5,23.0,Standard,0
6671,3,118098.85002,39366.28334,0.0,6.0,275,28.0,Silver,1
6672,1,94825.22208,94825.22208,0.0,2.0,152,22.0,Gold,0
6673,11,186692.51086,16972.046441818184,0.0,2.727272727272727,2,34.0,Standard,0
6674,3,23845.28962,7948.4298733333335,0.0,5.333333333333333,286,41.0,Gold,1
6675,1,969.29154,969.29154,0.0,1.0,64,50.0,Silver,0
6676,1,2750.43402,2750.43402,0.0,4.0,249,26.0,Silver,0
6678,1,9674.1738,9674.1738,0.0,3.0,510,42.0,Gold,1
6679,41,858995.2499200001,20951.10365658537,0.14634146341463414,4.585365853658536,2,39.0,Standard,0
6680,1,199408.46031,199408.46031,1.0,2.0,170,27.0,Standard,1
6681,7,91863.18685,13123.312407142857,0.0,4.714285714285714,69,25.0,Standard,1
6682,3,7523.47035,2507.82345,0.0,3.3333333333333335,184,38.0,Gold,1
6683,1,631.57185,631.57185,0.0,4.0,416,32.0,Gold,0
6684,1,307918.22565,307918.22565,0.0,5.0,88,43.0,Standard,0
6685,2,9237.08614,4618.54307,0.0,3.5,158,36.0,Silver,1
6686,1,2185.01472,2185.01472,0.0,2.0,416,33.0,Standard,1
6687,3,130962.95951999999,43654.31984,0.0,3.3333333333333335,997,35.0,Gold,1
6688,11,52965.372650000005,4815.033877272727,0.2727272727272727,3.090909090909091,63,37.0,Gold,0
6690,4,19255.0632,4813.7658,0.0,4.25,20,24.0,Standard,0
6691,1,506.5776,506.5776,0.0,7.0,149,50.0,Gold,0
6692,2,3239.6114100000004,1619.8057050000002,0.0,2.5,226,31.0,Gold,1
6694,5,60487.783429999996,12097.556686,0.0,2.4,63,33.0,Standard,1
6695,2,3091.39329,1545.696645,0.0,3.0,118,23.0,Silver,1
6696,5,317735.64531999995,63547.12906399999,0.0,3.2,25,32.0,Standard,1
6697,1,31498.066559999996,31498.066559999996,1.0,5.0,49,32.0,Standard,1
6698,3,2736.77281,912.2576033333333,0.0,4.333333333333333,355,19.0,Standard,0
6699,2,16713.8548,8356.9274,0.5,2.0,0,28.0,Standard,0
6700,2,7473.7719099999995,3736.8859549999997,0.0,5.0,110,43.0,Standard,0
6701,7,16428.72771,2346.9611014285715,0.2857142857142857,4.857142857142857,145,32.0,Premium,1
6702,4,135112.78725,33778.1968125,0.0,3.25,173,24.0,Standard,1
6703,4,67677.81876,16919.45469,0.0,4.25,17,31.0,Silver,1
6704,1,677.67168,677.67168,0.0,6.0,69,32.0,Standard,1
6705,1,1470.6648,1470.6648,0.0,4.0,26,43.0,Silver,1
6706,7,36014.54954,5144.935648571429,0.0,3.4285714285714284,83,20.0,Standard,0
6708,4,41573.11649,10393.2791225,0.0,4.0,201,25.0,Standard,1
6709,3,25976.99095,8658.996983333333,0.0,2.0,113,37.0,Standard,0
6710,4,52507.23306,13126.808265,0.0,4.25,7,37.0,Standard,0
6712,40,1215956.04945,30398.90123625,0.0,3.5,16,35.0,Gold,0
6713,12,173596.29378,14466.357815000001,0.16666666666666666,2.0833333333333335,13,33.0,Standard,0
6714,2,3337.7865699999998,1668.8932849999999,0.0,5.0,148,24.0,Standard,0
6716,16,228536.29591,14283.518494375,0.0,3.0,83,27.0,Standard,0
6717,6,31026.481060000002,5171.080176666667,0.0,5.0,88,32.0,Standard,0
6718,2,9312.2372,4656.1186,0.0,2.5,409,29.0,Standard,1
6719,2,9566.36175,4783.180875,0.0,3.5,110,28.0,Standard,1
6721,1,9293.932780000001,9293.932780000001,0.0,6.0,35,36.0,Silver,0
6723,1,3285.1410300000002,3285.1410300000002,0.0,3.0,335,32.0,Standard,1
6725,7,124758.46470000003,17822.637814285717,0.0,3.142857142857143,13,26.0,Standard,1
6726,3,5101.05242,1700.3508066666666,0.0,4.0,61,27.0,Standard,1
6727,2,60374.25939,30187.129695,0.0,3.0,170,34.0,Standard,1
6728,1,18318.62238,18318.62238,0.0,3.0,228,33.0,Premium,0
6729,3,57365.83052999999,19121.943509999997,0.0,5.666666666666667,283,34.0,Standard,1
6730,9,24197.25633,2688.5840366666666,0.0,2.5555555555555554,227,34.0,Standard,1
6733,3,15573.59111,5191.1970366666665,0.0,4.333333333333333,51,37.0,Standard,0
6734,1,2940.41475,2940.41475,0.0,5.0,357,24.0,Standard,1
6735,4,8877.04582,2219.261455,0.0,3.0,171,31.0,Standard,1
6736,1,1110.51513,1110.51513,0.0,5.0,226,43.0,Gold,1
6737,3,7961.46169,2653.820563333333,0.0,2.0,201,38.0,Standard,0
6738,1,562.41713,562.41713,0.0,4.0,34,30.0,Standard,0
6739,8,9977.739950000001,1247.2174937500001,0.375,4.125,8,18.0,Silver,1
6740,2,12809.49458,6404.74729,0.0,3.0,70,24.0,Standard,1
6741,1,560.80647,560.80647,0.0,4.0,187,28.0,Standard,1
6742,2,28162.06011,14081.030055,0.0,3.0,13,27.0,Premium,0
6744,5,7406.16661,1481.233322,0.0,2.6,55,45.0,Silver,0
6745,31,371281.93531000003,11976.836622903227,0.0967741935483871,4.548387096774194,3,31.0,Gold,0
6747,14,123232.30304,8802.30736,0.0,3.2857142857142856,81,36.0,Standard,0
6748,17,396825.19821,23342.658718235296,0.058823529411764705,4.294117647058823,9,28.0,Standard,0
6749,4,166453.16004,41613.29001,0.0,4.75,224,18.0,Standard,1
6750,2,6226.522939999999,3113.2614699999995,0.5,4.5,201,34.0,Standard,1
6751,1,3877.0724,3877.0724,0.0,3.0,6,32.0,Premium,1
6752,8,14544.719219999999,1818.0899024999999,0.0,5.25,9,18.0,Standard,0
6754,2,3700.7327999999998,1850.3663999999999,0.0,2.5,74,28.0,Standard,1
6756,4,147630.62595999998,36907.656489999994,0.0,4.0,22,50.0,Silver,1
6757,6,43627.83365,7271.305608333333,0.0,4.333333333333333,14,36.0,Standard,0
6758,3,6459.53751,2153.17917,0.3333333333333333,1.6666666666666667,93,29.0,Standard,0
6759,1,759.1697200000001,759.1697200000001,0.0,3.0,137,24.0,Standard,0
6761,2,11699.43379,5849.716895,0.0,4.0,222,25.0,Standard,1
6762,3,135868.6121,45289.537366666664,0.0,1.6666666666666667,431,53.0,Gold,0
6763,2,74283.59028,37141.79514,0.0,3.0,92,27.0,Silver,1
6764,4,97163.7013,24290.925325,0.0,4.25,114,47.0,Standard,0
6765,2,9885.835439999999,4942.9177199999995,0.0,3.5,98,33.0,Silver,0
6766,1,92.89104,92.89104,0.0,3.0,367,26.0,Standard,1
6767,3,68985.72541,22995.241803333334,0.3333333333333333,4.666666666666667,21,36.0,Standard,0
6768,3,78477.67791,26159.22597,0.0,2.3333333333333335,98,42.0,Silver,1
6770,26,386826.98482,14877.960954615384,0.038461538461538464,4.1923076923076925,8,39.0,Gold,0
6771,2,17894.895819999998,8947.447909999999,0.0,2.0,8,28.0,Silver,1
6773,5,123928.60598,24785.721196,0.0,4.6,52,20.0,Standard,0
6775,23,229774.23668,9990.18420347826,0.08695652173913043,4.173913043478261,0,32.0,Standard,0
6776,37,389360.95165,10523.268963513514,0.05405405405405406,3.27027027027027,21,18.0,Standard,0
6777,1,112651.02435,112651.02435,0.0,1.0,993,49.0,Standard,1
6778,1,2552.6316,2552.6316,0.0,3.0,30,23.0,Standard,0
6779,5,58882.5514,11776.510279999999,0.2,3.4,3,20.0,Silver,1
6780,2,358388.3213200001,179194.16066000005,0.0,4.0,439,23.0,Silver,1
6781,1,69778.91295999999,69778.91295999999,0.0,3.0,29,45.0,Standard,0
6782,25,397972.2966,15918.891864,0.0,3.56,2,26.0,Silver,0
6783,1,5084.404839999999,5084.404839999999,0.0,1.0,186,27.0,Silver,0
6784,1,124186.34724999999,124186.34724999999,0.0,3.0,643,19.0,Premium,1
6785,29,906860.55771,31271.05371413793,0.06896551724137931,3.1379310344827585,1,25.0,Silver,0
6786,5,7274.97495,1454.99499,0.0,4.2,0,20.0,Standard,0
6787,1,85.52088,85.52088,0.0,3.0,63,33.0,Standard,1
6789,4,47452.43351,11863.1083775,0.25,2.5,16,29.0,Standard,1
6790,2,4875.75965,2437.879825,0.0,3.5,116,20.0,Gold,1
6791,1,8675.584079999999,8675.584079999999,0.0,4.0,526,35.0,Standard,1
6794,3,3679.2640700000006,1226.421356666667,0.0,4.0,392,27.0,Standard,1
6795,13,53475.4647,4113.497284615384,0.07692307692307693,3.230769230769231,1,35.0,Standard,0
6796,4,88059.35664,22014.83916,0.25,4.25,105,28.0,Gold,1
6797,28,394000.51461,14071.446950357144,0.07142857142857142,3.107142857142857,15,18.0,Silver,0
6798,2,13467.00576,6733.50288,0.0,2.5,158,31.0,Standard,1
6799,3,21804.012899999998,7268.0043,0.6666666666666666,2.3333333333333335,14,53.0,Standard,0
6800,4,77627.03678,19406.759195,0.25,2.0,125,33.0,Silver,1
6801,3,13027.6931,4342.5643666666665,0.0,4.333333333333333,125,26.0,Silver,1
6802,4,144679.67456,36169.91864,0.25,3.0,157,24.0,Silver,1
6803,1,470.8901,470.8901,0.0,3.0,883,29.0,Standard,0
6804,3,73032.74701,24344.249003333334,0.0,5.0,42,36.0,Standard,1
6805,3,13230.136,4410.0453333333335,0.0,3.6666666666666665,64,32.0,Gold,0
6806,1,569.83196,569.83196,0.0,2.0,251,32.0,Silver,1
6807,3,7713.199239999999,2571.066413333333,0.3333333333333333,3.0,155,39.0,Silver,1
6808,3,12320.57142,4106.85714,0.3333333333333333,3.6666666666666665,32,35.0,Gold,1
6809,1,898.10513,898.10513,1.0,2.0,30,38.0,Standard,0
6811,2,2206.40225,1103.201125,0.0,3.5,670,36.0,Silver,1
6813,1,184814.8575,184814.8575,0.0,2.0,1087,25.0,Standard,1
6815,4,21282.709389999996,5320.677347499999,0.0,2.75,33,22.0,Silver,0
6816,7,266644.44233,38092.06319,0.0,2.857142857142857,14,28.0,Gold,1
6817,1,4834.53558,4834.53558,0.0,4.0,74,30.0,Silver,1
6818,5,24864.15537,4972.831074,0.2,4.0,65,21.0,Standard,0
6819,3,11485.72376,3828.574586666667,0.0,5.0,156,25.0,Gold,0
6820,12,159083.06095,13256.921745833335,0.08333333333333333,3.3333333333333335,16,40.0,Silver,1
6821,3,23870.81649,7956.93883,0.3333333333333333,3.3333333333333335,169,26.0,Standard,1
6822,3,133455.68786,44485.22928666667,0.0,2.0,0,35.0,Silver,1
6823,1,178.58736,178.58736,0.0,6.0,224,30.0,Gold,0
6824,1,3615.529,3615.529,0.0,3.0,180,24.0,Standard,1
6825,4,21506.18524,5376.54631,0.0,4.25,169,23.0,Standard,0
6826,40,636606.4826100001,15915.162065250002,0.025,3.375,0,34.0,Standard,0
6827,31,409024.29699,13194.332160967742,0.06451612903225806,3.903225806451613,2,35.0,Standard,0
6828,1,288.88335,288.88335,0.0,3.0,6,18.0,Standard,0
6829,1,1999.29575,1999.29575,0.0,2.0,1009,31.0,Standard,1
6830,2,5368.22892,2684.11446,0.0,2.5,763,35.0,Standard,1
6831,1,135082.26912,135082.26912,0.0,3.0,801,35.0,Standard,1
6832,1,695.50236,695.50236,0.0,1.0,1010,25.0,Standard,1
6833,26,275810.44873,10608.094181923077,0.038461538461538464,4.153846153846154,14,18.0,Standard,0
6834,36,488564.43277,13571.234243611112,0.027777777777777776,4.361111111111111,24,44.0,Premium,0
6835,1,1365.75229,1365.75229,0.0,5.0,160,22.0,Gold,1
6836,4,75539.05094,18884.762735,0.0,3.25,129,37.0,Standard,1
6837,40,617940.91065,15448.52276625,0.075,3.575,5,30.0,Standard,0
6838,2,898.6355799999999,449.31778999999995,0.0,4.5,38,18.0,Standard,0
6839,3,6539.81892,2179.93964,0.0,3.6666666666666665,137,23.0,Silver,0
6840,4,38715.92428000001,9678.981070000002,0.0,4.5,194,38.0,Standard,0
6841,3,68239.95595,22746.651983333333,0.0,2.3333333333333335,63,41.0,Silver,1
6842,2,2273.1149100000002,1136.5574550000001,0.0,3.5,177,34.0,Silver,0
6843,2,14340.935099999997,7170.4675499999985,0.0,1.5,205,22.0,Silver,1
6844,2,3032.09433,1516.047165,0.0,4.0,20,46.0,Standard,1
6845,1,9190.78416,9190.78416,0.0,2.0,74,18.0,Standard,0
6846,22,432293.57091,19649.707768636363,0.09090909090909091,4.590909090909091,0,29.0,Standard,0
6847,1,1161.00688,1161.00688,0.0,2.0,367,38.0,Silver,0
6849,1,2860.9126400000005,2860.9126400000005,0.0,4.0,749,50.0,Standard,0
6851,1,2801.49429,2801.49429,0.0,4.0,488,39.0,Silver,1
6852,2,9525.78646,4762.89323,0.0,3.5,5,32.0,Standard,0
6853,2,30296.737680000002,15148.368840000001,0.0,5.0,522,20.0,Gold,1
6854,43,274204.90073,6376.858156511627,0.11627906976744186,3.0930232558139537,32,26.0,Gold,0
6857,8,119470.58746,14933.8234325,0.0,3.125,19,32.0,Standard,0
6858,6,46326.053889999996,7721.008981666666,0.0,3.5,0,26.0,Premium,0
6859,1,370.53159999999997,370.53159999999997,0.0,4.0,143,23.0,Gold,0
6861,1,17251.26399,17251.26399,0.0,4.0,190,22.0,Standard,1
6862,4,218756.85832,54689.21458,0.0,4.75,6,24.0,Silver,1
6863,40,791162.93797,19779.073449249998,0.025,3.45,72,31.0,Standard,0
6864,2,49752.63105999999,24876.315529999996,0.5,4.5,35,37.0,Gold,0
6865,2,14485.7899,7242.89495,0.0,3.0,631,20.0,Standard,1
6866,6,82687.64607,13781.274345,0.0,2.1666666666666665,65,20.0,Standard,0
6867,6,37599.77906,6266.629843333333,0.16666666666666666,1.8333333333333333,13,24.0,Premium,1
6868,44,363704.13521,8266.003072954545,0.09090909090909091,3.409090909090909,62,31.0,Standard,0
6871,9,70978.43955,7886.493283333333,0.0,3.7777777777777777,17,41.0,Standard,0
6872,1,67291.3794,67291.3794,0.0,1.0,137,19.0,Gold,1
6873,5,20297.06152,4059.412304,0.0,3.6,16,19.0,Standard,0
6874,34,366955.61423,10792.812183235294,0.08823529411764706,3.5588235294117645,14,28.0,Gold,0
6875,1,578.25725,578.25725,0.0,3.0,43,32.0,Silver,1
6876,2,1261.42822,630.71411,0.0,4.0,202,36.0,Standard,0
6877,4,18064.324510000002,4516.081127500001,0.0,3.5,4,41.0,Gold,0
6878,1,219.02110000000002,219.02110000000002,0.0,5.0,510,37.0,Standard,1
6879,1,8439.055279999999,8439.055279999999,0.0,2.0,73,18.0,Silver,0
6881,1,19269.62034,19269.62034,0.0,1.0,22,43.0,Standard,1
6882,21,172063.09729,8193.480823333333,0.14285714285714285,3.2857142857142856,28,21.0,Standard,0
6883,26,456383.97579,17553.229838076924,0.11538461538461539,3.1923076923076925,9,43.0,Standard,0
6884,1,3362.7199600000004,3362.7199600000004,0.0,4.0,528,40.0,Standard,1
6885,3,11500.737060000001,3833.5790200000006,0.0,2.3333333333333335,35,34.0,Standard,0
6886,28,341313.59709,12189.771324642858,0.0,3.2857142857142856,4,34.0,Standard,0
6887,6,31607.48527,5267.914211666667,0.3333333333333333,3.6666666666666665,30,31.0,Silver,0
6888,3,10267.244610000002,3422.4148700000005,0.0,3.6666666666666665,49,32.0,Standard,1
6889,2,1894.90546,947.45273,0.0,3.5,552,36.0,Standard,1
6891,4,29170.96692,7292.74173,0.0,3.5,9,34.0,Standard,1
6892,1,6376.2498,6376.2498,0.0,6.0,21,26.0,Standard,0
6893,3,7029.58054,2343.193513333333,0.0,2.3333333333333335,83,41.0,Gold,1
6895,2,94231.93304,47115.96652,0.0,3.0,8,37.0,Standard,0
6896,1,2943.6892,2943.6892,0.0,6.0,353,26.0,Silver,1
6898,2,1599.31216,799.65608,0.5,4.0,79,30.0,Standard,1
6899,5,652638.48036,130527.696072,0.0,2.8,90,22.0,Silver,1
6900,46,819600.15718,17817.394721304347,0.06521739130434782,4.6521739130434785,12,48.0,Standard,0
6901,2,4284.54002,2142.27001,0.0,1.0,324,39.0,Standard,1
6902,30,223371.3177,7445.710590000001,0.03333333333333333,3.2666666666666666,64,29.0,Standard,0
6903,2,3712.9484199999997,1856.4742099999999,0.0,5.0,38,26.0,Standard,0
6905,2,2422.37608,1211.18804,0.0,2.5,432,38.0,Silver,0
6907,2,13686.365869999998,6843.182934999999,0.0,3.5,100,28.0,Standard,1
6908,6,195360.89211999997,32560.148686666664,0.16666666666666666,2.8333333333333335,18,23.0,Premium,0
6909,2,59149.02024,29574.51012,0.0,4.5,360,26.0,Premium,1
6910,4,48072.89356999999,12018.223392499998,0.0,2.5,185,51.0,Standard,1
6911,4,34889.46123000001,8722.365307500002,0.0,4.0,71,43.0,Standard,0
6912,1,8693.899899999999,8693.899899999999,0.0,3.0,14,18.0,Standard,0
6913,1,3860.88528,3860.88528,0.0,6.0,20,26.0,Premium,0
6915,2,9778.4847,4889.24235,0.0,3.5,13,27.0,Standard,1
6916,1,1543.14864,1543.14864,0.0,8.0,19,25.0,Gold,0
6917,3,3510.1490500000004,1170.0496833333334,0.3333333333333333,3.3333333333333335,206,45.0,Standard,0
6919,2,10272.597800000001,5136.298900000001,0.0,4.0,151,20.0,Standard,1
6920,53,381306.63807999995,7194.464869433961,0.03773584905660377,3.0943396226415096,7,23.0,Gold,0
6921,2,5001.12743,2500.563715,0.0,3.0,646,47.0,Standard,1
6923,2,19208.03871,9604.019355,0.0,2.5,126,41.0,Standard,0
6924,11,76805.57757000001,6982.325233636365,0.0,2.6363636363636362,55,36.0,Standard,0
6926,6,33618.12277,5603.020461666667,0.0,2.6666666666666665,76,34.0,Standard,0
6928,10,78302.04384,7830.204384,0.1,3.1,129,18.0,Standard,0
6929,2,5418.0442299999995,2709.0221149999998,0.0,3.5,104,25.0,Standard,0
6930,3,19371.474029999998,6457.158009999999,0.0,4.333333333333333,69,43.0,Gold,1
6932,2,8999.66274,4499.83137,0.0,4.5,49,18.0,Gold,0
6933,8,23700.87619,2962.60952375,0.25,3.625,103,26.0,Standard,0
6936,4,39275.105899999995,9818.776474999999,0.0,5.0,166,18.0,Gold,0
6938,5,138823.71944000002,27764.743888000005,0.0,3.0,101,33.0,Silver,1
6939,2,154162.83886,77081.41943,0.0,3.0,112,36.0,Standard,0
6940,1,460.22031,460.22031,0.0,2.0,311,28.0,Gold,1
6941,6,42030.61816,7005.103026666667,0.0,4.333333333333333,322,31.0,Premium,1
6942,2,52876.22346,26438.11173,0.5,3.5,627,39.0,Standard,1
6943,1,8655.746400000002,8655.746400000002,1.0,6.0,125,36.0,Standard,1
6944,5,30464.556639999995,6092.911327999999,0.0,2.4,13,32.0,Standard,0
6945,8,44779.69416,5597.46177,0.0,3.125,103,32.0,Gold,1
6946,3,3774.6536100000003,1258.2178700000002,0.0,3.0,20,21.0,Standard,1
6947,1,725.69119,725.69119,0.0,4.0,29,32.0,Standard,1
6948,1,2389.27832,2389.27832,0.0,6.0,10,31.0,Silver,1
6949,4,29250.672699999996,7312.668174999999,0.0,4.0,39,49.0,Silver,0
6951,1,34956.70825,34956.70825,0.0,5.0,891,28.0,Gold,1
6952,6,87081.96543000001,14513.660905000002,0.16666666666666666,4.0,40,38.0,Standard,1
6953,8,108426.40192999999,13553.300241249999,0.125,3.125,52,43.0,Premium,0
6955,2,18551.97756,9275.98878,0.0,4.5,270,48.0,Gold,0
6957,6,142837.07065,23806.178441666667,0.16666666666666666,4.333333333333333,132,29.0,Silver,0
6958,16,559806.7669200001,34987.922932500005,0.0,3.0,161,25.0,Silver,0
6959,15,145787.90415000002,9719.19361,0.06666666666666667,4.466666666666667,3,35.0,Standard,0
6961,6,107791.52433,17965.254055,0.0,3.8333333333333335,21,35.0,Gold,0
6962,1,35094.52362,35094.52362,0.0,3.0,102,37.0,Standard,1
6963,9,58297.739630000004,6477.526625555556,0.2222222222222222,3.3333333333333335,5,31.0,Silver,0
6964,7,150763.18397999997,21537.597711428567,0.0,4.571428571428571,65,31.0,Standard,1
6965,1,2111.72634,2111.72634,0.0,3.0,172,23.0,Gold,1
6968,3,11014.96588,3671.6552933333332,0.0,4.333333333333333,133,27.0,Standard,1
6969,1,8312.21495,8312.21495,0.0,4.0,334,35.0,Standard,1
6970,14,61320.663010000004,4380.047357857143,0.0,2.857142857142857,0,27.0,Standard,0
6971,4,33778.31443,8444.5786075,0.0,3.25,0,39.0,Standard,0
6972,1,9832.19076,9832.19076,0.0,2.0,576,21.0,Standard,1
6974,1,6265.482680000001,6265.482680000001,0.0,7.0,41,24.0,Standard,0
6975,3,25124.538869999997,8374.84629,0.0,2.3333333333333335,345,28.0,Standard,1
6976,2,1352.84685,676.423425,0.0,2.5,32,29.0,Standard,1
6977,2,1816.1302300000002,908.0651150000001,0.0,3.0,7,22.0,Standard,0
6978,3,9584.0717,3194.6905666666667,0.0,2.0,37,28.0,Standard,1
6980,1,43239.74588,43239.74588,1.0,4.0,25,21.0,Gold,0
6981,33,287335.78763,8707.14507969697,0.030303030303030304,3.4545454545454546,17,18.0,Silver,0
6982,3,165385.74116,55128.58038666667,0.0,3.6666666666666665,99,37.0,Silver,0
6983,3,3400.40764,1133.4692133333333,0.0,3.6666666666666665,115,25.0,Silver,1
6984,56,816432.6619,14579.154676785713,0.07142857142857142,3.5357142857142856,5,42.0,Premium,0
6985,44,208081.27019,4729.119777045455,0.06818181818181818,3.409090909090909,4,23.0,Silver,0
6987,1,264320.61672000005,264320.61672000005,0.0,3.0,176,29.0,Standard,0
6988,12,202197.55407,16849.796172500002,0.0,2.6666666666666665,3,32.0,Gold,0
6989,5,1131619.2295300001,226323.84590600003,0.2,3.4,86,41.0,Gold,1
6990,1,13343.679650000002,13343.679650000002,0.0,3.0,676,36.0,Standard,1
6991,4,10209.20808,2552.30202,0.0,4.0,105,24.0,Silver,0
6992,2,1772.47392,886.23696,0.0,4.0,36,22.0,Standard,1
6993,20,189947.29486000002,9497.364743000002,0.05,3.0,20,32.0,Standard,0
6995,1,19963.754299999997,19963.754299999997,0.0,3.0,796,26.0,Standard,1
6996,1,614.55034,614.55034,0.0,4.0,12,23.0,Premium,1
6997,1,4527.15354,4527.15354,0.0,4.0,212,38.0,Standard,1
6998,6,14554.076700000001,2425.67945,0.0,3.5,89,29.0,Standard,0
6999,1,3028.96172,3028.96172,1.0,3.0,195,24.0,Standard,0
7001,1,234.83031,234.83031,0.0,3.0,108,30.0,Standard,1
7002,6,43000.92684,7166.82114,0.3333333333333333,2.6666666666666665,16,31.0,Standard,1
7004,4,221547.15757,55386.7893925,0.0,4.0,44,29.0,Gold,1
7006,28,423171.27638000005,15113.259870714288,0.10714285714285714,3.6785714285714284,0,28.0,Standard,0
7007,11,126016.43365999998,11456.039423636363,0.0,2.6363636363636362,36,24.0,Silver,0
7008,1,3017.48212,3017.48212,0.0,4.0,393,35.0,Standard,1
7009,2,6151.93014,3075.96507,0.0,1.5,211,25.0,Standard,1
7011,1,1098.05864,1098.05864,0.0,5.0,45,37.0,Premium,1
7012,6,75403.83984000002,12567.306640000003,0.16666666666666666,4.0,122,19.0,Silver,0
7013,5,30431.22264,6086.244528,0.0,4.4,45,46.0,Standard,1
7015,45,503290.24659,11184.227702,0.044444444444444446,3.1333333333333333,25,33.0,Premium,0
7016,2,22319.70618,11159.85309,0.0,2.0,101,24.0,Silver,0
7017,6,20961.75598,3493.625996666667,0.0,4.833333333333333,159,18.0,Standard,0
7018,3,97556.78519,32518.928396666666,0.0,2.0,116,29.0,Standard,1
7019,1,1252.1497,1252.1497,0.0,3.0,41,32.0,Standard,0
7020,2,352240.39019,176120.195095,0.0,2.0,125,30.0,Standard,1
7021,4,10020.038499999999,2505.0096249999997,0.25,3.25,23,20.0,Standard,1
7022,15,580013.5072300001,38667.567148666676,0.06666666666666667,3.2666666666666666,81,19.0,Gold,0
7023,10,37239.84177,3723.984177,0.0,4.1,24,31.0,Standard,0
7024,20,361149.81779999996,18057.490889999997,0.05,4.7,2,33.0,Standard,0
7027,1,427.80837,427.80837,0.0,4.0,179,38.0,Standard,1
7028,2,25754.79517,12877.397585,0.0,2.0,58,18.0,Gold,1
7029,4,14721.65079,3680.4126975,0.0,4.0,37,36.0,Standard,1
7030,2,16378.99236,8189.49618,0.0,5.0,49,18.0,Gold,1
7031,2,6446.20455,3223.102275,0.0,4.0,81,32.0,Silver,1
7032,9,45450.45835,5050.050927777778,0.1111111111111111,4.555555555555555,8,18.0,Standard,0
7033,33,510449.61453,15468.170137272728,0.09090909090909091,4.242424242424242,71,20.0,Gold,0
7034,1,331.25232,331.25232,0.0,4.0,14,39.0,Standard,1
7035,5,19766.324090000002,3953.2648180000006,0.0,4.0,409,19.0,Standard,1
7036,2,9624.04003,4812.020015,0.0,4.0,48,40.0,Standard,1
7037,6,43598.69961,7266.449935000001,0.0,2.3333333333333335,80,27.0,Standard,1
7038,1,12296.42316,12296.42316,0.0,6.0,668,18.0,Standard,1
7041,5,11345.08978,2269.017956,0.0,3.8,25,36.0,Gold,0
7042,32,151005.13449,4718.9104528125,0.0625,2.90625,1,37.0,Standard,0
7043,43,610770.28007,14203.960001627907,0.09302325581395349,3.2790697674418605,3,35.0,Gold,0
7045,11,49650.40762,4513.67342,0.09090909090909091,3.4545454545454546,1,29.0,Silver,0
7046,12,399130.23833,33260.853194166666,0.08333333333333333,4.75,11,34.0,Standard,0
7047,3,80105.65905999999,26701.88635333333,0.0,3.0,320,27.0,Gold,1
7048,1,281.4064,281.4064,0.0,3.0,13,24.0,Silver,0
7049,5,30405.46585,6081.09317,0.0,3.6,41,24.0,Standard,0
7050,1,13114.4229,13114.4229,0.0,4.0,97,24.0,Standard,0
7051,1,4845.82854,4845.82854,0.0,5.0,78,33.0,Gold,1
7053,1,29038.18216,29038.18216,0.0,4.0,228,21.0,Standard,0
7054,2,24531.027869999998,12265.513934999999,0.0,4.0,130,25.0,Silver,1
7055,4,17012.57215,4253.1430375,0.25,3.0,12,33.0,Standard,1
7056,1,2135.4004999999997,2135.4004999999997,0.0,6.0,21,23.0,Silver,1
7057,1,3528.0053900000003,3528.0053900000003,1.0,4.0,94,35.0,Silver,1
7058,8,682648.59783,85331.07472875,0.125,3.625,103,20.0,Silver,0
7059,2,1612.5088400000002,806.2544200000001,0.0,2.5,54,32.0,Gold,0
7060,22,367063.95697999996,16684.725317272725,0.13636363636363635,4.363636363636363,29,32.0,Standard,0
7061,3,15836.342700000001,5278.780900000001,0.3333333333333333,2.6666666666666665,5,28.0,Gold,1
7063,4,55375.84071999999,13843.960179999998,0.0,3.5,24,28.0,Silver,0
7064,1,9154.94874,9154.94874,0.0,2.0,37,26.0,Standard,1
7065,1,114.4073,114.4073,0.0,7.0,109,38.0,Gold,1
7066,30,640060.94562,21335.364854,0.06666666666666667,3.6,50,27.0,Standard,0
7067,14,290183.30104,20727.378645714285,0.0,3.5,14,59.0,Silver,1
7068,2,79366.03398,39683.01699,0.0,4.0,205,35.0,Standard,1
7070,4,8723.559500000001,2180.8898750000003,0.0,3.75,4,27.0,Standard,1
7071,18,181891.87131,10105.103961666666,0.0,2.7777777777777777,20,29.0,Silver,0
7073,5,109584.05971999999,21916.811943999997,0.0,4.2,30,31.0,Standard,0
7074,1,2385.33802,2385.33802,0.0,5.0,116,18.0,Standard,1
7075,1,1428.4512,1428.4512,0.0,5.0,337,22.0,Gold,1
7076,2,79827.3332,39913.6666,0.0,2.5,234,24.0,Standard,1
7078,1,2036.2391999999998,2036.2391999999998,0.0,2.0,445,38.0,Standard,1
7079,2,8815.0633,4407.53165,0.0,1.5,97,18.0,Gold,1
7080,6,10748.05781,1791.3429683333334,0.0,2.6666666666666665,31,39.0,Gold,1
7081,35,307750.4702,8792.870577142856,0.08571428571428572,3.085714285714286,3,27.0,Standard,0
7083,1,55376.80637,55376.80637,0.0,5.0,19,28.0,Gold,1
7084,3,21371.5742,7123.858066666667,0.0,3.3333333333333335,220,42.0,Standard,1
7085,6,62150.458699999996,10358.409783333333,0.0,5.333333333333333,190,18.0,Standard,0
7086,2,643.6027799999999,321.80138999999997,0.5,3.5,94,19.0,Gold,1
7087,2,17683.466940000002,8841.733470000001,0.0,3.0,59,27.0,Standard,1
7088,1,500.262,500.262,0.0,4.0,246,31.0,Gold,0
7089,1,6183.2685599999995,6183.2685599999995,0.0,1.0,412,32.0,Standard,1
7090,3,2859.76327,953.2544233333333,0.0,5.333333333333333,61,35.0,Premium,1
7091,17,91270.92868,5368.878157647058,0.058823529411764705,3.0588235294117645,0,22.0,Standard,0
7093,5,26747.578400000002,5349.51568,0.0,3.2,58,27.0,Standard,0
7094,4,41277.00691,10319.2517275,0.25,2.75,387,47.0,Gold,1
7095,4,29647.720859999998,7411.930214999999,0.0,3.25,537,22.0,Standard,0
7096,18,222696.37739,12372.020966111111,0.1111111111111111,3.888888888888889,18,18.0,Silver,0
7097,5,475389.76052999997,95077.952106,0.2,4.0,43,29.0,Standard,1
7098,1,692.4008,692.4008,0.0,3.0,134,49.0,Standard,0
7099,1,227.96620000000001,227.96620000000001,0.0,5.0,27,27.0,Standard,1
7100,38,464116.69778,12213.59731,0.05263157894736842,4.105263157894737,27,21.0,Gold,0
7101,2,16153.54377,8076.771885,0.0,3.5,72,40.0,Standard,0
7103,26,409698.23553,15757.624443461538,0.038461538461538464,4.5,9,22.0,Standard,0
7104,3,31863.77004,10621.25668,0.0,4.333333333333333,83,24.0,Gold,0
7105,15,126819.98271,8454.665514,0.0,3.933333333333333,7,39.0,Gold,0
7106,1,15596.6382,15596.6382,0.0,3.0,68,44.0,Gold,0
7107,4,197685.16147,49421.2903675,0.0,3.0,9,35.0,Standard,0
7108,1,3189.1708799999997,3189.1708799999997,0.0,4.0,45,18.0,Gold,0
7109,3,138429.98335,46143.327783333334,0.0,5.333333333333333,62,34.0,Silver,1
7111,30,409024.88529,13634.162843,0.1,3.3,37,41.0,Premium,0
7112,3,9728.69199,3242.89733,0.0,3.6666666666666665,104,34.0,Standard,0
7113,2,197400.48838000002,98700.24419000001,0.0,2.5,51,25.0,Gold,1
7114,1,464.69199,464.69199,0.0,1.0,762,36.0,Silver,1
7115,12,189888.31318,15824.026098333334,0.08333333333333333,4.333333333333333,7,38.0,Standard,0
7116,34,186472.10271,5484.473609117647,0.029411764705882353,3.2941176470588234,4,18.0,Premium,0
7117,2,2842.74638,1421.37319,0.0,3.0,7,24.0,Silver,0
7118,1,104503.2506,104503.2506,0.0,2.0,817,29.0,Premium,1
7119,1,517.39002,517.39002,0.0,4.0,231,22.0,Gold,0
7120,47,529456.86666,11265.039716170215,0.14893617021276595,3.3404255319148937,24,19.0,Standard,0
7122,4,122665.79009999997,30666.447524999992,0.25,4.0,65,31.0,Gold,0
7123,5,196689.80508,39337.961016,0.0,3.6,15,20.0,Standard,1
7124,23,143698.30196,6247.752259130435,0.13043478260869565,4.608695652173913,48,20.0,Standard,0
7125,7,107872.16738,15410.309625714286,0.14285714285714285,3.2857142857142856,101,40.0,Gold,0
7126,1,4594.70376,4594.70376,0.0,2.0,246,38.0,Standard,1
7127,4,15828.688539999997,3957.1721349999993,0.0,3.75,34,27.0,Silver,0
7128,5,152855.28517000002,30571.057034000005,0.0,5.8,355,45.0,Standard,1
7129,1,68269.2542,68269.2542,0.0,5.0,310,32.0,Standard,0
7131,12,304114.03036,25342.83586333333,0.08333333333333333,3.8333333333333335,5,39.0,Standard,0
7132,2,5690.38803,2845.194015,0.0,3.5,342,18.0,Standard,1
7133,5,49583.67978,9916.735956,0.0,5.2,65,36.0,Standard,1
7134,1,4297.2137999999995,4297.2137999999995,0.0,5.0,131,18.0,Standard,1
7135,1,1256.5890000000002,1256.5890000000002,0.0,5.0,405,29.0,Standard,1
7136,5,89660.51602,17932.103204,0.2,3.6,125,55.0,Standard,1
7137,10,46449.235570000004,4644.923557,0.0,2.9,1,18.0,Premium,0
7138,3,7634.834879999999,2544.94496,0.0,3.3333333333333335,57,35.0,Standard,0
7139,1,1728.49012,1728.49012,0.0,2.0,35,38.0,Gold,0
7140,39,205610.67124,5272.068493333333,0.07692307692307693,3.230769230769231,14,33.0,Gold,0
7141,45,651038.8825300001,14467.53072288889,0.044444444444444446,4.377777777777778,1,30.0,Standard,0
7142,1,105.18732,105.18732,0.0,5.0,53,37.0,Standard,1
7143,2,1593.0969,796.54845,0.0,3.0,39,26.0,Standard,1
7144,4,48496.07257,12124.0181425,0.25,5.0,203,34.0,Gold,0
7145,1,11744.892,11744.892,0.0,3.0,177,35.0,Silver,1
7146,40,619226.7943800001,15480.669859500002,0.0,4.35,12,30.0,Silver,0
7147,2,3075.08184,1537.54092,0.0,3.5,18,31.0,Standard,1
7148,14,1083937.9748,77424.14105714286,0.0,3.7142857142857144,28,31.0,Silver,1
7149,1,2268.1204000000002,2268.1204000000002,0.0,5.0,30,45.0,Gold,1
7150,2,8257.87962,4128.93981,0.0,3.0,28,29.0,Standard,0
7151,6,16234.25942,2705.7099033333334,0.3333333333333333,3.0,65,35.0,Silver,0
7152,20,283920.91675000003,14196.045837500002,0.05,3.3,1,35.0,Standard,0
7153,27,520219.43173,19267.386360370372,0.07407407407407407,2.6296296296296298,2,25.0,Gold,0
7154,3,18171.11578,6057.038593333334,0.0,1.6666666666666667,52,29.0,Standard,1
7155,6,148533.97963999998,24755.663273333328,0.0,3.3333333333333335,5,22.0,Premium,0
7156,4,11079.99006,2769.997515,0.0,3.75,153,24.0,Standard,1
7157,2,2272.31452,1136.15726,0.0,4.0,108,34.0,Gold,0
7158,3,21187.658659999997,7062.5528866666655,0.0,3.6666666666666665,193,19.0,Standard,1
7159,2,3474.80562,1737.40281,0.0,3.0,494,38.0,Silver,1
7160,5,99108.14920999999,19821.629842,0.0,4.0,7,27.0,Silver,0
7161,1,7319.68632,7319.68632,0.0,2.0,5,45.0,Standard,1
7162,2,32087.66904,16043.83452,0.0,1.5,173,41.0,Standard,1
7163,10,64231.49679,6423.149679,0.2,3.5,107,18.0,Standard,1
7164,1,69922.95426,69922.95426,0.0,3.0,45,43.0,Standard,0
7165,29,214840.24144,7408.284187586208,0.034482758620689655,4.448275862068965,12,35.0,Standard,0
7166,4,6580.052299999999,1645.0130749999998,0.0,3.25,192,39.0,Standard,1
7167,1,722.19875,722.19875,0.0,2.0,1046,27.0,Standard,1
7168,1,1807.75998,1807.75998,1.0,6.0,914,31.0,Standard,1
7169,2,3191.57316,1595.78658,0.0,4.5,270,42.0,Premium,1
7170,42,286165.5206,6813.464776190476,0.0,3.0238095238095237,11,25.0,Premium,0
7171,30,305959.82305,10198.660768333333,0.06666666666666667,3.0,8,23.0,Standard,0
7172,24,216495.56658,9020.648607500001,0.125,4.25,44,41.0,Standard,0
7173,38,338899.3993,8918.405244736841,0.02631578947368421,4.5,3,39.0,Silver,0
7174,24,290020.84793,12084.201997083333,0.125,4.208333333333333,14,34.0,Gold,0
7176,3,4602.89289,1534.29763,0.3333333333333333,3.3333333333333335,164,48.0,Standard,1
7177,4,32276.969600000004,8069.242400000001,0.0,3.25,425,24.0,Premium,0
7178,3,4248.75908,1416.2530266666665,0.0,3.0,7,38.0,Standard,1
7179,1,420.8935,420.8935,0.0,1.0,154,36.0,Silver,1
7181,4,76299.37461,19074.8436525,0.0,3.75,165,32.0,Silver,0
7182,19,387090.89835000003,20373.20517631579,0.05263157894736842,4.0,7,27.0,Standard,0
7183,2,25432.006299999997,12716.003149999999,0.0,3.5,21,19.0,Standard,0
7184,3,40036.12589,13345.375296666667,0.0,4.0,38,34.0,Premium,1
7185,1,31148.731799999998,31148.731799999998,0.0,1.0,490,26.0,Standard,1
7187,6,52390.31436999999,8731.719061666665,0.16666666666666666,3.8333333333333335,127,29.0,Standard,0
7188,3,1479.90524,493.3017466666667,0.0,3.0,13,36.0,Silver,1
7189,35,676232.59626,19320.931321714288,0.0,3.257142857142857,6,27.0,Standard,0
7190,2,28848.85566,14424.42783,0.5,3.0,137,18.0,Standard,1
7192,1,1803.3193200000003,1803.3193200000003,0.0,2.0,14,36.0,Premium,1
7193,24,342131.28899000003,14255.470374583334,0.08333333333333333,3.2916666666666665,21,31.0,Silver,0
7194,1,11896.763850000001,11896.763850000001,0.0,3.0,69,43.0,Silver,1
7195,7,155027.62045000002,22146.802921428574,0.0,2.857142857142857,54,38.0,Standard,0
7196,6,264182.3684,44030.39473333333,0.0,4.833333333333333,391,39.0,Standard,1
7197,9,463846.99826,51538.55536222222,0.0,5.111111111111111,6,44.0,Standard,0
7198,8,97810.2065,12226.2758125,0.0,4.0,51,37.0,Standard,0
7199,3,20483.01044,6827.670146666666,0.0,1.6666666666666667,96,39.0,Standard,1
7200,11,32525.77072,2956.8882472727273,0.09090909090909091,2.6363636363636362,31,41.0,Silver,1
7202,23,373813.58246000006,16252.764454782611,0.0,4.043478260869565,26,23.0,Silver,1
7204,2,42676.5856,21338.2928,0.0,2.0,80,25.0,Standard,1
7205,31,502989.68849,16225.473822258064,0.06451612903225806,3.4193548387096775,28,35.0,Standard,0
7206,23,132956.45604,5780.71548,0.0,3.391304347826087,2,18.0,Standard,0
7208,1,11300.433219999999,11300.433219999999,0.0,4.0,170,18.0,Standard,1
7209,1,1076.87265,1076.87265,1.0,5.0,1,37.0,Standard,1
7210,7,150952.77741,21564.682487142858,0.0,3.0,20,21.0,Standard,0
7211,4,9584.0839,2396.020975,0.25,4.0,158,35.0,Standard,1
7212,17,52278.454920000004,3075.2032305882353,0.0,4.588235294117647,6,44.0,Silver,0
7213,1,2874.3812,2874.3812,1.0,3.0,103,31.0,Standard,1
7214,3,10819.305830000001,3606.435276666667,0.0,4.0,492,35.0,Gold,1
7215,4,8682.85028,2170.71257,0.25,4.5,331,45.0,Standard,1
7216,1,1481.06856,1481.06856,0.0,3.0,11,20.0,Gold,1
7217,1,2076.48,2076.48,0.0,3.0,463,33.0,Silver,0
7218,4,12070.6076,3017.6519,0.0,5.25,294,33.0,Silver,1
7219,22,173887.43744,7903.974429090909,0.0,3.8636363636363638,37,26.0,Standard,0
7220,12,633138.4884400001,52761.54070333334,0.08333333333333333,3.25,104,33.0,Silver,0
7221,37,444637.1548,12017.2204,0.05405405405405406,3.2972972972972974,3,32.0,Standard,0
7222,1,16960.41762,16960.41762,0.0,5.0,592,28.0,Silver,1
7223,3,123996.26633,41332.088776666664,0.0,5.0,157,37.0,Premium,1
7224,2,6175.119860000001,3087.5599300000003,0.0,4.5,50,38.0,Silver,1
7225,4,33580.363339999996,8395.090834999999,0.0,3.0,27,35.0,Standard,1
7226,1,14292.54834,14292.54834,0.0,3.0,494,30.0,Gold,1
7227,3,14077.47245,4692.490816666666,0.0,4.333333333333333,26,37.0,Silver,1
7230,8,44553.252810000005,5569.156601250001,0.0,3.625,10,26.0,Standard,1
7231,1,2565.01736,2565.01736,0.0,2.0,1024,21.0,Silver,1
7232,4,18326.202340000003,4581.550585000001,0.0,4.5,18,25.0,Silver,0
7234,1,1829.5863000000002,1829.5863000000002,0.0,2.0,43,37.0,Standard,0
7235,40,472799.31669,11819.98291725,0.1,3.95,5,35.0,Standard,0
7237,3,11758.36978,3919.456593333334,0.0,5.0,223,28.0,Standard,0
7238,5,140282.37219999998,28056.474439999998,0.2,2.8,382,27.0,Gold,0
7241,8,79456.78184,9932.09773,0.125,3.0,132,42.0,Silver,1
7243,33,472551.91186999995,14319.754905151514,0.030303030303030304,3.0606060606060606,52,24.0,Standard,0
7245,36,331162.78061,9198.966128055556,0.1111111111111111,4.111111111111111,54,42.0,Gold,0
7246,5,192481.72555,38496.34511,0.2,4.0,20,18.0,Gold,0
7247,1,1457.0278799999999,1457.0278799999999,0.0,4.0,385,28.0,Standard,1
7248,2,8678.8767,4339.43835,0.0,4.5,169,36.0,Standard,0
7249,16,161588.12996000002,10099.258122500001,0.0,3.25,18,41.0,Silver,0
7251,1,1187.5717200000001,1187.5717200000001,0.0,5.0,21,24.0,Standard,1
7252,18,348639.77571,19368.876428333333,0.0,3.5555555555555554,1,35.0,Standard,0
7253,2,11604.02124,5802.01062,0.0,4.5,2,24.0,Standard,0
7255,4,25610.34615,6402.5865375,0.0,2.5,81,30.0,Premium,0
7256,1,1322.18856,1322.18856,0.0,4.0,56,35.0,Gold,1
7257,34,702104.81394,20650.14158647059,0.058823529411764705,3.1470588235294117,3,31.0,Standard,0
7258,1,2298.07088,2298.07088,0.0,2.0,18,42.0,Standard,0
7260,2,2224.5193,1112.25965,0.5,2.5,117,30.0,Silver,1
7261,3,6885.1852,2295.0617333333334,0.0,2.3333333333333335,86,31.0,Standard,1
7262,10,54523.55189,5452.355189,0.0,2.4,25,18.0,Standard,1
7263,3,18907.678859999996,6302.559619999999,0.0,2.6666666666666665,5,43.0,Standard,0
7264,2,9612.29266,4806.14633,0.0,3.0,37,18.0,Gold,1
7265,5,50929.55130000001,10185.91026,0.0,5.0,20,50.0,Standard,0
7266,3,27013.126500000002,9004.3755,0.6666666666666666,2.0,195,18.0,Silver,1
7268,1,3290.16498,3290.16498,0.0,6.0,173,40.0,Silver,1
7269,4,292988.23345999996,73247.05836499999,0.25,2.75,110,43.0,Silver,1
7271,2,126030.21498,63015.10749,0.0,3.5,186,26.0,Standard,0
7272,2,9300.042630000002,4650.021315000001,0.0,2.5,67,43.0,Silver,1
7273,1,5065.42449,5065.42449,0.0,1.0,109,36.0,Gold,1
7274,8,73615.73915000001,9201.967393750001,0.125,2.75,25,24.0,Standard,0
7276,1,3832.5761199999997,3832.5761199999997,0.0,4.0,518,26.0,Standard,1
7277,1,3075.96501,3075.96501,0.0,3.0,447,18.0,Gold,0
7278,4,91421.93630999999,22855.484077499998,0.0,6.25,94,34.0,Silver,1
7279,3,28962.827670000002,9654.27589,0.0,4.333333333333333,178,32.0,Standard,1
7280,5,64668.28834,12933.657668,0.0,4.0,89,18.0,Standard,1
7281,3,8971.58291,2990.5276366666662,0.0,3.6666666666666665,83,30.0,Silver,1
7282,26,322554.54847,12405.944171923076,0.038461538461538464,3.1538461538461537,14,18.0,Silver,0
7283,11,121845.01109,11076.81919,0.09090909090909091,3.5454545454545454,4,43.0,Gold,0
7284,29,298311.65576,10286.608819310344,0.10344827586206896,2.896551724137931,37,26.0,Standard,0
7285,1,7682.43264,7682.43264,0.0,2.0,331,35.0,Silver,1
7286,2,2343.58971,1171.794855,0.0,4.0,1,41.0,Gold,0
7287,22,377685.826,17167.537545454546,0.0,4.363636363636363,28,31.0,Standard,0
7288,1,22810.79688,22810.79688,0.0,4.0,357,36.0,Standard,1
7289,1,7288.516320000001,7288.516320000001,1.0,8.0,292,31.0,Standard,1
7290,2,13955.858240000001,6977.929120000001,0.0,3.0,210,21.0,Standard,1
7291,5,36859.21952,7371.843903999999,0.0,4.0,354,22.0,Gold,1
7293,1,38771.605619999995,38771.605619999995,0.0,2.0,256,34.0,Silver,1
7294,1,5675.8632,5675.8632,0.0,2.0,56,29.0,Gold,0
7295,14,170187.60371,12156.257407857143,0.14285714285714285,3.4285714285714284,65,30.0,Standard,0
7296,9,232955.8296,25883.981066666667,0.0,3.111111111111111,39,29.0,Silver,0
7299,6,170259.01648,28376.502746666665,0.0,3.0,19,41.0,Gold,0
7300,14,185948.95504,13282.068217142858,0.14285714285714285,3.7142857142857144,143,18.0,Standard,1
7302,3,136796.90467999998,45598.96822666666,0.3333333333333333,2.6666666666666665,221,40.0,Standard,1
7303,1,1954.1041100000002,1954.1041100000002,0.0,5.0,497,31.0,Standard,1
7304,3,11535.00294,3845.0009800000003,0.0,4.0,343,22.0,Premium,1
7305,28,471087.7311,16824.561825,0.10714285714285714,3.142857142857143,56,23.0,Silver,0
7306,1,5438.9552,5438.9552,0.0,3.0,254,37.0,Gold,1
7307,6,43202.91504000001,7200.485840000001,0.0,4.166666666666667,102,32.0,Premium,0
7309,1,164208.64944,164208.64944,0.0,2.0,391,28.0,Standard,1
7311,3,4500.58372,1500.1945733333332,0.0,4.0,188,18.0,Silver,1
7312,3,13137.09986,4379.033286666667,0.3333333333333333,5.0,590,23.0,Gold,0
7313,40,475888.96377,11897.22409425,0.15,4.3,1,38.0,Standard,0
7315,2,37224.65096,18612.32548,0.0,4.0,0,32.0,Standard,0
7316,10,174675.64696,17467.564696,0.0,3.8,26,29.0,Standard,0
7317,1,5198.6808,5198.6808,0.0,3.0,78,32.0,Silver,1
7318,39,391505.22563,10038.59552897436,0.10256410256410256,3.8461538461538463,27,43.0,Standard,0
7319,33,652472.95318,19771.90767212121,0.06060606060606061,3.393939393939394,3,36.0,Standard,0
7320,1,170.7914,170.7914,0.0,5.0,11,28.0,Standard,0
7321,3,9187.7863,3062.5954333333334,0.3333333333333333,5.333333333333333,256,19.0,Silver,1
7322,2,394.46790999999996,197.23395499999998,0.0,4.5,42,22.0,Silver,0
7323,4,3293.10984,823.27746,0.0,3.0,182,27.0,Silver,1
7324,1,1341.342,1341.342,0.0,4.0,11,36.0,Standard,0
7325,10,358272.49345999997,35827.249346,0.1,4.4,2,24.0,Premium,0
7326,3,7737.27803,2579.0926766666666,0.0,3.6666666666666665,90,40.0,Standard,0
7327,7,93728.86418,13389.83774,0.2857142857142857,4.285714285714286,11,28.0,Standard,0
7328,3,9719.9475,3239.9825,0.0,4.0,195,34.0,Standard,1
7329,2,65403.160560000004,32701.580280000002,0.0,2.5,267,39.0,Silver,1
7330,1,48050.447199999995,48050.447199999995,0.0,1.0,169,35.0,Premium,0
7331,20,199895.73283999998,9994.786642,0.15,3.95,21,45.0,Standard,0
7332,22,458419.48650000006,20837.249386363637,0.045454545454545456,3.4545454545454546,15,37.0,Premium,0
7333,10,165245.37597999998,16524.537598,0.1,3.8,158,27.0,Standard,1
7334,3,27783.535600000003,9261.178533333334,0.0,3.0,18,42.0,Standard,0
7336,4,13529.55444,3382.38861,0.25,4.0,354,30.0,Standard,0
7337,3,14211.774580000001,4737.258193333334,0.0,4.0,766,25.0,Gold,1
7338,3,97809.58355,32603.194516666666,0.0,6.0,38,18.0,Gold,0
7339,1,5968.30746,5968.30746,0.0,3.0,33,33.0,Standard,0
7340,4,139980.24736,34995.06184,0.0,3.5,52,48.0,Standard,0
7341,4,16368.27532,4092.06883,0.25,2.75,110,24.0,Standard,0
7342,2,8008.801160000001,4004.4005800000004,0.0,4.0,189,26.0,Standard,1
7343,16,536550.50987,33534.406866875,0.0,3.0,30,29.0,Standard,0
7344,3,18332.759579999998,6110.919859999999,0.0,5.0,230,18.0,Silver,1
7347,13,100048.87535,7696.067334615384,0.07692307692307693,4.615384615384615,73,20.0,Standard,0
7348,2,7005.0318800000005,3502.5159400000002,0.0,4.5,189,21.0,Standard,1
7349,3,34212.990419999995,11404.330139999998,0.0,4.0,390,33.0,Gold,1
7350,3,5344.92239,1781.6407966666666,0.0,4.333333333333333,572,29.0,Gold,1
7352,51,534838.22853,10487.02408882353,0.058823529411764705,3.549019607843137,15,18.0,Standard,0
7353,1,10458.89722,10458.89722,0.0,4.0,342,27.0,Silver,1
7354,2,7390.13702,3695.06851,0.0,3.0,190,18.0,Silver,0
7355,3,192287.21026999998,64095.73675666666,0.3333333333333333,3.3333333333333335,105,31.0,Premium,1
7356,1,636.1667800000001,636.1667800000001,0.0,4.0,54,20.0,Silver,0
7357,1,6542.341259999999,6542.341259999999,0.0,4.0,62,30.0,Standard,1
7359,18,182782.65867,10154.592148333333,0.1111111111111111,3.5,9,25.0,Gold,0
7360,4,11825.620530000002,2956.4051325000005,0.0,3.75,413,38.0,Standard,0
7361,5,129576.8076,25915.36152,0.0,2.8,156,27.0,Gold,1
7362,10,79984.50942,7998.450942,0.1,3.3,42,50.0,Standard,0
7363,4,157506.41881,39376.6047025,0.0,3.0,5,44.0,Silver,1
7364,15,164500.17150000003,10966.678100000001,0.13333333333333333,4.666666666666667,12,25.0,Standard,0
7365,11,145515.43481,13228.675891818182,0.0,2.909090909090909,21,26.0,Standard,0
7366,6,144918.47587,24153.079311666665,0.3333333333333333,5.333333333333333,98,22.0,Standard,1
7367,18,278745.73689,15485.874271666667,0.05555555555555555,3.611111111111111,8,24.0,Standard,0
7368,36,345971.81513,9610.328198055555,0.08333333333333333,2.9722222222222223,15,37.0,Premium,0
7369,6,87711.99540000001,14618.665900000002,0.0,3.1666666666666665,18,18.0,Gold,0
7371,2,38333.399280000005,19166.699640000003,0.0,5.0,67,20.0,Silver,1
7372,46,568791.80554,12365.039250869564,0.08695652173913043,3.3043478260869565,34,45.0,Standard,0
7373,1,109378.4323,109378.4323,0.0,2.0,14,26.0,Premium,0
7374,12,79556.08827,6629.674022499999,0.0,4.083333333333333,12,25.0,Standard,0
7376,2,8773.140959999999,4386.570479999999,0.0,4.5,34,30.0,Silver,1
7377,35,469408.61361,13411.674674571428,0.11428571428571428,4.4,2,31.0,Silver,0
7378,1,256.158,256.158,0.0,7.0,516,29.0,Silver,1
7379,2,1420.5828699999997,710.2914349999999,0.0,4.0,84,34.0,Standard,1
7381,22,408680.72633,18576.396651363637,0.045454545454545456,2.8181818181818183,24,29.0,Standard,0
7382,10,177491.96724,17749.196724,0.0,4.6,5,37.0,Standard,0
7385,2,3499.60581,1749.802905,0.0,5.0,151,31.0,Gold,1
7386,1,1382.1013,1382.1013,0.0,1.0,651,33.0,Standard,1
7387,4,33044.849200000004,8261.212300000001,0.0,2.5,25,34.0,Gold,1
7389,1,164857.5724,164857.5724,0.0,3.0,40,27.0,Silver,0
7390,1,1057.5012,1057.5012,0.0,6.0,161,19.0,Standard,0
7391,1,7377.5043,7377.5043,0.0,1.0,14,38.0,Standard,1
7392,1,12937.6142,12937.6142,0.0,3.0,923,43.0,Standard,1
7393,27,508465.99321000004,18832.073822592592,0.1111111111111111,3.925925925925926,6,19.0,Gold,0
7394,3,8096.97683,2698.9922766666664,0.0,2.6666666666666665,270,28.0,Premium,1
7395,4,12951.131730000001,3237.7829325000002,0.0,3.0,121,30.0,Premium,1
7396,9,99304.00821,11033.77869,0.1111111111111111,3.4444444444444446,2,41.0,Premium,0
7397,1,3369.2351000000003,3369.2351000000003,0.0,4.0,992,21.0,Silver,1
7398,7,67321.69920999999,9617.38560142857,0.0,3.2857142857142856,44,36.0,Standard,0
7399,4,5498.63562,1374.658905,0.0,4.75,29,22.0,Standard,1
7400,2,20584.497519999997,10292.248759999999,0.0,2.5,123,36.0,Silver,0
7401,1,6891.59515,6891.59515,0.0,6.0,250,18.0,Standard,1
7402,1,731.03012,731.03012,0.0,4.0,515,28.0,Standard,0
7405,1,7440.650999999999,7440.650999999999,0.0,5.0,290,24.0,Standard,0
7406,1,2600.61308,2600.61308,0.0,4.0,114,38.0,Standard,0
7407,4,93914.03493,23478.5087325,0.0,3.5,31,28.0,Standard,0
7409,1,800.85218,800.85218,0.0,4.0,373,33.0,Standard,0
7410,3,161630.18774000002,53876.72924666668,0.3333333333333333,4.0,567,19.0,Gold,1
7411,12,84807.13079,7067.260899166667,0.08333333333333333,4.166666666666667,2,22.0,Standard,0
7412,31,506500.32894,16338.720288387096,0.06451612903225806,3.4838709677419355,1,30.0,Gold,0
7413,1,8420.05151,8420.05151,0.0,4.0,169,28.0,Gold,1
7414,19,374404.22313,19705.485427894735,0.05263157894736842,2.789473684210526,0,41.0,Standard,0
7416,1,7797.332879999999,7797.332879999999,0.0,5.0,1037,22.0,Premium,1
7418,43,684352.40568,15915.17222511628,0.11627906976744186,4.069767441860465,19,31.0,Silver,0
7419,3,2333.72278,777.9075933333334,0.0,3.6666666666666665,56,31.0,Premium,1
7423,2,8297.74303,4148.871515,0.0,2.5,92,35.0,Standard,1
7424,1,3061.41563,3061.41563,0.0,4.0,334,24.0,Gold,1
7425,2,83116.27457999998,41558.13728999999,0.0,4.5,329,22.0,Standard,1
7427,10,91874.93841,9187.493841,0.1,2.5,0,24.0,Standard,0
7429,3,39153.5448,13051.181600000002,0.0,4.0,123,35.0,Silver,1
7430,2,14906.498280000002,7453.249140000001,0.0,2.0,633,26.0,Standard,1
7431,3,12822.837780000002,4274.27926,0.0,4.666666666666667,184,26.0,Silver,1
7432,2,5215.938389999999,2607.9691949999997,0.0,4.5,189,40.0,Standard,1
7433,1,101742.47153999998,101742.47153999998,0.0,2.0,605,22.0,Silver,1
7434,5,19168.07207,3833.6144139999997,0.0,4.4,0,35.0,Silver,0
7435,1,68980.70075999999,68980.70075999999,0.0,2.0,200,34.0,Standard,0
7436,27,368460.45814,13646.683634814815,0.1111111111111111,4.111111111111111,47,36.0,Standard,0
7437,1,3434.5269,3434.5269,0.0,3.0,167,27.0,Standard,1
7438,7,32695.669020000005,4670.80986,0.14285714285714285,3.7142857142857144,48,25.0,Premium,1
7441,1,3404.4824399999998,3404.4824399999998,0.0,4.0,122,29.0,Standard,1
7442,1,433.17412,433.17412,0.0,4.0,53,22.0,Standard,1
7443,6,14976.62399,2496.1039983333335,0.0,4.833333333333333,63,30.0,Gold,0
7444,7,102823.92231,14689.131758571428,0.0,3.4285714285714284,27,43.0,Gold,1
7445,3,31344.84495,10448.281649999999,0.0,3.0,59,33.0,Standard,1
7446,12,40739.37341,3394.9477841666667,0.0,3.0833333333333335,113,25.0,Premium,0
7447,38,1229376.07187,32352.00189131579,0.05263157894736842,3.3947368421052633,0,26.0,Standard,0
7450,2,3513.69606,1756.84803,0.0,3.0,486,38.0,Standard,1
7452,3,32988.93325,10996.311083333334,0.0,4.0,437,35.0,Standard,1
7454,1,10190.6405,10190.6405,0.0,7.0,93,40.0,Standard,1
7455,1,115.66440000000001,115.66440000000001,0.0,5.0,166,20.0,Standard,1
7456,3,93796.20098000001,31265.40032666667,0.3333333333333333,4.666666666666667,148,28.0,Premium,1
7457,1,12254.009279999998,12254.009279999998,1.0,2.0,284,23.0,Premium,0
7459,1,4135.651800000001,4135.651800000001,0.0,3.0,81,24.0,Standard,0
7460,3,37450.212629999995,12483.404209999999,0.0,4.333333333333333,221,42.0,Standard,1
7462,1,23457.656339999998,23457.656339999998,1.0,4.0,100,18.0,Gold,0
7463,2,10265.529660000002,5132.764830000001,0.0,5.5,115,28.0,Silver,1
7464,2,3587.09984,1793.54992,0.0,5.5,14,31.0,Gold,1
7465,2,3518.19395,1759.096975,0.0,2.5,373,45.0,Silver,1
7466,4,4055.9924599999995,1013.9981149999999,0.0,3.25,49,29.0,Standard,0
7467,2,13511.701219999999,6755.8506099999995,0.5,3.0,165,49.0,Standard,0
7468,3,17659.11896,5886.372986666666,0.0,3.3333333333333335,8,36.0,Gold,1
7469,31,397545.18115,12824.038101612903,0.06451612903225806,3.967741935483871,1,40.0,Premium,0
7470,6,34441.195289999996,5740.199215,0.3333333333333333,4.5,209,35.0,Standard,1
7471,4,13378.54845,3344.6371125,0.25,3.0,168,46.0,Standard,1
7472,3,12458.1638,4152.721266666666,0.0,4.0,8,42.0,Silver,0
7473,23,95300.31682000001,4143.492035652174,0.0,4.173913043478261,27,41.0,Premium,0
7474,4,9921.00306,2480.250765,0.0,3.0,148,18.0,Standard,1
7475,2,2537.2256399999997,1268.6128199999998,0.0,4.0,141,44.0,Gold,1
7476,1,10008.11184,10008.11184,0.0,3.0,135,38.0,Standard,0
7477,6,45545.65382000001,7590.942303333334,0.3333333333333333,3.0,83,37.0,Standard,1
7478,1,1452.6033,1452.6033,0.0,1.0,348,26.0,Standard,1
7480,1,1290.3317100000002,1290.3317100000002,0.0,7.0,395,22.0,Silver,1
7481,2,3201.87576,1600.93788,0.0,3.5,361,39.0,Silver,1
7484,4,9063.3674,2265.84185,0.0,3.25,18,21.0,Silver,0
7485,5,43383.62916,8676.725832,0.0,3.4,109,49.0,Standard,1
7486,21,365410.96521,17400.522152857142,0.047619047619047616,3.9523809523809526,1,26.0,Standard,0
7487,2,5507.373499999999,2753.6867499999994,0.0,3.5,20,23.0,Standard,0
7488,14,101207.15944999999,7229.082817857142,0.0,3.5,19,34.0,Standard,0
7489,19,666733.01937,35091.211545789476,0.0,4.684210526315789,9,41.0,Silver,0
7490,4,324110.9358,81027.73395,0.0,2.5,46,32.0,Standard,1
7492,31,809767.22277,26121.52331516129,0.0,4.548387096774194,1,36.0,Silver,0
7493,3,4936.209559999999,1645.4031866666664,0.0,3.6666666666666665,188,18.0,Standard,0
7494,8,137736.57079,17217.07134875,0.0,3.625,51,32.0,Silver,0
7496,8,179539.34625000003,22442.418281250004,0.0,3.5,227,30.0,Gold,0
7497,7,32293.39278,4613.341825714286,0.14285714285714285,2.4285714285714284,185,18.0,Gold,1
7498,1,648.63942,648.63942,0.0,5.0,108,21.0,Standard,0
7499,2,2406.63195,1203.315975,0.0,3.0,172,27.0,Silver,0
7500,5,16135.658169999999,3227.131634,0.0,3.0,99,35.0,Standard,0
7501,9,103371.08189000002,11485.675765555558,0.0,3.0,28,19.0,Standard,0
7502,25,173277.51495,6931.100598000001,0.04,4.4,48,24.0,Standard,0
7504,9,178285.66786,19809.51865111111,0.0,3.111111111111111,59,38.0,Standard,0
7506,17,143410.13043,8435.890025294117,0.11764705882352941,3.8823529411764706,14,36.0,Premium,0
7507,3,12292.623,4097.541,0.0,3.6666666666666665,192,31.0,Standard,1
7508,3,15473.48277,5157.82759,0.3333333333333333,4.0,229,18.0,Standard,1
7509,2,3151.8536400000003,1575.9268200000001,0.5,4.5,46,18.0,Standard,1
7510,5,136153.03121000002,27230.606242,0.0,3.0,34,30.0,Standard,0
7511,6,129434.50724,21572.417873333336,0.0,2.6666666666666665,395,33.0,Gold,1
7512,12,96849.26832,8070.77236,0.08333333333333333,2.6666666666666665,192,25.0,Silver,1
7513,3,8489.907360000001,2829.96912,0.0,4.0,73,35.0,Silver,1
7514,4,159290.98154,39822.745385,0.0,2.75,102,41.0,Gold,0
7516,1,19355.4522,19355.4522,0.0,7.0,156,42.0,Standard,0
7517,25,403780.83511000004,16151.233404400002,0.04,3.16,6,39.0,Standard,0
7518,2,2699.21238,1349.60619,0.0,4.5,27,29.0,Standard,1
7519,8,107655.75066,13456.9688325,0.0,3.625,38,28.0,Standard,1
7520,2,3971.69078,1985.84539,0.0,3.0,16,27.0,Gold,1
7521,7,19641.09217,2805.87031,0.14285714285714285,2.4285714285714284,68,35.0,Gold,1
7523,7,86128.13242,12304.018917142856,0.14285714285714285,3.0,11,61.0,Silver,0
7524,1,737.4458400000001,737.4458400000001,0.0,3.0,278,33.0,Standard,0
7525,1,351.84985,351.84985,0.0,3.0,173,29.0,Silver,0
7526,2,1226.29094,613.14547,0.0,5.5,197,29.0,Standard,1
7527,2,12906.412859999999,6453.206429999999,0.0,3.5,267,36.0,Standard,1
7528,35,450021.44503,12857.755572285714,0.08571428571428572,3.6,36,33.0,Silver,0
7529,2,6546.660960000001,3273.3304800000005,0.0,2.5,81,36.0,Standard,1
7530,3,158052.95218,52684.31739333333,0.0,3.0,172,37.0,Standard,1
7531,2,9189.497,4594.7485,0.5,2.5,116,26.0,Gold,1
7532,2,7602.70127,3801.350635,0.0,2.5,893,34.0,Standard,1
7533,38,272138.62805,7161.542843421053,0.13157894736842105,3.3421052631578947,24,34.0,Standard,0
7534,1,1407.86996,1407.86996,0.0,5.0,29,31.0,Standard,1
7535,7,158780.84952999998,22682.97850428571,0.14285714285714285,4.285714285714286,6,21.0,Premium,0
7536,1,12606.385880000002,12606.385880000002,0.0,7.0,35,26.0,Standard,1
7537,3,224372.88996,74790.96332,0.0,4.333333333333333,24,28.0,Silver,0
7538,1,4449.8068299999995,4449.8068299999995,0.0,2.0,109,47.0,Silver,1
7539,2,44737.45896,22368.72948,0.0,4.0,5,53.0,Standard,1
7540,11,123147.34958000001,11195.21359818182,0.09090909090909091,3.0,11,43.0,Standard,0
7541,1,2079.8022,2079.8022,0.0,3.0,943,41.0,Silver,1
7542,12,25752.318489999998,2146.026540833333,0.0,2.6666666666666665,68,41.0,Silver,0
7543,11,132934.25431999998,12084.932210909088,0.0,3.909090909090909,51,31.0,Standard,0
7544,7,80832.74005,11547.534292857143,0.0,3.5714285714285716,229,27.0,Standard,1
7545,15,181405.20357,12093.680238,0.0,3.0,34,26.0,Silver,0
7546,34,381494.90623,11220.438418529413,0.029411764705882353,4.470588235294118,10,21.0,Silver,0
7548,30,372528.76021,12417.625340333332,0.03333333333333333,3.6333333333333333,22,40.0,Gold,0
7549,6,31323.04631,5220.507718333333,0.0,3.5,52,22.0,Silver,0
7550,1,2600.4536,2600.4536,0.0,3.0,804,39.0,Standard,1
7551,6,15892.122270000002,2648.687045,0.0,5.5,23,31.0,Silver,0
7552,2,3713.12278,1856.56139,0.0,2.0,382,18.0,Silver,0
7554,2,7510.834460000001,3755.4172300000005,0.0,2.0,39,21.0,Standard,1
7555,3,19930.05485,6643.351616666667,0.3333333333333333,3.3333333333333335,15,30.0,Standard,0
7556,10,56093.775270000006,5609.377527000001,0.3,3.9,12,18.0,Silver,1
7557,6,92338.8592,15389.809866666668,0.16666666666666666,3.1666666666666665,13,36.0,Standard,0
7558,9,238433.74198,26492.637997777776,0.1111111111111111,2.7777777777777777,103,32.0,Standard,1
7559,1,4034.93462,4034.93462,0.0,3.0,668,48.0,Premium,1
7561,1,264227.59212000004,264227.59212000004,0.0,5.0,408,42.0,Gold,1
7562,2,68252.52467999999,34126.262339999994,0.5,3.0,587,29.0,Standard,1
7563,3,13390.47954,4463.49318,0.0,4.0,445,30.0,Standard,1
7564,30,565160.74108,18838.69136933333,0.1,4.133333333333334,34,18.0,Premium,0
7566,2,1652.5753,826.28765,0.0,4.5,86,47.0,Gold,1
7567,2,45689.3181,22844.65905,0.5,3.5,100,32.0,Standard,1
7568,1,576.8639999999999,576.8639999999999,0.0,4.0,458,21.0,Standard,1
7569,5,4434.91837,886.9836740000001,0.0,5.0,205,33.0,Gold,1
7570,38,279489.94054,7354.998435263157,0.07894736842105263,3.0,29,33.0,Silver,0
7571,4,79992.12212,19998.03053,0.0,2.75,170,26.0,Silver,0
7572,39,563353.59296,14444.963922051284,0.10256410256410256,3.8205128205128207,9,23.0,Standard,0
7573,2,2036.63992,1018.31996,0.0,3.5,25,30.0,Gold,0
7574,3,11022.47626,3674.158753333333,0.0,3.3333333333333335,202,27.0,Standard,1
7575,1,6035.94996,6035.94996,0.0,5.0,426,35.0,Silver,1
7576,3,66653.30756999999,22217.769189999995,0.0,4.333333333333333,169,41.0,Standard,1
7577,36,319527.55720000004,8875.765477777779,0.1388888888888889,3.3333333333333335,54,34.0,Silver,0
7578,5,139556.05078999998,27911.210157999994,0.0,2.4,62,36.0,Standard,0
7581,6,29201.52428,4866.920713333334,0.0,3.3333333333333335,11,36.0,Standard,0
7583,8,15060.19992,1882.52499,0.0,2.25,20,32.0,Standard,1
7584,1,2939.80924,2939.80924,0.0,3.0,6,44.0,Gold,1
7585,6,231260.10283,38543.350471666665,0.0,3.6666666666666665,168,26.0,Standard,1
7586,1,533.10972,533.10972,0.0,5.0,1,31.0,Standard,0
7589,2,1964.37204,982.18602,0.0,4.0,247,23.0,Silver,1
7590,3,109744.41479,36581.47159666666,0.0,3.6666666666666665,340,18.0,Silver,1
7591,3,3627.0079,1209.0026333333333,0.0,2.6666666666666665,58,35.0,Standard,0
7592,36,462567.83781,12849.106605833333,0.027777777777777776,4.305555555555555,3,41.0,Silver,0
7593,31,632479.18541,20402.554368064517,0.06451612903225806,3.064516129032258,25,33.0,Standard,0
7594,16,388947.7195,24309.23246875,0.125,3.75,19,31.0,Standard,0
7595,3,22738.40106,7579.46702,0.3333333333333333,3.3333333333333335,7,46.0,Premium,1
7597,3,116547.96930999999,38849.32310333333,0.0,3.3333333333333335,31,31.0,Silver,0
7598,1,34153.24113,34153.24113,0.0,6.0,143,18.0,Silver,0
7599,1,2067.69536,2067.69536,0.0,3.0,2,26.0,Standard,1
7600,2,24696.54205,12348.271025,0.0,4.5,294,40.0,Standard,1
7601,3,21808.85485,7269.618283333333,0.0,4.333333333333333,79,21.0,Premium,1
7602,1,2571.3388200000004,2571.3388200000004,0.0,4.0,224,39.0,Standard,1
7603,37,512256.13912,13844.760516756756,0.08108108108108109,4.108108108108108,5,29.0,Standard,0
7604,45,373329.88198,8296.219599555556,0.044444444444444446,4.466666666666667,12,30.0,Standard,0
7605,17,145383.74951,8551.985265294117,0.11764705882352941,4.0588235294117645,0,18.0,Silver,0
7606,3,12227.91746,4075.972486666667,0.3333333333333333,2.6666666666666665,7,26.0,Gold,0
7608,1,557.41895,557.41895,0.0,3.0,456,23.0,Standard,1
7609,17,452878.09106,26639.887709411763,0.17647058823529413,4.294117647058823,21,25.0,Premium,0
7610,2,10954.102739999998,5477.051369999999,0.0,2.0,359,25.0,Standard,1
7611,1,3096.01962,3096.01962,0.0,8.0,38,21.0,Gold,0
7612,1,7940.734689999999,7940.734689999999,0.0,5.0,315,32.0,Standard,1
7613,6,64627.57719,10771.262865,0.16666666666666666,3.1666666666666665,152,22.0,Silver,1
7614,1,1998.0064799999998,1998.0064799999998,0.0,4.0,260,31.0,Standard,1
7615,2,1971.87008,985.93504,0.0,4.5,58,28.0,Standard,0
7616,4,40582.66782,10145.666955,0.0,4.5,274,35.0,Standard,1
7617,2,2133.43788,1066.71894,0.0,3.0,283,26.0,Standard,1
7618,1,2674.3201200000003,2674.3201200000003,0.0,1.0,856,25.0,Standard,1
7619,2,23413.34014,11706.67007,0.0,4.5,442,36.0,Silver,1
7620,1,5606.30474,5606.30474,0.0,4.0,306,55.0,Standard,1
7621,1,299293.555,299293.555,0.0,4.0,716,33.0,Standard,1
7623,1,348.2748,348.2748,0.0,4.0,25,18.0,Standard,1
7624,40,539069.61371,13476.74034275,0.0,4.25,34,20.0,Standard,0
7625,1,28882.916970000002,28882.916970000002,0.0,2.0,0,33.0,Standard,0
7626,3,11234.353060000001,3744.784353333334,0.0,3.3333333333333335,49,25.0,Silver,1
7627,1,196.67087999999998,196.67087999999998,0.0,4.0,60,27.0,Standard,0
7628,3,11468.11246,3822.7041533333336,0.0,4.0,18,35.0,Standard,1
7631,5,7388.77901,1477.7558020000001,0.0,4.8,23,37.0,Standard,1
7632,5,81113.84959,16222.769918,0.2,2.6,70,24.0,Gold,1
7633,11,187004.88004999998,17000.44364090909,0.09090909090909091,3.272727272727273,65,36.0,Standard,1
7634,2,1102.61304,551.30652,0.0,2.0,8,41.0,Standard,1
7635,34,691399.46224,20335.27830117647,0.058823529411764705,3.411764705882353,33,45.0,Standard,0
7636,1,2260.90696,2260.90696,0.0,8.0,60,28.0,Gold,0
7637,4,52223.22973,13055.8074325,0.0,4.25,52,37.0,Standard,1
7638,4,9130.85121,2282.7128025,0.0,2.25,22,29.0,Standard,1
7639,1,3897.74854,3897.74854,1.0,5.0,27,23.0,Standard,0
7640,4,93719.87005999999,23429.967514999997,0.0,4.25,199,33.0,Silver,1
7641,9,256846.51909999998,28538.50212222222,0.0,2.6666666666666665,49,46.0,Standard,0
7642,1,1366.31326,1366.31326,0.0,3.0,1040,18.0,Silver,1
7644,2,14851.47348,7425.73674,0.0,4.5,44,38.0,Standard,0
7647,1,1654.51776,1654.51776,0.0,3.0,511,35.0,Gold,0
7648,7,33229.204450000005,4747.029207142858,0.0,4.142857142857143,15,34.0,Silver,1
7649,7,53585.38991,7655.055701428571,0.14285714285714285,4.285714285714286,13,23.0,Standard,1
7650,4,9883.466480000001,2470.8666200000002,0.25,5.25,119,32.0,Gold,0
7651,2,2913.5831099999996,1456.7915549999998,1.0,4.5,374,37.0,Standard,1
7653,16,77609.05376000001,4850.565860000001,0.125,3.625,38,18.0,Standard,0
7654,3,39659.53189,13219.843963333333,0.0,3.6666666666666665,11,48.0,Silver,1
7655,6,10977.15292,1829.5254866666667,0.0,3.6666666666666665,145,33.0,Silver,1
7656,2,15831.57408,7915.78704,0.0,2.5,42,52.0,Standard,1
7657,4,144548.3492,36137.0873,0.0,3.75,23,33.0,Silver,0
7658,25,553882.12405,22155.284961999998,0.12,4.4,15,36.0,Standard,0
7659,28,932978.7773600001,33320.670620000004,0.07142857142857142,3.607142857142857,2,18.0,Standard,0
7661,5,35771.75185,7154.35037,0.0,2.6,54,26.0,Silver,0
7662,13,438486.45752000005,33729.727501538466,0.0,4.3076923076923075,28,29.0,Standard,0
7663,13,346787.68319000007,26675.975630000004,0.07692307692307693,3.1538461538461537,34,28.0,Standard,0
7664,3,12381.5356,4127.178533333333,0.6666666666666666,4.333333333333333,130,31.0,Standard,1
7665,23,639449.2988100001,27802.143426521743,0.08695652173913043,3.608695652173913,41,18.0,Silver,0
7666,1,2255.5053000000003,2255.5053000000003,0.0,3.0,24,28.0,Gold,1
7667,1,3234.16908,3234.16908,0.0,4.0,109,18.0,Standard,0
7668,3,9652.82481,3217.60827,0.0,2.6666666666666665,137,36.0,Standard,0
7670,1,248342.47679999997,248342.47679999997,0.0,2.0,52,33.0,Standard,0
7671,39,899418.63647,23062.01631974359,0.07692307692307693,4.358974358974359,5,24.0,Gold,0
7672,17,245463.96695,14439.056879411764,0.0,4.0588235294117645,17,20.0,Standard,0
7673,3,6507.08935,2169.0297833333334,0.0,3.3333333333333335,32,40.0,Standard,1
7674,3,18960.68971,6320.229903333333,0.0,3.0,103,32.0,Standard,0
7675,4,6463.260980000001,1615.8152450000002,0.0,4.5,19,31.0,Standard,1
7676,25,270033.1047,10801.324188,0.0,4.44,25,36.0,Standard,0
7677,2,43711.543119999995,21855.771559999997,0.5,3.5,279,23.0,Silver,1
7678,3,28508.94863,9502.982876666667,0.3333333333333333,4.333333333333333,204,26.0,Gold,1
7679,9,293643.79391,32627.088212222225,0.1111111111111111,3.4444444444444446,134,32.0,Standard,1
7681,3,8690.734429999999,2896.911476666666,0.0,5.333333333333333,188,18.0,Premium,1
7682,2,18227.357879999996,9113.678939999998,0.0,2.0,129,28.0,Silver,0
7685,1,3789.0089399999997,3789.0089399999997,0.0,4.0,164,27.0,Standard,1
7686,8,23045.577210000003,2880.6971512500004,0.25,3.625,21,31.0,Silver,0
7690,1,1311.06924,1311.06924,0.0,5.0,657,34.0,Gold,1
7692,2,48737.176719999996,24368.588359999998,0.0,2.0,412,31.0,Silver,1
7693,3,10997.6514,3665.8838,0.0,3.6666666666666665,36,40.0,Standard,1
7694,1,1481.6658000000002,1481.6658000000002,0.0,5.0,50,40.0,Standard,0
7695,1,3068.1741599999996,3068.1741599999996,0.0,4.0,7,36.0,Standard,0
7697,9,39086.24329,4342.915921111111,0.0,4.666666666666667,25,31.0,Standard,0
7699,12,225610.32757000002,18800.860630833336,0.0,3.1666666666666665,87,18.0,Standard,0
7700,1,802.55456,802.55456,1.0,4.0,301,33.0,Gold,1
7701,3,7415.88562,2471.961873333333,0.0,4.0,0,18.0,Gold,0
7702,4,20720.24386,5180.060965,0.0,5.0,66,40.0,Silver,0
7703,2,5814.0502,2907.0251,0.0,3.5,226,18.0,Standard,1
7704,3,15367.01142,5122.3371400000005,0.0,3.0,194,31.0,Standard,1
7705,2,21050.22666,10525.11333,0.0,3.5,200,23.0,Silver,1
7707,2,2403.7236700000003,1201.8618350000002,0.5,2.5,137,27.0,Standard,1
7708,2,34538.13562000001,17269.067810000004,0.0,3.0,120,18.0,Standard,1
7709,3,11526.372640000001,3842.124213333334,0.0,2.3333333333333335,83,30.0,Silver,0
7710,10,53458.85883,5345.885883,0.0,3.6,10,38.0,Standard,0
7711,2,41339.1861,20669.59305,0.5,3.0,142,40.0,Silver,0
7712,1,713.4891500000001,713.4891500000001,0.0,4.0,355,29.0,Silver,1
7713,16,300719.29439,18794.955899375,0.125,4.625,67,18.0,Standard,1
7714,5,32330.843,6466.1686,0.0,4.6,18,26.0,Silver,1
7715,4,53273.24064,13318.31016,0.0,1.75,52,22.0,Standard,0
7716,2,8331.547089999998,4165.773544999999,0.0,6.5,33,40.0,Standard,0
7717,2,7832.02754,3916.01377,0.5,1.5,245,37.0,Silver,1
7718,4,44485.60021999999,11121.400054999998,0.25,5.0,493,35.0,Standard,0
7719,3,15569.702659999999,5189.900886666666,0.0,2.6666666666666665,125,26.0,Silver,1
7720,1,873.42684,873.42684,0.0,2.0,221,22.0,Standard,0
7721,3,6469.70586,2156.56862,0.0,4.333333333333333,365,57.0,Silver,1
7722,2,8931.07825,4465.539125,0.0,4.0,137,20.0,Standard,1
7723,1,202.45368,202.45368,0.0,2.0,172,18.0,Standard,1
7724,2,5249.36472,2624.68236,0.0,2.0,229,37.0,Standard,1
7725,35,405761.31463000004,11593.180418000002,0.08571428571428572,3.2857142857142856,24,18.0,Standard,0
7727,1,9616.65582,9616.65582,0.0,4.0,13,51.0,Silver,0
7728,2,31879.062819999996,15939.531409999998,0.0,3.5,183,36.0,Standard,0
7730,4,24310.71396,6077.67849,0.0,3.0,34,34.0,Standard,0
7731,5,141367.26314999998,28273.452629999996,0.0,3.2,111,31.0,Standard,0
7732,1,423.91563,423.91563,0.0,1.0,81,35.0,Gold,1
7733,7,48799.70926,6971.3870371428575,0.14285714285714285,3.5714285714285716,98,29.0,Standard,0
7734,3,10290.605189999998,3430.2017299999993,0.3333333333333333,6.0,264,19.0,Silver,0
7735,1,7849.42086,7849.42086,0.0,4.0,354,32.0,Standard,0
7736,1,5120.2177599999995,5120.2177599999995,0.0,3.0,47,31.0,Standard,1
7737,3,12754.31607,4251.43869,0.0,3.6666666666666665,63,40.0,Standard,1
7738,4,47767.41546,11941.853865,0.0,4.25,123,31.0,Standard,1
7740,18,305035.06688999996,16946.392604999997,0.05555555555555555,3.5555555555555554,60,36.0,Standard,0
7742,6,50988.70135,8498.116891666667,0.3333333333333333,2.8333333333333335,236,40.0,Standard,0
7743,2,18426.163650000002,9213.081825000001,0.0,4.0,220,27.0,Gold,0
7744,5,59632.47714,11926.495428,0.0,3.2,201,27.0,Standard,1
7745,9,51463.93963,5718.215514444444,0.0,3.6666666666666665,40,28.0,Standard,0
7746,9,143361.81079000002,15929.09008777778,0.2222222222222222,2.7777777777777777,5,37.0,Standard,0
7747,1,1522.35375,1522.35375,0.0,4.0,537,35.0,Silver,1
7748,40,426346.55043,10658.66376075,0.0,4.3,12,53.0,Standard,0
7749,11,28318.34569,2574.3950627272725,0.0,3.6363636363636362,1,24.0,Standard,0
7750,19,272885.51624,14362.395591578948,0.0,3.3157894736842106,66,26.0,Standard,0
7751,2,6081.6534,3040.8267,0.0,5.0,17,22.0,Standard,1
7752,1,752.74842,752.74842,0.0,3.0,346,28.0,Premium,1
7753,9,53019.39053,5891.043392222222,0.1111111111111111,3.2222222222222223,19,32.0,Standard,0
7754,4,26387.60069,6596.9001725,0.25,3.75,35,34.0,Standard,0
7755,5,56027.871739999995,11205.574347999998,0.0,4.4,1,33.0,Standard,0
7756,4,14895.18006,3723.795015,0.0,4.0,153,36.0,Silver,1
7757,1,116491.22099999999,116491.22099999999,0.0,4.0,64,28.0,Standard,0
7760,39,436730.45793000003,11198.21687,0.1282051282051282,3.41025641025641,2,28.0,Standard,0
7761,1,6028.614799999999,6028.614799999999,0.0,5.0,24,23.0,Standard,1
7762,1,569.2035,569.2035,1.0,2.0,18,44.0,Standard,0
7763,6,106488.21549999999,17748.035916666664,0.0,3.6666666666666665,5,42.0,Standard,1
7765,8,37079.96674,4634.9958425,0.0,3.25,13,41.0,Standard,0
7766,1,5254.96378,5254.96378,0.0,4.0,69,36.0,Silver,0
7767,2,20936.06364,10468.03182,0.0,4.0,415,42.0,Standard,1
7768,3,2660.45441,886.8181366666666,0.0,2.6666666666666665,86,22.0,Silver,0
7769,1,1665.90876,1665.90876,0.0,5.0,454,24.0,Standard,1
7771,1,2802.4986000000004,2802.4986000000004,0.0,3.0,129,36.0,Gold,0
7772,2,6408.43683,3204.218415,0.5,4.0,87,34.0,Standard,1
7773,3,2105.3113200000003,701.7704400000001,0.3333333333333333,2.6666666666666665,101,34.0,Standard,0
7774,4,233316.03506999998,58329.008767499996,0.0,5.0,74,37.0,Silver,0
7775,1,1958.3065600000002,1958.3065600000002,0.0,1.0,137,37.0,Standard,0
7776,1,2161.98648,2161.98648,0.0,4.0,8,30.0,Standard,0
7777,1,1282.00996,1282.00996,0.0,1.0,66,31.0,Gold,1
7778,6,42478.254369999995,7079.709061666666,0.0,3.3333333333333335,11,39.0,Standard,0
7779,3,3561.58823,1187.1960766666666,0.0,4.333333333333333,304,32.0,Standard,1
7780,2,2231.5773900000004,1115.7886950000002,0.0,3.0,29,27.0,Standard,1
7782,3,127084.52480000001,42361.50826666667,0.0,3.6666666666666665,42,32.0,Premium,1
7783,6,95614.81995,15935.803325,0.16666666666666666,4.0,219,35.0,Silver,0
7784,3,120574.95459000001,40191.65153,0.0,5.333333333333333,195,18.0,Standard,0
7785,3,11222.59822,3740.866073333333,0.0,4.0,131,30.0,Standard,1
7786,2,24952.21288,12476.10644,0.0,5.0,47,24.0,Standard,1
7787,3,11634.99152,3878.3305066666667,0.0,4.0,98,18.0,Standard,1
7788,33,563452.1271200001,17074.306882424244,0.09090909090909091,3.0,0,23.0,Silver,0
7789,4,6095.536749999999,1523.8841874999998,0.25,4.0,23,45.0,Gold,0
7790,1,118.4234,118.4234,0.0,4.0,19,40.0,Silver,0
7791,3,11033.47522,3677.8250733333334,0.0,4.0,254,31.0,Silver,1
7792,1,6872.34432,6872.34432,0.0,3.0,4,35.0,Silver,0
7794,2,551.6003400000001,275.80017000000004,0.0,1.5,79,22.0,Premium,1
7795,5,142252.90473,28450.580946000002,0.0,3.8,133,39.0,Standard,1
7798,8,116877.05257,14609.63157125,0.0,3.875,22,26.0,Silver,1
7799,35,445216.71103,12720.477458,0.02857142857142857,4.628571428571429,0,26.0,Gold,0
7800,2,2038.42732,1019.21366,0.0,3.5,36,22.0,Gold,1
7801,1,3208.50414,3208.50414,0.0,6.0,258,20.0,Standard,1
7803,39,583386.00052,14958.615397948717,0.02564102564102564,3.1538461538461537,6,31.0,Standard,0
7804,2,3102.0922,1551.0461,0.0,2.5,55,36.0,Premium,1
7805,6,57502.786340000006,9583.797723333335,0.0,3.1666666666666665,4,48.0,Gold,0
7806,25,782447.57296,31297.9029184,0.08,3.28,8,33.0,Gold,0
7807,7,98033.13470000001,14004.73352857143,0.14285714285714285,5.285714285714286,0,54.0,Standard,0
7808,5,29395.084759999998,5879.016952,0.0,5.0,11,26.0,Standard,1
7810,3,5937.17771,1979.0592366666667,0.3333333333333333,5.0,429,39.0,Standard,1
7811,10,232677.55987000003,23267.755987000004,0.0,4.5,29,33.0,Standard,1
7814,1,534.1920299999999,534.1920299999999,0.0,2.0,388,36.0,Gold,1
7815,2,12286.097440000001,6143.048720000001,0.5,2.5,113,27.0,Gold,1
7816,6,10450.560950000001,1741.7601583333335,0.0,3.3333333333333335,32,25.0,Standard,0
7818,37,455072.36048000003,12299.252985945946,0.02702702702702703,4.135135135135135,2,21.0,Standard,0
7819,11,35019.60579,3183.6005263636366,0.2727272727272727,3.3636363636363638,55,25.0,Standard,0
7820,1,2780.88032,2780.88032,0.0,2.0,342,36.0,Standard,0
7822,1,593.58592,593.58592,0.0,2.0,506,21.0,Standard,1
7823,1,1264.35868,1264.35868,1.0,5.0,290,24.0,Gold,1
7824,2,2811.6332,1405.8166,0.0,2.5,36,27.0,Standard,1
7825,2,5307.4274000000005,2653.7137000000002,0.0,5.0,48,43.0,Gold,1
7827,1,3349.3954,3349.3954,0.0,8.0,920,25.0,Standard,1
7828,3,17157.0922,5719.030733333333,0.0,2.3333333333333335,317,22.0,Silver,0
7829,39,659198.12116,16902.515927179487,0.02564102564102564,4.102564102564102,19,20.0,Silver,0
7830,2,8440.56858,4220.28429,0.0,4.0,186,24.0,Silver,0
7831,8,404861.76397,50607.72049625,0.0,4.0,47,41.0,Standard,0
7832,2,18024.3782,9012.1891,0.0,5.0,48,48.0,Standard,0
7833,1,2348.73972,2348.73972,0.0,4.0,623,23.0,Standard,1
7834,2,23341.86993,11670.934965,0.0,5.0,38,22.0,Standard,1
7835,6,132223.35119999998,22037.225199999997,0.0,2.3333333333333335,48,34.0,Silver,0
7837,4,5979.12485,1494.7812125,0.0,2.5,60,36.0,Standard,1
7838,2,12108.13794,6054.06897,0.0,3.0,1158,23.0,Standard,1
7840,1,564.2538000000001,564.2538000000001,0.0,4.0,138,18.0,Standard,1
7843,32,419584.38113,13112.0119103125,0.0625,3.25,18,21.0,Standard,0
7844,1,947.8999199999998,947.8999199999998,0.0,6.0,138,34.0,Standard,0
7845,3,21560.3144,7186.771466666666,0.0,2.6666666666666665,89,18.0,Standard,1
7847,3,20004.123320000002,6668.0411066666675,0.0,3.3333333333333335,139,48.0,Silver,1
7848,1,234.9633,234.9633,0.0,5.0,176,43.0,Gold,1
7849,2,28932.237979999998,14466.118989999999,0.0,3.5,322,26.0,Silver,1
7850,13,165688.63107,12745.279313076924,0.15384615384615385,3.6923076923076925,15,27.0,Standard,0
7851,3,57732.19042,19244.06347333333,0.0,3.3333333333333335,60,18.0,Premium,1
7852,3,3887.81652,1295.93884,0.0,3.3333333333333335,246,18.0,Standard,1
7854,3,36491.924119999996,12163.974706666666,0.3333333333333333,2.0,58,25.0,Gold,1
7856,2,41756.5237,20878.26185,0.5,2.5,267,27.0,Gold,1
7857,1,658.09236,658.09236,0.0,4.0,13,26.0,Standard,1
7858,2,3597.0138599999996,1798.5069299999998,0.0,4.5,70,34.0,Standard,0
7859,3,9904.06916,3301.3563866666664,0.0,3.0,140,42.0,Standard,1
7860,44,593873.0376200001,13497.114491363638,0.045454545454545456,3.227272727272727,8,36.0,Silver,0
7861,1,1492.04322,1492.04322,0.0,4.0,70,21.0,Standard,0
7864,6,28164.949470000003,4694.1582450000005,0.16666666666666666,4.166666666666667,35,38.0,Gold,1
7865,10,188615.45084,18861.545084,0.1,3.2,4,39.0,Standard,0
7867,3,8412.7984,2804.266133333333,0.0,3.0,19,32.0,Standard,1
7868,10,535767.51266,53576.751266,0.1,4.7,13,22.0,Gold,0
7872,23,743651.93793,32332.69295347826,0.17391304347826086,4.434782608695652,1,39.0,Standard,0
7874,1,3340.83684,3340.83684,0.0,5.0,434,31.0,Silver,1
7875,1,97962.05484000001,97962.05484000001,0.0,1.0,748,30.0,Silver,1
7876,7,118124.34757,16874.906795714287,0.14285714285714285,3.7142857142857144,22,18.0,Standard,1
7877,35,221522.88979000002,6329.225422571429,0.0,3.857142857142857,0,37.0,Standard,0
7878,3,20676.6443,6892.214766666667,0.3333333333333333,3.3333333333333335,68,46.0,Standard,1
7879,28,448171.90679,16006.139528214286,0.07142857142857142,4.464285714285714,12,32.0,Standard,0
7880,4,35047.116500000004,8761.779125000001,0.0,3.5,167,24.0,Standard,0
7881,1,84.38004,84.38004,0.0,3.0,318,34.0,Silver,1
7883,18,236777.85822,13154.325456666666,0.05555555555555555,3.888888888888889,147,23.0,Standard,0
7884,2,59564.31141999999,29782.155709999995,0.0,4.5,23,22.0,Standard,1
7885,2,22367.91674,11183.95837,0.5,3.5,43,26.0,Standard,1
7886,1,10752.47825,10752.47825,0.0,1.0,713,39.0,Standard,1
7887,15,85458.16712,5697.211141333333,0.0,3.1333333333333333,114,37.0,Silver,1
7888,7,48443.85574,6920.5508199999995,0.0,3.142857142857143,23,19.0,Standard,0
7889,3,95162.07403999999,31720.691346666663,0.0,3.0,1,32.0,Standard,1
7890,4,114109.26843,28527.3171075,0.0,4.0,4,25.0,Standard,1
7891,2,34941.23566,17470.61783,0.0,1.0,61,21.0,Standard,0
7892,3,12639.483340000002,4213.1611133333345,0.0,3.6666666666666665,91,27.0,Silver,1
7895,6,40434.80205,6739.133675,0.0,2.6666666666666665,11,35.0,Silver,0
7896,6,97089.57512000001,16181.595853333334,0.16666666666666666,4.166666666666667,249,49.0,Silver,0
7897,9,73088.81513,8120.979458888889,0.1111111111111111,3.2222222222222223,39,24.0,Standard,0
7898,1,3296.57625,3296.57625,0.0,3.0,29,31.0,Silver,0
7899,21,192775.81813,9179.800863333334,0.047619047619047616,3.142857142857143,72,24.0,Silver,0
7900,2,5457.19394,2728.59697,0.0,4.5,162,33.0,Standard,1
7901,2,164321.30528,82160.65264,0.0,3.0,455,31.0,Standard,1
7902,3,7774.52218,2591.5073933333333,0.0,2.6666666666666665,91,57.0,Standard,0
7905,1,3969.49168,3969.49168,0.0,6.0,77,33.0,Silver,1
7907,2,10352.40262,5176.20131,0.0,3.5,103,34.0,Standard,1
7909,1,1469.48333,1469.48333,0.0,3.0,118,24.0,Standard,1
7911,7,34842.08756,4977.44108,0.14285714285714285,3.857142857142857,15,35.0,Standard,0
7912,2,2237.39579,1118.697895,0.0,5.0,30,18.0,Standard,1
7913,1,10479.83796,10479.83796,0.0,3.0,230,45.0,Standard,1
7914,4,9045.80998,2261.452495,0.5,4.25,64,46.0,Silver,0
7915,7,27866.99961,3980.9999442857143,0.0,3.142857142857143,2,19.0,Standard,1
7917,6,250567.25425,41761.20904166667,0.0,5.166666666666667,19,39.0,Silver,1
7918,3,43864.94769,14621.64923,0.0,5.333333333333333,315,26.0,Silver,0
7919,1,603.0892200000001,603.0892200000001,0.0,4.0,171,36.0,Standard,0
7920,2,86792.95896999999,43396.479484999996,0.0,4.0,7,35.0,Silver,1
7921,4,47897.279,11974.31975,0.25,3.5,85,27.0,Standard,1
7922,5,27455.32286,5491.064572,0.4,5.4,15,29.0,Standard,0
7923,4,217991.92952,54497.98238,0.0,4.25,930,40.0,Silver,1
7924,11,183150.87757,16650.07977909091,0.0,3.5454545454545454,229,25.0,Silver,0
7925,1,525.48086,525.48086,0.0,2.0,18,43.0,Premium,0
7926,1,2158.95931,2158.95931,0.0,5.0,228,18.0,Standard,0
7927,20,267841.83338,13392.091669000001,0.05,4.85,71,29.0,Standard,1
7928,1,6380.277819999999,6380.277819999999,0.0,3.0,61,37.0,Standard,1
7929,1,4175.636729999999,4175.636729999999,1.0,3.0,137,18.0,Standard,0
7930,2,3272.74846,1636.37423,0.0,2.5,105,26.0,Standard,0
7931,11,54246.92545,4931.538677272728,0.09090909090909091,3.6363636363636362,161,19.0,Silver,0
7932,3,5862.3581,1954.1193666666668,0.0,4.0,249,29.0,Standard,1
7933,20,719173.60839,35958.6804195,0.15,4.15,80,35.0,Standard,0
7934,1,297.80625000000003,297.80625000000003,0.0,4.0,1284,32.0,Standard,1
7935,2,6536.7765899999995,3268.3882949999997,0.0,3.0,10,23.0,Standard,0
7936,2,1945.76344,972.88172,0.0,1.0,61,21.0,Premium,1
7938,1,4314.51249,4314.51249,0.0,2.0,307,40.0,Silver,1
7940,1,891.952,891.952,0.0,5.0,35,23.0,Gold,0
7942,3,2459.01837,819.67279,0.3333333333333333,3.3333333333333335,18,35.0,Standard,1
7943,2,9422.23688,4711.11844,0.0,4.5,151,41.0,Gold,1
7944,9,145321.95419000002,16146.883798888892,0.0,4.555555555555555,1,31.0,Standard,0
7945,5,22818.37746,4563.675492,0.4,4.2,225,38.0,Standard,1
7946,3,88789.52605999999,29596.508686666664,0.0,3.3333333333333335,753,23.0,Gold,0
7947,40,819872.8595799999,20496.8214895,0.05,2.775,0,18.0,Standard,0
7948,1,3934.8468,3934.8468,0.0,3.0,245,24.0,Standard,1
7949,5,160095.64051,32019.128102,0.0,3.8,104,31.0,Gold,1
7950,3,119110.17779999999,39703.3926,0.0,3.6666666666666665,5,29.0,Gold,0
7951,1,11592.0896,11592.0896,0.0,5.0,712,35.0,Silver,1
7952,27,1057154.09106,39153.85522444444,0.0,4.0,25,46.0,Premium,0
7953,1,2874.56222,2874.56222,0.0,3.0,547,34.0,Standard,1
7954,4,170168.41172,42542.10293,0.0,3.0,20,27.0,Standard,0
7955,1,8959.804799999998,8959.804799999998,0.0,5.0,174,31.0,Standard,1
7956,1,2740.6196999999997,2740.6196999999997,0.0,4.0,239,37.0,Standard,0
7958,2,30560.912710000004,15280.456355000002,0.0,1.5,454,33.0,Standard,1
7960,1,1773.9551999999999,1773.9551999999999,0.0,3.0,331,18.0,Standard,1
7961,2,8654.38728,4327.19364,0.0,3.0,541,18.0,Premium,1
7965,7,196713.74070999998,28101.962958571425,0.14285714285714285,4.571428571428571,122,19.0,Standard,0
7966,13,60055.56612,4619.658932307692,0.15384615384615385,4.384615384615385,31,34.0,Standard,0
7967,2,2895.3322,1447.6661,0.0,3.5,206,37.0,Standard,1
7968,5,26885.7918,5377.158359999999,0.2,2.6,220,30.0,Silver,1
7969,2,11203.79188,5601.89594,0.0,5.0,342,48.0,Premium,1
7970,3,78026.79084,26008.93028,0.3333333333333333,4.666666666666667,261,41.0,Standard,0
7971,2,5124.223859999999,2562.1119299999996,0.0,5.0,790,23.0,Standard,1
7972,1,77.87519999999999,77.87519999999999,0.0,5.0,291,29.0,Standard,1
7976,4,11379.788059999999,2844.9470149999997,0.0,2.0,7,20.0,Standard,0
7977,2,61253.71924,30626.85962,0.0,4.5,31,22.0,Gold,0
7978,1,5350.010120000001,5350.010120000001,0.0,2.0,19,32.0,Standard,1
7979,2,18287.15985,9143.579925,0.0,3.0,7,25.0,Silver,0
7980,3,40974.430120000005,13658.143373333334,0.0,3.6666666666666665,62,24.0,Standard,1
7981,1,1743.0838800000001,1743.0838800000001,0.0,4.0,17,24.0,Silver,0
7982,23,232574.89582,10111.951992173914,0.13043478260869565,3.217391304347826,8,35.0,Standard,0
7983,4,4421.08695,1105.2717375,0.0,2.5,12,44.0,Standard,0
7984,1,3353.233,3353.233,0.0,3.0,67,35.0,Premium,1
7985,1,48998.37234,48998.37234,0.0,2.0,55,39.0,Standard,1
7986,3,42277.42974,14092.47658,0.0,3.0,9,42.0,Gold,0
7987,32,521269.04889,16289.6577778125,0.03125,3.34375,7,28.0,Standard,0
7988,1,8132.395199999999,8132.395199999999,0.0,2.0,24,35.0,Standard,1
7989,1,83.6201,83.6201,0.0,3.0,279,38.0,Standard,1
7990,12,106421.64951999999,8868.470793333332,0.0,3.0,126,21.0,Standard,1
7991,7,54346.40368,7763.771954285715,0.2857142857142857,3.2857142857142856,21,22.0,Gold,0
7992,2,65208.92197,32604.460985,0.5,5.0,139,38.0,Silver,1
7993,4,23679.224100000003,5919.806025000001,0.25,3.5,183,34.0,Gold,1
7994,4,22495.513460000002,5623.8783650000005,0.0,4.0,120,27.0,Standard,1
7995,6,13752.28356,2292.04726,0.0,3.8333333333333335,3,18.0,Standard,0
7996,6,36347.39783,6057.899638333333,0.0,2.5,60,44.0,Standard,1
7998,3,36244.83844,12081.612813333333,0.3333333333333333,4.666666666666667,318,31.0,Standard,1
8000,3,71768.08574000001,23922.69524666667,0.0,2.3333333333333335,80,27.0,Standard,1
